2024-11-06 20:34:51,973 - INFO - Found image for Science et Technique, Sciences de la Santé: https://knowledgehub.iphce.org/wp-content/uploads/2021/04/Science-et-Technique-Sciences-de-la-Sante.jpg
2024-11-06 20:34:55,664 - WARNING - Failed to download image for journal: Science et Technique, Sciences de la Santé - Status code: 404
2024-11-06 20:34:56,786 - INFO - Found image for African Anthropologist: https://www.ajol.info/public/journals/136/homepageImage_en_US.png
2024-11-06 20:35:03,628 - INFO - Image saved for journal: African Anthropologist
2024-11-06 20:35:04,977 - INFO - Found image for Cameroon Journal of Agricultural Science: https://www.ajol.info/public/journals/253/homepageImage.gif
2024-11-06 20:35:06,352 - INFO - Image saved for journal: Cameroon Journal of Agricultural Science
2024-11-06 20:35:07,232 - INFO - Found image for Cameroon Journal of Experimental Biology: https://www.ajol.info/public/journals/285/homepageImage.JPG
2024-11-06 20:35:08,300 - INFO - Image saved for journal: Cameroon Journal of Experimental Biology
2024-11-06 20:35:09,588 - INFO - Found image for Clinics in Mother and Child Health: https://lookaside.fbsbx.com/lookaside/crawler/media/?media_id=100063681026934
2024-11-06 20:35:10,237 - INFO - Image saved for journal: Clinics in Mother and Child Health
2024-11-06 20:35:11,325 - INFO - Found image for International Journal of Biological and Chemical Sciences: https://www.ajol.info/public/journals/314/homepageImage.jpg
2024-11-06 20:35:12,363 - INFO - Image saved for journal: International Journal of Biological and Chemical Sciences
2024-11-06 20:35:13,396 - INFO - Found image for Investigational Medicinal Chemistry and Pharmacology: https://www.ajol.info/public/journals/616/homepageImage_en_US.png
2024-11-06 20:35:15,983 - INFO - Image saved for journal: Investigational Medicinal Chemistry and Pharmacology
2024-11-06 20:35:16,958 - INFO - Found image for Journal of the Cameroon Academy of Sciences: https://www.ajol.info/public/journals/93/homepageImage_en_US.png
2024-11-06 20:35:21,883 - INFO - Image saved for journal: Journal of the Cameroon Academy of Sciences
2024-11-06 20:35:22,794 - INFO - Found image for Revue Africaine de Chirurgie et Spécialités: https://www.ajol.info/public/journals/443/homepageImage_en_US.jpg
2024-11-06 20:35:23,875 - INFO - Image saved for journal: Revue Africaine de Chirurgie et Spécialités
2024-11-06 20:35:24,842 - INFO - Found image for Journal of the Cameroon Academy of Sciences: https://www.ajol.info/public/journals/93/homepageImage_en_US.png
2024-11-22 20:11:42,081 - INFO - Found image for Science et Technique, Sciences de la Santé: https://knowledgehub.iphce.org/wp-content/uploads/2021/04/Science-et-Technique-Sciences-de-la-Sante.jpg
2024-11-22 20:11:45,938 - WARNING - Failed to download image for journal: Science et Technique, Sciences de la Santé - Status code: 404
2024-11-22 20:11:47,100 - INFO - Found image for African Journal of Sustainable Development: https://www.un.org/osaa/sites/www.un.org.osaa/files/confirmed_reworked_94_3_9.9.24.png
2024-11-22 20:11:48,427 - WARNING - Failed to download image for journal: African Journal of Sustainable Development - Status code: 403
2024-11-22 20:11:49,529 - INFO - Found image for International Journal of Medicine and Biomedical Research: https://ijmr.com.ua/web/images/cover.jpg
2024-11-22 20:11:51,010 - WARNING - Failed to download image for journal: International Journal of Medicine and Biomedical Research - Status code: 403
2024-11-22 20:11:52,312 - INFO - Found image for International Journal of Tropical Agriculture and Food Systems: https://foodsystemsjournal.org/public/journals/1/homepageImage_en_US.jpg
2024-11-22 20:11:53,549 - ERROR - Error saving image for journal International Journal of Tropical Agriculture and Food Systems: HTTPSConnectionPool(host='foodsystemsjournal.org', port=443): Max retries exceeded with url: /public/journals/1/homepageImage_en_US.jpg (Caused by SSLError(SSLCertVerificationError(1, '[SSL: CERTIFICATE_VERIFY_FAILED] certificate verify failed: unable to get local issuer certificate (_ssl.c:1000)')))
2024-11-22 20:11:54,978 - INFO - Found image for Journal of Meteorology and Climate Science: https://rmets.onlinelibrary.wiley.com/pb-assets/hub-assets/rmets/images/IJOC-SOUK-2023-banner-1721964787817.png
2024-11-22 20:11:55,262 - WARNING - Failed to download image for journal: Journal of Meteorology and Climate Science - Status code: 403
2024-11-22 20:11:56,409 - INFO - Found image for Journal of Mining and Geology: https://www.opastpublishers.com/content/flyers/journal-of-geology--mining-flyer.jpg
2024-11-22 20:11:58,565 - WARNING - Failed to download image for journal: Journal of Mining and Geology - Status code: 406
2024-11-22 20:11:59,785 - INFO - Found image for Journal of Pharmacy & Bioresources: https://onlinelibrary.wiley.com/cover/20427174
2024-11-22 20:12:00,012 - WARNING - Failed to download image for journal: Journal of Pharmacy & Bioresources - Status code: 403
2024-11-22 20:12:01,421 - INFO - Found image for Journal of the Nigerian Association of Mathematical Physics: http://nampjournals.org/wp-content/uploads/2022/07/Journal-cover-PNG.png
2024-11-22 20:12:02,965 - WARNING - Failed to download image for journal: Journal of the Nigerian Association of Mathematical Physics - Status code: 412
2024-11-22 20:12:04,217 - INFO - Found image for Nigerian Journal of Soil Science: https://www.soilsjournalnigeria.com/wp-content/uploads/2018/05/journal-cover.jpg
2024-11-22 20:12:06,448 - WARNING - Failed to download image for journal: Nigerian Journal of Soil Science - Status code: 406
2024-11-22 20:12:07,590 - INFO - Found image for Orient Journal of Medicine: https://orientjom.org.ng/public/journals/1/cover_issue_6_en_US.jpg
2024-11-22 20:12:10,195 - WARNING - Failed to download image for journal: Orient Journal of Medicine - Status code: 406
2024-11-22 20:12:11,484 - INFO - Found image for Plant Products Research Journal: https://journals.sagepub.com/cms/10.1177/NPXA_19_11/asset/192c2c4f-cf19-c2c4-8cf1-2c2c4f8cf192/cover.jpg
2024-11-22 20:12:11,856 - WARNING - Failed to download image for journal: Plant Products Research Journal - Status code: 403
2024-11-22 20:12:13,300 - INFO - Found image for Tropical Journal of Obstetrics and Gynaecology: https://journalgurus.com/admin-panel/public/site/images/admin@journalgurus.com/tropjong-x1.png
2024-11-22 20:12:15,439 - WARNING - Failed to download image for journal: Tropical Journal of Obstetrics and Gynaecology - Status code: 406
2024-11-22 20:12:16,803 - INFO - Found image for Acta Theologica: https://upload.wikimedia.org/wikipedia/en/3/38/Acta_Theologica_cover.jpg
2024-11-22 20:12:18,221 - WARNING - Failed to download image for journal: Acta Theologica - Status code: 403
2024-11-22 20:12:19,354 - INFO - Found image for African Zoology: https://www.tandfonline.com/action/showCoverImage?doi=10.1080/tafz20.v059.i02
2024-11-22 20:12:19,703 - WARNING - Failed to download image for journal: African Zoology - Status code: 403
2024-11-22 20:12:20,898 - INFO - Found image for Current Writing: Text and Reception in Southern Africa: https://www.tandfonline.com/action/showCoverImage?doi=10.1080/rcwr20.v036.i01
2024-11-22 20:12:21,160 - WARNING - Failed to download image for journal: Current Writing: Text and Reception in Southern Africa - Status code: 403
2024-11-22 20:12:22,517 - INFO - Found image for Indo-Pacific Journal of Phenomenology: https://www.tandfonline.com/doi/cover-img/10.1080/ripj20
2024-11-22 20:12:22,645 - WARNING - Failed to download image for journal: Indo-Pacific Journal of Phenomenology - Status code: 403
2024-11-22 20:12:23,748 - INFO - Found image for Journal for Language Teaching: https://www.academypublication.com/jltr/jltr.jpg
2024-11-22 20:12:25,594 - WARNING - Failed to download image for journal: Journal for Language Teaching - Status code: 406
2024-11-22 20:12:27,187 - INFO - Found image for Journal for the Study of Religion: https://upload.wikimedia.org/wikipedia/en/a/ab/Journal_for_the_Study_of_Religion.jpg
2024-11-22 20:12:29,150 - WARNING - Failed to download image for journal: Journal for the Study of Religion - Status code: 403
2024-11-22 20:12:30,200 - INFO - Found image for Journal of Child and Adolescent Mental Health: https://www.tandfonline.com/action/showCoverImage?journalCode=rcmh20
2024-11-22 20:12:30,487 - WARNING - Failed to download image for journal: Journal of Child and Adolescent Mental Health - Status code: 403
2024-11-22 20:12:32,057 - INFO - Found image for Journal of Psychology in Africa: https://www.tandfonline.com/doi/cover-img/10.1080/rpia20
2024-11-22 20:12:32,324 - WARNING - Failed to download image for journal: Journal of Psychology in Africa - Status code: 403
2024-11-22 20:12:33,686 - INFO - Found image for Journal of the Musical Arts in Africa: https://www.tandfonline.com/action/showCoverImage?doi=10.1080/rmaa20.v019.i01-02
2024-11-22 20:12:33,853 - WARNING - Failed to download image for journal: Journal of the Musical Arts in Africa - Status code: 403
2024-11-22 20:12:34,812 - INFO - Found image for Philosophical Papers: https://www.tandfonline.com/action/showCoverImage?journalCode=rppa20
2024-11-22 20:12:35,127 - WARNING - Failed to download image for journal: Philosophical Papers - Status code: 403
2024-11-22 20:12:36,056 - INFO - Found image for Libyan Journal of Medicine: https://www.tandfonline.com/doi/cover-img/10.1080/zljm20
2024-11-22 20:12:36,330 - WARNING - Failed to download image for journal: Libyan Journal of Medicine - Status code: 403
2024-11-22 20:12:37,468 - INFO - Found image for Quaestiones Mathematicae: https://www.tandfonline.com/action/showCoverImage?doi=10.1080/tqma20.v047.i10
2024-11-22 20:12:37,863 - WARNING - Failed to download image for journal: Quaestiones Mathematicae - Status code: 403
2024-11-22 20:12:39,209 - INFO - Found image for Research in Hospitality Management: https://www.tandfonline.com/action/showCoverImage?doi=10.1080/rrhm20.v014.i01
2024-11-22 20:12:39,380 - WARNING - Failed to download image for journal: Research in Hospitality Management - Status code: 403
2024-11-22 20:12:40,241 - INFO - Found image for SAHARA-J: Journal of Social Aspects of HIV/AIDS: https://www.tandfonline.com/doi/cover-img/10.1080/rsah20
2024-11-22 20:12:40,357 - WARNING - Failed to download image for journal: SAHARA-J: Journal of Social Aspects of HIV/AIDS - Status code: 403
2024-11-22 20:12:41,358 - INFO - Found image for South African Gastroenterology Review: https://journals.co.za/cms/asset/5f217ecc-6c64-4e93-86ec-653a6f05dd7a/default_cover.jpg
2024-11-22 20:12:41,846 - WARNING - Failed to download image for journal: South African Gastroenterology Review - Status code: 403
2024-11-22 20:12:43,234 - INFO - Found image for South African Journal of Clinical Nutrition: https://www.tandfonline.com/cms/asset/bb75e4cc-0e5d-4848-b96b-c72db0d4b659/ojcn20.v037.i03.cover.jpg
2024-11-22 20:12:43,631 - WARNING - Failed to download image for journal: South African Journal of Clinical Nutrition - Status code: 403
2024-11-22 20:12:44,841 - INFO - Found image for South African Journal of Higher Education: https://journals.co.za/cms/asset/0cdbf055-f784-4004-9ef5-025a1bd9198c/default_cover.jpg
2024-11-22 20:12:45,085 - WARNING - Failed to download image for journal: South African Journal of Higher Education - Status code: 403
2024-11-22 20:12:46,300 - INFO - Found image for South African Journal of Plant and Soil: https://www.tandfonline.com/doi/cover-img/10.1080/tjps20.v040.i04-05
2024-11-22 20:12:46,721 - WARNING - Failed to download image for journal: South African Journal of Plant and Soil - Status code: 403
2024-11-22 20:12:47,508 - INFO - Found image for Southern African Journal of Anaesthesia and Analgesia: https://www.tandfonline.com/doi/cover-img/10.1080/ojaa20.v025.i01
2024-11-22 20:12:47,610 - WARNING - Failed to download image for journal: Southern African Journal of Anaesthesia and Analgesia - Status code: 403
2024-11-22 20:12:48,803 - INFO - Found image for Bulletin of Animal Health and Production in Africa: https://www.au-ibar.org/sites/default/files/inline-images/Call-for-submission-of-abstracts_Feed-and-Fodder-Edition_600px-X-400px_0.png
2024-11-22 20:12:49,268 - WARNING - Failed to download image for journal: Bulletin of Animal Health and Production in Africa - Status code: 404
2024-11-22 20:12:50,837 - INFO - Found image for East African Agricultural and Forestry Journal: https://www.tandfonline.com/doi/cover-img/10.1080/teaf20
2024-11-22 20:12:51,029 - WARNING - Failed to download image for journal: East African Agricultural and Forestry Journal - Status code: 403
2024-11-22 20:12:52,929 - INFO - Found image for Journal of Agriculture, Science and Technology - JKUAT: https://ojs.jkuat.ac.ke/public/journals/1/cover_issue_32_en_US.png
2024-11-22 20:12:53,057 - ERROR - Error saving image for journal Journal of Agriculture, Science and Technology - JKUAT: HTTPSConnectionPool(host='ojs.jkuat.ac.ke', port=443): Max retries exceeded with url: /public/journals/1/cover_issue_32_en_US.png (Caused by SSLError(SSLCertVerificationError(1, '[SSL: CERTIFICATE_VERIFY_FAILED] certificate verify failed: unable to get local issuer certificate (_ssl.c:1000)')))
2024-11-22 20:12:54,163 - INFO - Found image for Journal of Applied Biosciences: https://www.m.elewa.org/Journals/wp-content/uploads/2018/12/Journal-of-Applied-Biosciences-cover-page-724x1024.jpg
2024-11-22 20:12:55,704 - WARNING - Failed to download image for journal: Journal of Applied Biosciences - Status code: 406
2024-11-22 20:12:57,026 - INFO - Found image for Ethiopian Journal of Economics: https://eea-et.org/wp-content/uploads/2024/03/EJE-800x800.png
2024-11-22 20:13:05,024 - WARNING - Failed to download image for journal: Ethiopian Journal of Economics - Status code: 403
2024-11-22 20:13:05,939 - INFO - Found image for Ghana Journal of Linguistics: https://laghana.org/gjl/public/journals/1/cover_issue_28_en_US.png
2024-11-22 20:13:07,444 - ERROR - Error saving image for journal Ghana Journal of Linguistics: HTTPSConnectionPool(host='laghana.org', port=443): Max retries exceeded with url: /gjl/public/journals/1/cover_issue_28_en_US.png (Caused by SSLError(SSLCertVerificationError(1, '[SSL: CERTIFICATE_VERIFY_FAILED] certificate verify failed: certificate has expired (_ssl.c:1000)')))
2024-11-22 20:13:08,299 - INFO - Found image for Research Review of the Institute of African Studies: https://www.ajol.info/public/journals/133/homepageImage.gif
2024-11-22 20:25:59,573 - INFO - Found image for Science et Technique, Sciences de la Santé: https://knowledgehub.iphce.org/wp-content/uploads/2021/04/Science-et-Technique-Sciences-de-la-Sante.jpg
2024-11-22 20:26:00,808 - WARNING - Failed to download image for journal: Science et Technique, Sciences de la Santé - Status code: 404
2024-11-22 20:26:01,619 - INFO - Found image for African Journal of Sustainable Development: https://www.un.org/osaa/sites/www.un.org.osaa/files/confirmed_reworked_94_3_9.9.24.png
2024-11-22 20:26:03,568 - WARNING - Failed to download image for journal: African Journal of Sustainable Development - Status code: 403
2024-11-22 20:26:05,104 - INFO - Found image for International Journal of Medicine and Biomedical Research: https://ijmr.com.ua/web/images/cover.jpg
2024-11-22 20:26:07,863 - WARNING - Failed to download image for journal: International Journal of Medicine and Biomedical Research - Status code: 403
2024-11-22 20:26:08,788 - INFO - Found image for International Journal of Tropical Agriculture and Food Systems: https://foodsystemsjournal.org/public/journals/1/homepageImage_en_US.jpg
2024-11-22 20:26:09,714 - ERROR - Error saving image for journal International Journal of Tropical Agriculture and Food Systems: HTTPSConnectionPool(host='foodsystemsjournal.org', port=443): Max retries exceeded with url: /public/journals/1/homepageImage_en_US.jpg (Caused by SSLError(SSLCertVerificationError(1, '[SSL: CERTIFICATE_VERIFY_FAILED] certificate verify failed: unable to get local issuer certificate (_ssl.c:1000)')))
2024-11-22 20:26:10,635 - INFO - Found image for Journal of Meteorology and Climate Science: https://rmets.onlinelibrary.wiley.com/pb-assets/hub-assets/rmets/images/IJOC-SOUK-2023-banner-1721964787817.png
2024-11-22 20:26:10,771 - WARNING - Failed to download image for journal: Journal of Meteorology and Climate Science - Status code: 403
2024-11-22 20:26:11,714 - INFO - Found image for Journal of Mining and Geology: https://www.opastpublishers.com/content/flyers/journal-of-geology--mining-flyer.jpg
2024-11-22 20:26:12,781 - WARNING - Failed to download image for journal: Journal of Mining and Geology - Status code: 406
2024-11-22 20:26:13,704 - INFO - Found image for Journal of Pharmacy & Bioresources: https://onlinelibrary.wiley.com/cover/20427174
2024-11-22 20:26:13,829 - WARNING - Failed to download image for journal: Journal of Pharmacy & Bioresources - Status code: 403
2024-11-22 20:26:14,931 - INFO - Found image for Journal of the Nigerian Association of Mathematical Physics: http://nampjournals.org/wp-content/uploads/2022/07/Journal-cover-PNG.png
2024-11-22 20:26:15,952 - WARNING - Failed to download image for journal: Journal of the Nigerian Association of Mathematical Physics - Status code: 412
2024-11-22 20:26:16,880 - INFO - Found image for Nigerian Journal of Soil Science: https://www.soilsjournalnigeria.com/wp-content/uploads/2018/05/journal-cover.jpg
2024-11-22 20:26:18,108 - WARNING - Failed to download image for journal: Nigerian Journal of Soil Science - Status code: 406
2024-11-22 20:26:19,030 - INFO - Found image for Orient Journal of Medicine: https://orientjom.org.ng/public/journals/1/cover_issue_6_en_US.jpg
2024-11-22 20:26:21,794 - WARNING - Failed to download image for journal: Orient Journal of Medicine - Status code: 406
2024-11-22 20:26:23,327 - INFO - Found image for Plant Products Research Journal: https://journals.sagepub.com/cms/10.1177/NPXA_19_11/asset/192c2c4f-cf19-c2c4-8cf1-2c2c4f8cf192/cover.jpg
2024-11-22 20:26:23,459 - WARNING - Failed to download image for journal: Plant Products Research Journal - Status code: 403
2024-11-22 20:26:24,964 - INFO - Found image for Tropical Journal of Obstetrics and Gynaecology: https://journalgurus.com/admin-panel/public/site/images/admin@journalgurus.com/tropjong-x1.png
2024-11-22 20:26:25,924 - WARNING - Failed to download image for journal: Tropical Journal of Obstetrics and Gynaecology - Status code: 406
2024-11-22 20:26:27,322 - INFO - Found image for Acta Theologica: https://upload.wikimedia.org/wikipedia/en/3/38/Acta_Theologica_cover.jpg
2024-11-22 20:26:28,251 - WARNING - Failed to download image for journal: Acta Theologica - Status code: 403
2024-11-22 20:26:29,065 - INFO - Found image for African Zoology: https://www.tandfonline.com/action/showCoverImage?doi=10.1080/tafz20.v059.i02
2024-11-22 20:26:29,581 - WARNING - Failed to download image for journal: African Zoology - Status code: 403
2024-11-22 20:26:30,498 - INFO - Found image for Current Writing: Text and Reception in Southern Africa: https://www.tandfonline.com/action/showCoverImage?doi=10.1080/rcwr20.v036.i01
2024-11-22 20:26:30,695 - WARNING - Failed to download image for journal: Current Writing: Text and Reception in Southern Africa - Status code: 403
2024-11-22 20:26:31,727 - INFO - Found image for Indo-Pacific Journal of Phenomenology: https://www.tandfonline.com/doi/cover-img/10.1080/ripj20
2024-11-22 20:26:31,900 - WARNING - Failed to download image for journal: Indo-Pacific Journal of Phenomenology - Status code: 403
2024-11-22 20:26:33,159 - INFO - Found image for Journal for Language Teaching: https://www.academypublication.com/jltr/jltr.jpg
2024-11-22 20:26:34,522 - WARNING - Failed to download image for journal: Journal for Language Teaching - Status code: 406
2024-11-22 20:26:35,297 - INFO - Found image for Journal for the Study of Religion: https://upload.wikimedia.org/wikipedia/en/a/ab/Journal_for_the_Study_of_Religion.jpg
2024-11-22 20:26:36,088 - WARNING - Failed to download image for journal: Journal for the Study of Religion - Status code: 403
2024-11-22 20:26:37,154 - INFO - Found image for Journal of Child and Adolescent Mental Health: https://www.tandfonline.com/action/showCoverImage?journalCode=rcmh20
2024-11-22 20:26:37,367 - WARNING - Failed to download image for journal: Journal of Child and Adolescent Mental Health - Status code: 403
2024-11-22 20:26:38,282 - INFO - Found image for Journal of Psychology in Africa: https://www.tandfonline.com/doi/cover-img/10.1080/rpia20
2024-11-22 20:26:38,468 - WARNING - Failed to download image for journal: Journal of Psychology in Africa - Status code: 403
2024-11-22 20:26:39,608 - INFO - Found image for Journal of the Musical Arts in Africa: https://www.tandfonline.com/action/showCoverImage?doi=10.1080/rmaa20.v019.i01-02
2024-11-22 20:26:39,757 - WARNING - Failed to download image for journal: Journal of the Musical Arts in Africa - Status code: 403
2024-11-22 20:26:40,738 - INFO - Found image for Philosophical Papers: https://www.tandfonline.com/action/showCoverImage?journalCode=rppa20
2024-11-22 20:26:40,888 - WARNING - Failed to download image for journal: Philosophical Papers - Status code: 403
2024-11-22 20:26:41,965 - INFO - Found image for Libyan Journal of Medicine: https://www.tandfonline.com/doi/cover-img/10.1080/zljm20
2024-11-22 20:26:42,104 - WARNING - Failed to download image for journal: Libyan Journal of Medicine - Status code: 403
2024-11-22 20:26:43,194 - INFO - Found image for Quaestiones Mathematicae: https://www.tandfonline.com/action/showCoverImage?doi=10.1080/tqma20.v047.i10
2024-11-22 20:26:43,299 - WARNING - Failed to download image for journal: Quaestiones Mathematicae - Status code: 403
2024-11-22 20:26:44,222 - INFO - Found image for Research in Hospitality Management: https://www.tandfonline.com/action/showCoverImage?doi=10.1080/rrhm20.v014.i01
2024-11-22 20:26:44,347 - WARNING - Failed to download image for journal: Research in Hospitality Management - Status code: 403
2024-11-22 20:26:45,347 - INFO - Found image for SAHARA-J: Journal of Social Aspects of HIV/AIDS: https://www.tandfonline.com/doi/cover-img/10.1080/rsah20
2024-11-22 20:26:45,495 - WARNING - Failed to download image for journal: SAHARA-J: Journal of Social Aspects of HIV/AIDS - Status code: 403
2024-11-22 20:26:46,886 - INFO - Found image for South African Gastroenterology Review: https://journals.co.za/cms/asset/5f217ecc-6c64-4e93-86ec-653a6f05dd7a/default_cover.jpg
2024-11-22 20:26:47,008 - WARNING - Failed to download image for journal: South African Gastroenterology Review - Status code: 403
2024-11-22 20:26:48,329 - INFO - Found image for South African Journal of Clinical Nutrition: https://www.tandfonline.com/cms/asset/bb75e4cc-0e5d-4848-b96b-c72db0d4b659/ojcn20.v037.i03.cover.jpg
2024-11-22 20:26:48,528 - WARNING - Failed to download image for journal: South African Journal of Clinical Nutrition - Status code: 403
2024-11-22 20:26:49,429 - INFO - Found image for South African Journal of Higher Education: https://journals.co.za/cms/asset/0cdbf055-f784-4004-9ef5-025a1bd9198c/default_cover.jpg
2024-11-22 20:26:49,629 - WARNING - Failed to download image for journal: South African Journal of Higher Education - Status code: 403
2024-11-22 20:26:50,585 - INFO - Found image for South African Journal of Plant and Soil: https://www.tandfonline.com/doi/cover-img/10.1080/tjps20.v040.i04-05
2024-11-22 20:26:50,738 - WARNING - Failed to download image for journal: South African Journal of Plant and Soil - Status code: 403
2024-11-22 20:26:51,692 - INFO - Found image for Southern African Journal of Anaesthesia and Analgesia: https://www.tandfonline.com/doi/cover-img/10.1080/ojaa20.v025.i01
2024-11-22 20:26:51,859 - WARNING - Failed to download image for journal: Southern African Journal of Anaesthesia and Analgesia - Status code: 403
2024-11-22 20:26:52,927 - INFO - Found image for Bulletin of Animal Health and Production in Africa: https://www.au-ibar.org/sites/default/files/inline-images/Call-for-submission-of-abstracts_Feed-and-Fodder-Edition_600px-X-400px_0.png
2024-11-22 20:26:53,946 - WARNING - Failed to download image for journal: Bulletin of Animal Health and Production in Africa - Status code: 404
2024-11-22 20:26:54,975 - INFO - Found image for East African Agricultural and Forestry Journal: https://www.tandfonline.com/doi/cover-img/10.1080/teaf20
2024-11-22 20:26:55,123 - WARNING - Failed to download image for journal: East African Agricultural and Forestry Journal - Status code: 403
2024-11-22 20:26:56,101 - INFO - Found image for Journal of Agriculture, Science and Technology - JKUAT: https://ojs.jkuat.ac.ke/public/journals/1/cover_issue_32_en_US.png
2024-11-22 20:26:56,187 - ERROR - Error saving image for journal Journal of Agriculture, Science and Technology - JKUAT: HTTPSConnectionPool(host='ojs.jkuat.ac.ke', port=443): Max retries exceeded with url: /public/journals/1/cover_issue_32_en_US.png (Caused by SSLError(SSLCertVerificationError(1, '[SSL: CERTIFICATE_VERIFY_FAILED] certificate verify failed: unable to get local issuer certificate (_ssl.c:1000)')))
2024-11-22 20:26:57,016 - INFO - Found image for Journal of Applied Biosciences: https://www.m.elewa.org/Journals/wp-content/uploads/2018/12/Journal-of-Applied-Biosciences-cover-page-724x1024.jpg
2024-11-22 20:26:58,965 - WARNING - Failed to download image for journal: Journal of Applied Biosciences - Status code: 406
2024-11-22 20:26:59,891 - INFO - Found image for Ethiopian Journal of Economics: https://eea-et.org/wp-content/uploads/2024/03/EJE-800x800.png
2024-11-22 20:27:01,728 - WARNING - Failed to download image for journal: Ethiopian Journal of Economics - Status code: 403
2024-11-22 20:27:02,856 - INFO - Found image for Ghana Journal of Linguistics: https://laghana.org/gjl/public/journals/1/cover_issue_28_en_US.png
2024-11-22 20:27:03,781 - ERROR - Error saving image for journal Ghana Journal of Linguistics: HTTPSConnectionPool(host='laghana.org', port=443): Max retries exceeded with url: /gjl/public/journals/1/cover_issue_28_en_US.png (Caused by SSLError(SSLCertVerificationError(1, '[SSL: CERTIFICATE_VERIFY_FAILED] certificate verify failed: certificate has expired (_ssl.c:1000)')))
2024-11-22 20:27:05,106 - INFO - Found image for Research Review of the Institute of African Studies: https://www.ajol.info/public/journals/133/homepageImage.gif
2024-11-22 20:27:07,377 - INFO - Image saved for journal: Research Review of the Institute of African Studies
2024-11-22 20:27:08,283 - INFO - Found image for Studies in Gender and Development in Africa: https://m.media-amazon.com/images/I/71Sm234FsQL._AC_UF1000,1000_QL80_.jpg
2024-11-22 20:27:09,525 - INFO - Image saved for journal: Studies in Gender and Development in Africa
2024-11-22 20:27:10,435 - INFO - Found image for African Journal of Accounting and Social Science Studies: https://www.ajol.info/public/journals/622/homepageImage_en_US.png
2024-11-22 20:27:13,067 - INFO - Image saved for journal: African Journal of Accounting and Social Science Studies
2024-11-22 20:27:13,817 - INFO - Found image for African Journal of Finance and Management: https://www.ajol.info/public/journals/148/homepageImage.gif
2024-11-22 20:27:14,905 - INFO - Image saved for journal: African Journal of Finance and Management
2024-11-22 20:27:16,065 - INFO - Found image for Dar Es Salaam Medical Students' Journal: https://lookaside.fbsbx.com/lookaside/crawler/media/?media_id=100067727181398
2024-11-22 20:27:16,753 - INFO - Image saved for journal: Dar Es Salaam Medical Students' Journal
2024-11-22 20:27:18,624 - INFO - Found image for East African Health Research Journal: https://www.ajol.info/public/journals/576/homepageImage_en_US.png
2024-11-22 20:27:21,336 - INFO - Image saved for journal: East African Health Research Journal
2024-11-22 20:27:22,321 - INFO - Found image for East African Journal of Education and Social Sciences: https://www.ajol.info/public/journals/589/homepageImage_en_US.jpg
2024-11-22 20:27:24,214 - INFO - Image saved for journal: East African Journal of Education and Social Sciences
2024-11-22 20:27:25,381 - INFO - Found image for Huria: Journal of the Open University of Tanzania: https://www.ajol.info/public/journals/235/homepageImage_en_US.jpg
2024-11-22 20:27:26,882 - INFO - Image saved for journal: Huria: Journal of the Open University of Tanzania
2024-11-22 20:27:28,152 - INFO - Found image for IMTU Medical Journal: https://www.ajol.info/public/journals/485/homepageImage_en_US.png
2024-11-22 20:27:29,528 - INFO - Image saved for journal: IMTU Medical Journal
2024-11-22 20:27:30,305 - INFO - Found image for Jarida la Chama cha Lugha na Fasihi ya Kiswahili Tanzania (CHALUFAKITA): https://www.ajol.info/public/journals/575/homepageImage_en_US.jpg
2024-11-22 20:27:34,698 - INFO - Image saved for journal: Jarida la Chama cha Lugha na Fasihi ya Kiswahili Tanzania (CHALUFAKITA)
2024-11-22 20:27:35,607 - INFO - Found image for Journal of Building and Land Development: https://i1.rgstatic.net/publication/335739297_The_Journal_of_Building_and_Land_Development_Call_for_Papers/links/5d789f7d299bf1cb809828db/largepreview.png
2024-11-22 20:27:36,901 - INFO - Image saved for journal: Journal of Building and Land Development
2024-11-22 20:27:38,184 - INFO - Found image for Journal of Sociology and Development: https://lookaside.fbsbx.com/lookaside/crawler/media/?media_id=100063884687612
2024-11-22 20:27:39,369 - INFO - Image saved for journal: Journal of Sociology and Development
2024-11-22 20:27:40,844 - INFO - Found image for Kioo cha Lugha: https://www.ajol.info/public/journals/429/homepageImage_en_US.png
2024-11-22 20:27:45,701 - INFO - Image saved for journal: Kioo cha Lugha
2024-11-22 20:27:46,986 - INFO - Found image for Tanzania Dental Journal: https://www.ajol.info/public/journals/281/homepageImage.JPG
2024-11-22 20:27:48,381 - INFO - Image saved for journal: Tanzania Dental Journal
2024-11-22 20:27:49,142 - INFO - Found image for Tanzania Journal of Agricultural Sciences: https://www.ajol.info/public/journals/510/homepageImage_en_US.png
2024-11-22 20:27:51,059 - INFO - Image saved for journal: Tanzania Journal of Agricultural Sciences
2024-11-22 20:27:52,420 - INFO - Found image for Tanzania Journal of Development Studies: https://www.ajol.info/public/journals/400/homepageImage_en_US.jpg
2024-11-22 20:27:53,794 - INFO - Image saved for journal: Tanzania Journal of Development Studies
2024-11-22 20:27:54,670 - INFO - Found image for Tanzania Journal of Forestry and Nature Conservation: https://www.ajol.info/public/journals/333/homepageImage_en_US.jpg
2024-11-22 20:27:56,041 - INFO - Image saved for journal: Tanzania Journal of Forestry and Nature Conservation
2024-11-22 20:27:57,339 - INFO - Found image for Tanzania Journal of Health Research: https://journals.indexcopernicus.com/api/file/viewByFileId/816759
2024-11-22 20:27:59,196 - INFO - Image saved for journal: Tanzania Journal of Health Research
2024-11-22 20:27:59,892 - INFO - Found image for Tanzania Medical Journal: https://openjournalsystems.com/wp-content/uploads/2016/07/ojs-tmj.jpg
2024-11-22 20:28:02,716 - INFO - Image saved for journal: Tanzania Medical Journal
2024-11-22 20:28:03,787 - INFO - Found image for Egyptian Orthodontic Journal: https://eos.journals.ekb.eg/data/eos/coversheet/cover_en.jpg
2024-11-22 20:28:07,133 - INFO - Image saved for journal: Egyptian Orthodontic Journal
2024-11-22 20:28:08,185 - INFO - Found image for Tanzania Veterinary Journal: https://www.ajol.info/public/journals/360/homepageImage_en_US.jpg
2024-11-22 20:28:10,808 - INFO - Image saved for journal: Tanzania Veterinary Journal
2024-11-22 20:28:11,769 - INFO - Found image for University of Dar es Salaam Library Journal: https://www.ajol.info/public/journals/164/homepageImage.jpg
2024-11-22 20:28:13,465 - INFO - Image saved for journal: University of Dar es Salaam Library Journal
2024-11-22 20:28:14,346 - INFO - Found image for Western Indian Ocean Journal of Marine Science: https://i0.wp.com/blog.wiomsa.net/wp-content/uploads/2024/08/CoverContents_Vol23_Iss1_2024_WIOJMS_001.png?fit=612%2C792&ssl=1
2024-11-22 20:28:17,063 - INFO - Image saved for journal: Western Indian Ocean Journal of Marine Science
2024-11-22 20:28:18,323 - INFO - Found image for African Journal of Gastroenterology and Hepatology: https://ajgh.journals.ekb.eg/data/ajgh/coversheet/cover_en.jpg
2024-11-22 20:28:20,306 - INFO - Image saved for journal: African Journal of Gastroenterology and Hepatology
2024-11-22 20:28:21,088 - INFO - Found image for African Journal of Urology: https://ars.els-cdn.com/content/image/X11105704.jpg
2024-11-22 20:28:21,989 - INFO - Image saved for journal: African Journal of Urology
2024-11-22 20:28:23,138 - INFO - Found image for Alexandria Journal of Medicine: https://ars.els-cdn.com/content/image/X20905068.jpg
2024-11-22 20:28:24,602 - INFO - Image saved for journal: Alexandria Journal of Medicine
2024-11-22 20:28:25,903 - INFO - Found image for Annals of Pediatric Surgery: https://media.springernature.com/w110/springer-static/cover/journal/43159.jpg
2024-11-22 20:28:26,860 - INFO - Image saved for journal: Annals of Pediatric Surgery
2024-11-22 20:28:27,747 - WARNING - No image found for journal: Egyptian Journal of Biochemistry and Molecular Biology
2024-11-22 20:28:27,750 - INFO - No image found for journal: Egyptian Journal of Biochemistry and Molecular Biology
2024-11-22 20:28:28,667 - INFO - Found image for Egyptian Journal of Biology: https://ipindexing.com/media/journal-cover-page/cover_ph.jpg
2024-11-22 20:28:30,458 - INFO - Image saved for journal: Egyptian Journal of Biology
2024-11-22 20:28:31,246 - WARNING - No image found for journal: Egyptian Journal of Biomedical Sciences
2024-11-22 20:28:31,249 - INFO - No image found for journal: Egyptian Journal of Biomedical Sciences
2024-11-22 20:28:31,960 - WARNING - No image found for journal: Egyptian Journal of Biotechnology
2024-11-22 20:28:31,961 - INFO - No image found for journal: Egyptian Journal of Biotechnology
2024-11-22 20:28:33,069 - INFO - Found image for Egyptian Journal of Hospital Medicine: https://www.ajol.info/public/journals/590/homepageImage_en_US.jpg
2024-11-22 20:28:35,351 - INFO - Image saved for journal: Egyptian Journal of Hospital Medicine
2024-11-22 20:28:36,169 - WARNING - No image found for journal: Egyptian Journal of Medical Human Genetics
2024-11-22 20:28:36,172 - INFO - No image found for journal: Egyptian Journal of Medical Human Genetics
2024-11-22 20:28:36,889 - WARNING - No image found for journal: Egyptian Journal of Medical Laboratory Sciences
2024-11-22 20:28:36,892 - INFO - No image found for journal: Egyptian Journal of Medical Laboratory Sciences
2024-11-22 20:28:37,588 - WARNING - No image found for journal: Egyptian Journal of Natural History
2024-11-22 20:28:37,591 - INFO - No image found for journal: Egyptian Journal of Natural History
2024-11-22 20:28:38,498 - WARNING - No image found for journal: Egyptian Journal of Pediatric Allergy and Immunology (The)
2024-11-22 20:28:38,501 - INFO - No image found for journal: Egyptian Journal of Pediatric Allergy and Immunology (The)
2024-11-22 20:28:39,317 - WARNING - No image found for journal: Evidence-Based Nursing Research
2024-11-22 20:28:39,320 - INFO - No image found for journal: Evidence-Based Nursing Research
2024-11-22 20:28:39,981 - WARNING - No image found for journal: Mansoura Veterinary Medical Journal
2024-11-22 20:28:39,982 - INFO - No image found for journal: Mansoura Veterinary Medical Journal
2024-11-22 20:28:40,791 - WARNING - No image found for journal: Microbes and Infectious Diseases
2024-11-22 20:28:40,794 - INFO - No image found for journal: Microbes and Infectious Diseases
2024-11-22 20:28:41,673 - WARNING - No image found for journal: New Egyptian Journal of Microbiology
2024-11-22 20:28:41,676 - INFO - No image found for journal: New Egyptian Journal of Microbiology
2024-11-22 20:28:42,599 - WARNING - No image found for journal: UNISWA Journal of Agriculture
2024-11-22 20:28:42,603 - INFO - No image found for journal: UNISWA Journal of Agriculture
2024-11-22 20:28:43,419 - WARNING - No image found for journal: Scientific Medical Journal
2024-11-22 20:28:43,423 - INFO - No image found for journal: Scientific Medical Journal
2024-11-22 20:28:44,237 - WARNING - No image found for journal: Zagazig Journal of Occupational Health and Safety
2024-11-22 20:28:44,242 - INFO - No image found for journal: Zagazig Journal of Occupational Health and Safety
2024-11-22 20:28:44,947 - WARNING - No image found for journal: African Journal of Neurological Sciences
2024-11-22 20:28:44,951 - INFO - No image found for journal: African Journal of Neurological Sciences
2024-11-22 20:28:45,564 - WARNING - No image found for journal: Afrique Science: Revue Internationale des Sciences et Technologie
2024-11-22 20:28:45,568 - INFO - No image found for journal: Afrique Science: Revue Internationale des Sciences et Technologie
2024-11-22 20:28:46,176 - WARNING - No image found for journal: Agronomie Africaine
2024-11-22 20:28:46,180 - INFO - No image found for journal: Agronomie Africaine
2024-11-22 20:28:46,998 - WARNING - No image found for journal: Sciences & Nature
2024-11-22 20:28:46,999 - INFO - No image found for journal: Sciences & Nature
2024-11-22 20:28:47,652 - WARNING - No image found for journal: Journal of the Eritrean Medical Association
2024-11-22 20:28:47,655 - INFO - No image found for journal: Journal of the Eritrean Medical Association
2024-11-22 20:28:48,637 - WARNING - No image found for journal: Lwati: A Journal of Contemporary Research
2024-11-22 20:28:48,640 - INFO - No image found for journal: Lwati: A Journal of Contemporary Research
2024-11-22 20:28:49,762 - WARNING - No image found for journal: UNISWA Research Journal of Agriculture, Science and Technology
2024-11-22 20:28:49,766 - INFO - No image found for journal: UNISWA Research Journal of Agriculture, Science and Technology
2024-11-22 20:28:50,483 - WARNING - No image found for journal: Orapuh Journal
2024-11-22 20:28:50,486 - INFO - No image found for journal: Orapuh Journal
2024-11-22 20:28:51,116 - WARNING - No image found for journal: Review of Southern African Studies
2024-11-22 20:28:51,117 - INFO - No image found for journal: Review of Southern African Studies
2024-11-22 20:28:52,019 - WARNING - No image found for journal: AlQalam Journal of Medical and Applied Sciences
2024-11-22 20:28:52,021 - INFO - No image found for journal: AlQalam Journal of Medical and Applied Sciences
2024-11-22 20:28:52,735 - WARNING - No image found for journal: Madagascar Conservation & Development
2024-11-22 20:28:52,740 - INFO - No image found for journal: Madagascar Conservation & Development
2024-11-22 20:28:54,169 - WARNING - No image found for journal: Journal of Development and Communication Studies
2024-11-22 20:28:54,172 - INFO - No image found for journal: Journal of Development and Communication Studies
2024-11-22 20:28:54,756 - WARNING - No image found for journal: Journal of Humanities
2024-11-22 20:28:54,757 - INFO - No image found for journal: Journal of Humanities
2024-11-22 20:28:55,397 - WARNING - No image found for journal: Malawi Journal of Science and Technology
2024-11-22 20:28:55,401 - INFO - No image found for journal: Malawi Journal of Science and Technology
2024-11-22 20:28:56,316 - WARNING - No image found for journal: Malawi Medical Journal
2024-11-22 20:28:56,320 - INFO - No image found for journal: Malawi Medical Journal
2024-11-22 20:28:57,245 - WARNING - No image found for journal: Archives of Medical and Biomedical Research
2024-11-22 20:28:57,248 - INFO - No image found for journal: Archives of Medical and Biomedical Research
2024-11-22 20:28:57,967 - WARNING - No image found for journal: Internet Journal of Medical Update – EJOURNAL
2024-11-22 20:28:57,968 - INFO - No image found for journal: Internet Journal of Medical Update – EJOURNAL
2024-11-22 20:28:58,771 - WARNING - No image found for journal: University of Mauritius Research Journal
2024-11-22 20:28:58,774 - INFO - No image found for journal: University of Mauritius Research Journal
2024-11-22 20:28:59,388 - WARNING - No image found for journal: African Journal of Governance and Development
2024-11-22 20:28:59,391 - INFO - No image found for journal: African Journal of Governance and Development
2024-11-22 20:29:00,011 - WARNING - No image found for journal: BNR Economic Review
2024-11-22 20:29:00,012 - INFO - No image found for journal: BNR Economic Review
2024-11-22 20:29:00,834 - WARNING - No image found for journal: Rwanda Journal
2024-11-22 20:29:00,838 - INFO - No image found for journal: Rwanda Journal
2024-11-22 20:29:01,642 - WARNING - No image found for journal: Rwanda Journal of Agricultural Sciences
2024-11-22 20:29:01,645 - INFO - No image found for journal: Rwanda Journal of Agricultural Sciences
2024-11-22 20:29:02,262 - WARNING - No image found for journal: Rwanda Journal of Engineering, Science, Technology and Environment
2024-11-22 20:29:02,265 - INFO - No image found for journal: Rwanda Journal of Engineering, Science, Technology and Environment
2024-11-22 20:29:02,871 - WARNING - No image found for journal: Rwanda Journal of Health Sciences
2024-11-22 20:29:02,874 - INFO - No image found for journal: Rwanda Journal of Health Sciences
2024-11-22 20:29:03,791 - WARNING - No image found for journal: Rwanda Journal of Medicine and Health Sciences
2024-11-22 20:29:03,795 - INFO - No image found for journal: Rwanda Journal of Medicine and Health Sciences
2024-11-22 20:29:04,721 - WARNING - No image found for journal: Rwanda Journal of Social Sciences, Humanities and Business
2024-11-22 20:29:04,724 - INFO - No image found for journal: Rwanda Journal of Social Sciences, Humanities and Business
2024-11-22 20:29:05,841 - INFO - Found image for Rwanda Medical Journal: https://www.ajol.info/public/journals/595/homepageImage_en_US.jpg
2024-11-22 20:29:07,686 - INFO - Image saved for journal: Rwanda Medical Journal
2024-11-22 20:29:08,193 - WARNING - No image found for journal: Africa Development
2024-11-22 20:29:08,196 - INFO - No image found for journal: Africa Development
2024-11-22 20:29:09,731 - INFO - Found image for African Environment: https://i.unu.edu/media/ourworld.unu.edu-en/article/50/dead-trees.jpg
2024-11-22 20:29:12,978 - INFO - Image saved for journal: African Environment
2024-11-22 20:29:13,928 - WARNING - No image found for journal: African Journal of International Affairs
2024-11-22 20:29:13,929 - INFO - No image found for journal: African Journal of International Affairs
2024-11-22 20:29:14,499 - WARNING - No image found for journal: African Sociological Review / Revue Africaine de Sociologie
2024-11-22 20:29:14,503 - INFO - No image found for journal: African Sociological Review / Revue Africaine de Sociologie
2024-11-22 20:29:15,469 - WARNING - No image found for journal: Afrika Statistika
2024-11-22 20:29:15,472 - INFO - No image found for journal: Afrika Statistika
2024-11-22 20:29:16,281 - WARNING - No image found for journal: Journal des Sciences Pour l'Ingénieur
2024-11-22 20:29:16,284 - INFO - No image found for journal: Journal des Sciences Pour l'Ingénieur
2024-11-22 20:29:16,985 - WARNING - No image found for journal: Sierra Leone Journal of Biomedical Research
2024-11-22 20:29:16,987 - INFO - No image found for journal: Sierra Leone Journal of Biomedical Research
2024-11-22 20:29:17,718 - WARNING - No image found for journal: South Sudan Medical Journal
2024-11-22 20:29:17,721 - INFO - No image found for journal: South Sudan Medical Journal
2024-11-22 20:29:18,741 - WARNING - No image found for journal: Arab Journal of Nephrology and Transplantation
2024-11-22 20:29:18,744 - INFO - No image found for journal: Arab Journal of Nephrology and Transplantation
2024-11-28 21:05:50,566 - INFO - Found image for International Journal of Energetica: https://www.ajol.info/public/journals/609/homepageImage_en_US.jpg
2024-11-28 21:05:51,808 - INFO - Image saved for journal: International Journal of Energetica
2024-11-28 21:05:52,735 - INFO - Found image for Journal de la Faculté de Médecine: https://www.jfmo-dz.net/journal/public/journals/1/homepageImage_en_US.jpg
2024-11-28 21:05:54,288 - INFO - Image saved for journal: Journal de la Faculté de Médecine
2024-11-28 21:05:55,171 - INFO - Found image for Journal of Fundamental and Applied Sciences: https://www.ajol.info/public/journals/547/homepageImage_en_US.jpg
2024-11-28 21:05:56,269 - INFO - Image saved for journal: Journal of Fundamental and Applied Sciences
2024-11-28 21:05:57,064 - INFO - Found image for les cahiers du cread: https://www.ajol.info/public/journals/550/homepageImage_en_US.png
2024-11-28 21:05:58,052 - INFO - Image saved for journal: les cahiers du cread
2024-11-28 21:05:58,914 - INFO - Found image for Management & Economics Research Journal: https://monday.com/blog/wp-content/uploads/2024/07/project-management.png
2024-11-28 21:05:59,845 - INFO - Image saved for journal: Management & Economics Research Journal
2024-11-28 21:06:00,836 - INFO - Found image for Revue d'Information Scientifique et Technique: https://www.ajol.info/public/journals/165/homepageImage.jpg
2024-11-28 21:06:01,616 - INFO - Image saved for journal: Revue d'Information Scientifique et Technique
2024-11-28 21:06:02,576 - INFO - Found image for Synthèse: Revue des Sciences et de la Technologie: https://www.ajol.info/public/journals/542/homepageImage_en_US.png
2024-11-28 21:06:03,554 - INFO - Image saved for journal: Synthèse: Revue des Sciences et de la Technologie
2024-11-28 21:06:04,732 - INFO - Found image for Technologies Avancées: http://idtxs3.imgix.net/si/40000/AD/CF.png?w=1066&h=600&fit=crop&crop=faces,entropy&q=50&fm=pjpg
2024-11-28 21:06:05,391 - INFO - Image saved for journal: Technologies Avancées
2024-11-28 21:06:06,159 - INFO - Found image for Annales des Sciences Agronomiques: https://m.media-amazon.com/images/I/71kYh5psYEL._AC_UF1000,1000_QL80_.jpg
2024-11-28 21:06:06,930 - INFO - Image saved for journal: Annales des Sciences Agronomiques
2024-11-28 21:06:07,708 - INFO - Found image for Botswana Journal of Economics: https://www.ajol.info/public/journals/433/homepageImage_en_US.jpg
2024-11-28 21:06:08,789 - INFO - Image saved for journal: Botswana Journal of Economics
2024-11-28 21:06:09,642 - INFO - Found image for Botswana Journal of Technology: https://www.ajol.info/public/journals/84/homepageImage.jpg
2024-11-28 21:06:10,616 - INFO - Image saved for journal: Botswana Journal of Technology
2024-11-28 21:06:11,484 - INFO - Found image for Marang: Journal of Language and Literature: https://journals.ub.bw/public/journals/4/cover_issue_160_en_US.jpg
2024-11-28 21:06:13,450 - INFO - Image saved for journal: Marang: Journal of Language and Literature
2024-11-28 21:06:14,353 - INFO - Found image for Revue Burkinabè de droit: https://0.academia-photos.com/attachment_thumbnails/70557386/mini_magick20210929-29377-1mg3vdf.png?1632925557
2024-11-28 21:06:15,786 - INFO - Image saved for journal: Revue Burkinabè de droit
2024-11-28 21:06:16,814 - INFO - Found image for Science et Technique, Sciences de la Santé: https://knowledgehub.iphce.org/wp-content/uploads/2021/04/Science-et-Technique-Sciences-de-la-Sante.jpg
2024-11-28 21:06:20,140 - WARNING - Failed to download image for journal: Science et Technique, Sciences de la Santé - Status code: 404
2024-11-28 21:06:21,227 - INFO - Found image for Sud Sciences et Technologies: https://www.ajol.info/public/journals/97/homepageImage.jpg
2024-11-28 21:06:22,162 - INFO - Image saved for journal: Sud Sciences et Technologies
2024-11-28 21:06:23,390 - INFO - Found image for East Africa Science: https://cega.berkeley.edu/wp-content/uploads/2018/12/visiting-fellows_22770798561_o-1-e1544133990757.jpg
2024-11-28 21:06:25,102 - WARNING - Failed to download image for journal: East Africa Science - Status code: 403
2024-11-28 21:06:25,932 - INFO - Found image for African Anthropologist: https://www.ajol.info/public/journals/136/homepageImage_en_US.png
2024-11-28 21:06:29,634 - INFO - Image saved for journal: African Anthropologist
2024-11-28 21:06:30,327 - INFO - Found image for Cameroon Journal of Agricultural Science: https://www.ajol.info/public/journals/253/homepageImage.gif
2024-11-28 21:06:31,461 - INFO - Image saved for journal: Cameroon Journal of Agricultural Science
2024-11-28 21:06:32,374 - INFO - Found image for Cameroon Journal of Experimental Biology: https://www.ajol.info/public/journals/285/homepageImage.JPG
2024-11-28 21:06:33,133 - INFO - Image saved for journal: Cameroon Journal of Experimental Biology
2024-11-28 21:06:34,115 - INFO - Found image for Clinics in Mother and Child Health: https://www.walshmedicalmedia.com/admin/flyers/clinics-in-mother-and-child-health-flyer.jpg
2024-11-28 21:06:35,635 - INFO - Image saved for journal: Clinics in Mother and Child Health
2024-11-28 21:06:36,275 - INFO - Found image for The Egyptian Journal of Surgery: https://ejsur.journals.ekb.eg/data/ejsur/coversheet/cover_en.jpg
2024-11-28 21:06:40,948 - INFO - Image saved for journal: The Egyptian Journal of Surgery
2024-11-28 21:06:41,693 - INFO - Found image for International Journal of Biological and Chemical Sciences: https://www.ajol.info/public/journals/314/homepageImage.jpg
2024-11-28 21:06:42,720 - INFO - Image saved for journal: International Journal of Biological and Chemical Sciences
2024-11-28 21:06:43,751 - INFO - Found image for Investigational Medicinal Chemistry and Pharmacology: https://www.ajol.info/public/journals/616/homepageImage_en_US.png
2024-11-28 21:06:45,498 - INFO - Image saved for journal: Investigational Medicinal Chemistry and Pharmacology
2024-11-28 21:06:46,202 - INFO - Found image for Journal of the Cameroon Academy of Sciences: https://www.ajol.info/public/journals/93/homepageImage_en_US.png
2024-11-28 21:06:49,915 - INFO - Image saved for journal: Journal of the Cameroon Academy of Sciences
2024-11-28 21:06:50,602 - INFO - Found image for Revue Africaine de Chirurgie et Spécialités: https://www.ajol.info/public/journals/443/homepageImage_en_US.jpg
2024-11-28 21:06:51,388 - INFO - Image saved for journal: Revue Africaine de Chirurgie et Spécialités
2024-11-28 21:06:52,047 - INFO - Found image for Journal of the Cameroon Academy of Sciences: https://www.ajol.info/public/journals/93/homepageImage_en_US.png
2024-11-28 21:06:56,779 - INFO - Image saved for journal: Journal of the Cameroon Academy of Sciences
2024-11-28 21:06:57,567 - INFO - Found image for Revue de Médecine et de Pharmacie: https://www.ajol.info/public/journals/489/homepageImage_en_US.jpg
2024-11-28 21:06:58,596 - INFO - Image saved for journal: Revue de Médecine et de Pharmacie
2024-11-28 21:06:59,408 - INFO - Found image for Abia State University Medical Students' Association Journal: https://www.ajol.info/public/journals/372/homepageImage_en_US.jpg
2024-11-28 21:07:02,048 - INFO - Image saved for journal: Abia State University Medical Students' Association Journal
2024-11-28 21:07:02,788 - INFO - Found image for African Journal for the Psychological Study of Social Issues: https://www.ajol.info/public/journals/237/homepageImage.gif
2024-11-28 21:07:04,029 - INFO - Image saved for journal: African Journal for the Psychological Study of Social Issues
2024-11-28 21:07:04,836 - INFO - Found image for African Journal of Anaesthesia and Intensive Care: https://www.ajol.info/public/journals/405/homepageImage_en_US.jpg
2024-11-28 21:07:05,557 - INFO - Image saved for journal: African Journal of Anaesthesia and Intensive Care
2024-11-28 21:07:06,371 - INFO - Found image for African Journal of Biomedical Research: https://www.ajol.info/public/journals/264/homepageImage_en_US.jpg
2024-11-28 21:07:07,361 - INFO - Image saved for journal: African Journal of Biomedical Research
2024-11-28 21:07:08,215 - INFO - Found image for African Journal of Clinical and Experimental Microbiology: https://www.ajol.info/public/journals/47/homepageImage.jpg
2024-11-28 21:07:09,013 - INFO - Image saved for journal: African Journal of Clinical and Experimental Microbiology
2024-11-28 21:07:09,758 - INFO - Found image for African Journal of Drug and Alcohol Studies: https://www.ajol.info/public/journals/391/homepageImage_en_US.jpg
2024-11-28 21:07:10,461 - INFO - Image saved for journal: African Journal of Drug and Alcohol Studies
2024-11-28 21:07:11,198 - INFO - Found image for African Journal of Economic Policy: https://www.ajol.info/public/journals/147/homepageImage.jpg
2024-11-28 21:07:12,144 - INFO - Image saved for journal: African Journal of Economic Policy
2024-11-28 21:07:13,028 - INFO - Found image for African Journal of Endocrinology and Metabolism: https://ajpmed.org/public/site/images/admin/yyyyyyyyyyy-35775d12483f342250910f05f1c4d4ce.png
2024-11-28 21:07:15,232 - INFO - Image saved for journal: African Journal of Endocrinology and Metabolism
2024-11-28 21:07:16,101 - INFO - Found image for African Journal of Environmental Science and Technology: https://www.ajol.info/public/journals/389/homepageImage_en_US.jpg
2024-11-28 21:07:17,070 - INFO - Image saved for journal: African Journal of Environmental Science and Technology
2024-11-28 21:07:17,840 - INFO - Found image for African Journal of Infectious Diseases: https://www.ajol.info/public/journals/362/homepageImage.jpg
2024-11-28 21:07:18,819 - INFO - Image saved for journal: African Journal of Infectious Diseases
2024-11-28 21:07:19,684 - INFO - Found image for African Journal of International Affairs and Development: https://www.ajol.info/public/journals/173/homepageImage.gif
2024-11-28 21:07:20,690 - INFO - Image saved for journal: African Journal of International Affairs and Development
2024-11-28 21:07:21,732 - INFO - Found image for African Journal of Library, Archives and Information Science: https://www.ajol.info/public/journals/158/homepageImage.gif
2024-11-28 21:07:22,948 - INFO - Image saved for journal: African Journal of Library, Archives and Information Science
2024-11-28 21:07:23,791 - INFO - Found image for African Journal of Livestock Extension: https://www.ajol.info/public/journals/2/homepageImage.jpg
2024-11-28 21:07:24,675 - INFO - Image saved for journal: African Journal of Livestock Extension
2024-11-28 21:07:25,698 - INFO - Found image for African Journal of Oral Health: https://www.ajol.info/public/journals/210/homepageImage.gif
2024-11-28 21:07:26,823 - INFO - Image saved for journal: African Journal of Oral Health
2024-11-28 21:07:27,773 - INFO - Found image for African Journal of Paediatric Nephrology: https://www.ajol.info/public/journals/558/homepageImage_en_US.jpg
2024-11-28 21:07:28,948 - INFO - Image saved for journal: African Journal of Paediatric Nephrology
2024-11-28 21:07:29,822 - INFO - Found image for African Journal of Paediatric Surgery: https://i1.rgstatic.net/publication/353622550_African_Journal_of_Paediatric_Surgery/links/6106aea51e95fe241a9f23f8/largepreview.png
2024-11-28 21:07:30,731 - INFO - Image saved for journal: African Journal of Paediatric Surgery
2024-11-28 21:07:31,677 - INFO - Found image for African Journal of Physiotherapy and Rehabilitation Sciences: https://www.ajol.info/public/journals/412/homepageImage_en_US.jpg
2024-11-28 21:07:32,446 - INFO - Image saved for journal: African Journal of Physiotherapy and Rehabilitation Sciences
2024-11-28 21:07:33,212 - INFO - Found image for African Journal of Reproductive Health: https://www.ajol.info/public/journals/49/homepageImage_en_US.png
2024-11-28 21:07:34,417 - INFO - Image saved for journal: African Journal of Reproductive Health
2024-11-28 21:07:35,257 - INFO - Found image for Nigerian Hospital Practice: https://www.ajol.info/public/journals/345/homepageImage_en_US.jpg
2024-11-28 21:07:36,542 - INFO - Image saved for journal: Nigerian Hospital Practice
2024-11-28 21:07:37,528 - INFO - Found image for African Journal of Social Issues: https://www.ajol.info/public/journals/627/homepageImage_en_US.jpg
2024-11-28 21:07:42,265 - INFO - Image saved for journal: African Journal of Social Issues
2024-11-28 21:07:43,135 - INFO - Found image for African Journal of Sustainable Development: https://www.un.org/osaa/sites/www.un.org.osaa/files/confirmed_reworked_94_3_9.9.24.png
2024-11-28 21:07:43,850 - WARNING - Failed to download image for journal: African Journal of Sustainable Development - Status code: 403
2024-11-28 21:07:44,568 - INFO - Found image for African Journal of Traditional, Complementary and Alternative Medicines: https://www.ajol.info/public/journals/209/homepageImage.gif
2024-11-28 21:07:45,542 - INFO - Image saved for journal: African Journal of Traditional, Complementary and Alternative Medicines
2024-11-28 21:07:46,207 - INFO - Found image for African Studies Monographs: https://m.media-amazon.com/images/I/71mAuLBWTQL._AC_UF1000,1000_QL80_.jpg
2024-11-28 21:07:49,693 - INFO - Image saved for journal: African Studies Monographs
2024-11-28 21:07:50,302 - INFO - Found image for Afrimedic Journal: https://www.ajol.info/public/journals/492/homepageImage_en_US.jpg
2024-11-28 21:07:51,277 - INFO - Image saved for journal: Afrimedic Journal
2024-11-28 21:07:51,959 - INFO - Found image for Agro-Science: https://www.ajol.info/public/journals/6/homepageImage.gif
2024-11-28 21:07:53,026 - INFO - Image saved for journal: Agro-Science
2024-11-28 21:07:53,783 - INFO - Found image for Agrosearch: https://www.ajol.info/public/journals/311/homepageImage.jpg
2024-11-28 21:07:54,586 - INFO - Image saved for journal: Agrosearch
2024-11-28 21:07:55,527 - INFO - Found image for Anchor University Journal of Science and Technology: https://www.ajol.info/public/journals/604/homepageImage_en_US.jpg
2024-11-28 21:07:56,468 - INFO - Image saved for journal: Anchor University Journal of Science and Technology
2024-11-28 21:07:57,266 - INFO - Found image for Animal Production Research Advances: https://www.ajol.info/public/journals/269/homepageImage.JPG
2024-11-28 21:07:58,251 - INFO - Image saved for journal: Animal Production Research Advances
2024-11-28 21:07:59,006 - INFO - Found image for Animal Research International: https://www.ajol.info/public/journals/334/homepageImage_en_US.png
2024-11-28 21:07:59,989 - INFO - Image saved for journal: Animal Research International
2024-11-28 21:08:00,646 - INFO - Found image for Annals of African Medicine: https://www.ajol.info/public/journals/51/homepageImage.jpg
2024-11-28 21:08:01,616 - INFO - Image saved for journal: Annals of African Medicine
2024-11-28 21:08:02,386 - INFO - Found image for Annals of Biomedical Sciences: https://www.ajol.info/public/journals/332/homepageImage_en_US.jpg
2024-11-28 21:08:03,597 - INFO - Image saved for journal: Annals of Biomedical Sciences
2024-11-28 21:08:04,337 - INFO - Found image for Obsidian: https://upload.wikimedia.org/wikipedia/commons/1/17/Lipari-Obsidienne_%285%29.jpg
2024-11-28 21:08:06,310 - INFO - Image saved for journal: Obsidian
2024-11-28 21:08:06,996 - INFO - Found image for Annals of Health Research: https://www.ajol.info/public/journals/607/homepageImage_en_US.jpg
2024-11-28 21:08:09,310 - INFO - Image saved for journal: Annals of Health Research
2024-11-28 21:08:10,170 - INFO - Found image for Annals of Humanities and Development Studies: https://www.ajol.info/public/journals/505/homepageImage_en_US.jpg
2024-11-28 21:08:11,247 - INFO - Image saved for journal: Annals of Humanities and Development Studies
2024-11-28 21:08:12,031 - INFO - Found image for Annals of Ibadan Postgraduate Medicine: https://www.ajol.info/public/journals/302/homepageImage_en_US.jpg
2024-11-28 21:08:13,173 - INFO - Image saved for journal: Annals of Ibadan Postgraduate Medicine
2024-11-28 21:08:13,956 - INFO - Found image for Annals of Medical and Health Sciences Research: https://www.ajol.info/public/journals/494/homepageImage_en_US.jpg
2024-11-28 21:08:14,944 - INFO - Image saved for journal: Annals of Medical and Health Sciences Research
2024-11-28 21:08:15,698 - INFO - Found image for Annals of Modern Education: https://www.ajol.info/public/journals/506/homepageImage_en_US.jpg
2024-11-28 21:08:16,472 - INFO - Image saved for journal: Annals of Modern Education
2024-11-28 21:08:17,438 - INFO - Found image for Annals of Nigerian Medicine: https://www.ajol.info/public/journals/278/homepageImage_en_US.jpg
2024-11-28 21:08:19,018 - INFO - Image saved for journal: Annals of Nigerian Medicine
2024-11-28 21:08:19,692 - INFO - Found image for Arụmarụka: Journal of Conversational Thinking: https://www.ajol.info/public/journals/601/homepageImage_en_US.png
2024-11-28 21:08:21,365 - INFO - Image saved for journal: Arụmarụka: Journal of Conversational Thinking
2024-11-28 21:08:22,081 - INFO - Found image for Archives of Ibadan Medicine: https://www.ajol.info/public/journals/244/homepageImage.gif
2024-11-28 21:08:23,346 - INFO - Image saved for journal: Archives of Ibadan Medicine
2024-11-28 21:08:24,094 - INFO - Found image for ATBU Journal of Environmental Technology: https://www.ajol.info/public/journals/486/homepageImage_en_US.jpg
2024-11-28 21:08:24,863 - INFO - Image saved for journal: ATBU Journal of Environmental Technology
2024-11-28 21:08:25,630 - INFO - Found image for Babcock University Medical Journal: https://www.ajol.info/public/journals/611/homepageImage_en_US.png
2024-11-28 21:08:26,612 - INFO - Image saved for journal: Babcock University Medical Journal
2024-11-28 21:08:27,240 - INFO - Found image for Bakolori Journal of General Studies: https://d13i5xhouzkrd.cloudfront.net/168968043753/previews/article-1.png
2024-11-28 21:08:29,645 - INFO - Image saved for journal: Bakolori Journal of General Studies
2024-11-28 21:08:30,341 - INFO - Found image for Bayero Journal of Medical Laboratory Science: https://www.ajol.info/public/journals/585/homepageImage_en_US.jpg
2024-11-28 21:08:31,738 - INFO - Image saved for journal: Bayero Journal of Medical Laboratory Science
2024-11-28 21:08:32,493 - INFO - Found image for Health SA Gesondheid: https://ars.els-cdn.com/content/image/X10259848.jpg
2024-11-28 21:08:33,542 - INFO - Image saved for journal: Health SA Gesondheid
2024-11-28 21:08:34,336 - INFO - Found image for Bayero Journal of Nursing and Health Care: https://www.ajol.info/public/journals/610/homepageImage_en_US.jpg
2024-11-28 21:08:35,501 - INFO - Image saved for journal: Bayero Journal of Nursing and Health Care
2024-11-28 21:08:36,083 - INFO - Found image for Bayero Journal of Pure and Applied Sciences: https://www.ajol.info/public/journals/424/homepageImage_en_US.jpg
2024-11-28 21:08:36,841 - INFO - Image saved for journal: Bayero Journal of Pure and Applied Sciences
2024-11-28 21:08:37,518 - INFO - Found image for Nigeria Journal of Postgraduate Medicine: https://npmcn.edu.ng/wp-content/uploads/2024/01/npmj-235x300.png
2024-11-28 21:08:39,079 - INFO - Image saved for journal: Nigeria Journal of Postgraduate Medicine
2024-11-28 21:08:39,862 - INFO - Found image for Bio-Research: https://career-advice.jobs.ac.uk/wp-content/uploads/Research-Jobs-in-Biology.jpg.optimal.jpg
2024-11-28 21:08:41,833 - INFO - Image saved for journal: Bio-Research
2024-11-28 21:08:43,007 - INFO - Found image for Biokemistri: http://www.bioline.org.br/imgs/covers/bk_cover.jpg
2024-11-28 21:08:44,247 - INFO - Image saved for journal: Biokemistri
2024-11-28 21:08:45,086 - INFO - Found image for Borno Medical Journal: https://www.ajol.info/public/journals/606/homepageImage_en_US.jpg
2024-11-28 21:08:48,830 - INFO - Image saved for journal: Borno Medical Journal
2024-11-28 21:08:49,488 - INFO - Found image for Bowen Journal of Agriculture: https://www.ajol.info/public/journals/357/homepageImage.JPG
2024-11-28 21:08:50,435 - INFO - Image saved for journal: Bowen Journal of Agriculture
2024-11-28 21:08:51,128 - INFO - Found image for ChemSearch Journal: https://www.ajol.info/public/journals/539/homepageImage_en_US.png
2024-11-28 21:08:52,328 - INFO - Image saved for journal: ChemSearch Journal
2024-11-28 21:08:53,076 - INFO - Found image for Humanities Review Journal: https://www.lycoming.edu/news/images/2024/01/mid-atlantic-humanities-review-cover.jpg
2024-11-28 21:08:55,616 - INFO - Image saved for journal: Humanities Review Journal
2024-11-28 21:08:56,351 - INFO - Found image for Communicate: Journal of Library and Information Science: https://www.cjolis.org/public/journals/1/cover_issue_4_en_US.jpg
2024-11-28 21:08:59,590 - INFO - Image saved for journal: Communicate: Journal of Library and Information Science
2024-11-28 21:09:00,243 - INFO - Found image for Counsellor (The): https://m.media-amazon.com/images/I/812UGfypUaL._AC_UF894,1000_QL80_.jpg
2024-11-28 21:09:01,128 - INFO - Image saved for journal: Counsellor (The)
2024-11-28 21:09:01,989 - INFO - Found image for Creative Artist: A Journal of Theatre and Media Studies: https://journals.ezenwaohaetorc.org/public/journals/10/cover_issue_30_en_US.jpg
2024-11-28 21:09:03,675 - INFO - Image saved for journal: Creative Artist: A Journal of Theatre and Media Studies
2024-11-28 21:09:04,442 - INFO - Found image for Democracy & Development: Journal of West African Affairs: https://www.pewresearch.org/wp-content/uploads/sites/20/2024/03/PG_24.02.00_Democracy_IllustrationLede.png
2024-11-28 21:09:06,918 - INFO - Image saved for journal: Democracy & Development: Journal of West African Affairs
2024-11-28 21:09:07,718 - INFO - Found image for Dutse Journal of Pure and Applied Sciences: https://www.ajol.info/public/journals/579/homepageImage_en_US.jpg
2024-11-28 21:09:10,615 - INFO - Image saved for journal: Dutse Journal of Pure and Applied Sciences
2024-11-28 21:09:11,302 - INFO - Found image for Ebonyi Medical Journal: https://www.ajol.info/public/journals/348/homepageImage.jpg
2024-11-28 21:09:12,088 - INFO - Image saved for journal: Ebonyi Medical Journal
2024-11-28 21:09:12,837 - INFO - Found image for Economic and Policy Review: https://www.newyorkfed.org/medialibrary/media/research/images/EPR_2020_landing-page-artwork.png
2024-11-28 21:09:14,302 - INFO - Image saved for journal: Economic and Policy Review
2024-11-28 21:09:14,992 - INFO - Found image for Edo Journal of Counselling: https://i1.rgstatic.net/publication/358103742_Attitudes_of_women_to_menopause_Implications_for_counselling_-_Edo_Journal_of_Counselling/links/61fa77d211a1090a79cad0fc/largepreview.png
2024-11-28 21:09:15,874 - INFO - Image saved for journal: Edo Journal of Counselling
2024-11-28 21:09:16,626 - INFO - Found image for EJOTMAS: Ekpoma Journal of Theatre and Media Arts: https://www.ajol.info/public/journals/546/homepageImage_en_US.jpg
2024-11-28 21:09:17,589 - INFO - Image saved for journal: EJOTMAS: Ekpoma Journal of Theatre and Media Arts
2024-11-28 21:09:18,368 - INFO - Found image for Environmental Technology and Science Journal: https://www.ajol.info/public/journals/581/homepageImage_en_US.jpg
2024-11-28 21:09:20,390 - INFO - Image saved for journal: Environmental Technology and Science Journal
2024-11-28 21:09:21,159 - INFO - Found image for Equity Journal of Science and Technology: https://www.ajol.info/public/journals/578/homepageImage_en_US.jpg
2024-11-28 21:09:23,080 - INFO - Image saved for journal: Equity Journal of Science and Technology
2024-11-28 21:09:23,745 - INFO - Found image for Filosofia Theoretica: Journal of African Philosophy, Culture and Religions: https://m.media-amazon.com/images/I/61KueII5HVL._AC_UF1000,1000_QL80_.jpg
2024-11-28 21:09:24,619 - INFO - Image saved for journal: Filosofia Theoretica: Journal of African Philosophy, Culture and Religions
2024-11-28 21:09:25,358 - INFO - Found image for FUOYE Journal of Engineering and Technology: https://www.ajol.info/public/journals/580/homepageImage_en_US.png
2024-11-28 21:09:27,265 - INFO - Image saved for journal: FUOYE Journal of Engineering and Technology
2024-11-28 21:09:28,270 - INFO - Found image for FUTY Journal of the Environment: https://www.ajol.info/public/journals/406/homepageImage_en_US.jpg
2024-11-28 21:09:29,379 - INFO - Image saved for journal: FUTY Journal of the Environment
2024-11-28 21:09:30,552 - INFO - Found image for Gender and Behaviour: https://www.ajol.info/public/journals/139/homepageImage_en_US.png
2024-11-28 21:09:33,685 - INFO - Image saved for journal: Gender and Behaviour
2024-11-28 21:09:34,665 - INFO - Found image for Global Approaches to Extension Practice: A Journal of Agricultural Extension: https://gender.cgiar.org/sites/default/files/cover-image/retrieve%26filename%3Deb2b52dacc6d7a5e8be5852657df9956.jpg
2024-11-28 21:09:36,309 - INFO - Image saved for journal: Global Approaches to Extension Practice: A Journal of Agricultural Extension
2024-11-28 21:09:37,229 - INFO - Found image for Global Journal of Agricultural Sciences: https://www.inasp.org.uk/ajol/journals/images/gjofas.jpg
2024-11-28 21:09:38,589 - INFO - Image saved for journal: Global Journal of Agricultural Sciences
2024-11-28 21:09:39,365 - INFO - Found image for Global Journal of Community Medicine: https://www.medipacademy.com/images/ijcmph.webp
2024-11-28 21:09:40,483 - INFO - Image saved for journal: Global Journal of Community Medicine
2024-11-28 21:09:41,264 - INFO - Found image for Global Journal of Educational Research: https://www.ajol.info/public/journals/189/homepageImage_en_US.jpg
2024-11-28 21:09:42,619 - INFO - Image saved for journal: Global Journal of Educational Research
2024-11-28 21:09:43,457 - INFO - Found image for Global Journal of Engineering Research: https://www.ajol.info/public/journals/105/homepageImage_en_US.jpg
2024-11-28 21:09:44,623 - INFO - Image saved for journal: Global Journal of Engineering Research
2024-11-28 21:09:45,503 - INFO - Found image for Global Journal of Geological Sciences: https://www.ajol.info/public/journals/103/homepageImage_en_US.jpg
2024-11-28 21:09:46,858 - INFO - Image saved for journal: Global Journal of Geological Sciences
2024-11-28 21:09:47,449 - INFO - Found image for Global Journal of Geological Sciences: https://www.ajol.info/public/journals/103/homepageImage_en_US.jpg
2024-11-28 21:09:48,785 - INFO - Image saved for journal: Global Journal of Geological Sciences
2024-11-28 21:09:49,704 - INFO - Found image for Global Journal of Humanities: https://www.grpublishing.org/journals/public/journals/2/homepageImage_en.jpg
2024-11-28 21:09:52,294 - INFO - Image saved for journal: Global Journal of Humanities
2024-11-28 21:09:52,773 - WARNING - No image found for journal: Global Journal of Mathematical Sciences
2024-11-28 21:09:52,776 - INFO - No image found for journal: Global Journal of Mathematical Sciences
2024-11-28 21:09:53,593 - INFO - Found image for Global Journal of Medical Sciences: https://www.ijmrhs.com/images/ijmrhslogo.jpg
2024-11-28 21:09:54,309 - INFO - Image saved for journal: Global Journal of Medical Sciences
2024-11-28 21:09:55,042 - INFO - Found image for Global Journal of Pure and Applied Sciences: https://www.ajol.info/public/journals/87/homepageImage_en_US.jpg
2024-11-28 21:09:56,567 - INFO - Image saved for journal: Global Journal of Pure and Applied Sciences
2024-11-28 21:09:57,280 - INFO - Found image for Global Journal of Social Sciences: https://www.walshmedicalmedia.com/admin/flyers/global-journal-of-interdisciplinary-social-sciences-flyer.jpg
2024-11-28 21:09:59,025 - INFO - Image saved for journal: Global Journal of Social Sciences
2024-11-28 21:09:59,637 - WARNING - No image found for journal: Highland Medical Research Journal
2024-11-28 21:09:59,641 - INFO - No image found for journal: Highland Medical Research Journal
2024-11-28 21:10:00,352 - INFO - Found image for Ibadan Journal of Humanistic Studies: https://www.ajol.info/public/journals/474/homepageImage_en_US.jpg
2024-12-02 06:40:08,046 - INFO - Found image for Science et Technique, Sciences de la Santé: https://knowledgehub.iphce.org/wp-content/uploads/2021/04/Science-et-Technique-Sciences-de-la-Sante.jpg
2024-12-02 06:40:11,699 - WARNING - Failed to download image for journal: Science et Technique, Sciences de la Santé - Status code: 404
2024-12-02 06:40:12,653 - INFO - Found image for East Africa Science: https://cega.berkeley.edu/wp-content/uploads/2018/12/visiting-fellows_22770798561_o-1-e1544133990757.jpg
2024-12-02 06:40:14,188 - WARNING - Failed to download image for journal: East Africa Science - Status code: 403
2024-12-02 06:40:15,008 - INFO - Found image for African Journal of Sustainable Development: https://www.un.org/osaa/sites/www.un.org.osaa/files/confirmed_reworked_94_3_9.9.24.png
2024-12-02 06:40:15,622 - WARNING - Failed to download image for journal: African Journal of Sustainable Development - Status code: 403
2024-12-02 06:40:16,533 - INFO - Found image for Global Journal of Mathematical Sciences: https://www.ajol.info/public/journals/655/homepageImage_en_US.jpg
2024-12-02 06:40:20,638 - INFO - Image saved for journal: Global Journal of Mathematical Sciences
2024-12-02 06:40:21,786 - INFO - Found image for Highland Medical Research Journal: https://www.ajol.info/public/journals/233/homepageImage_en_US.png
2024-12-02 06:40:24,845 - INFO - Image saved for journal: Highland Medical Research Journal
2024-12-02 06:40:25,565 - INFO - Found image for Ibadan Journal of Humanistic Studies: https://www.ajol.info/public/journals/474/homepageImage_en_US.jpg
2024-12-02 06:40:27,203 - INFO - Image saved for journal: Ibadan Journal of Humanistic Studies
2024-12-02 06:40:28,015 - INFO - Found image for Ife Journal of Science: https://www.ajol.info/public/journals/219/homepageImage_en_US.jpg
2024-12-02 06:40:29,218 - INFO - Image saved for journal: Ife Journal of Science
2024-12-02 06:40:30,064 - INFO - Found image for IFE PsychologIA: https://www.ajol.info/public/journals/140/homepageImage_en_US.png
2024-12-02 06:40:31,786 - INFO - Image saved for journal: IFE PsychologIA
2024-12-02 06:40:32,729 - INFO - Found image for Ilorin Journal of Religious Studies: https://www.ajol.info/public/journals/501/homepageImage_en_US.jpg
2024-12-02 06:40:33,877 - INFO - Image saved for journal: Ilorin Journal of Religious Studies
2024-12-02 06:40:34,670 - INFO - Found image for Information Impact: Journal of Information and Knowledge Management: https://www.ajol.info/public/journals/564/homepageImage_en_US.png
2024-12-02 06:40:35,882 - INFO - Image saved for journal: Information Impact: Journal of Information and Knowledge Management
2024-12-02 06:40:36,719 - INFO - Found image for Information Manager (The): https://www.ssl2buy.com/wp-content/uploads/2021/12/information-management.jpg
2024-12-02 06:40:39,480 - INFO - Image saved for journal: Information Manager (The)
2024-12-02 06:40:40,406 - INFO - Found image for Information Technologist (The): https://www.cambridgehealth.edu/wp-content/uploads/2022/02/blog3-2.jpg
2024-12-02 06:40:42,546 - INFO - Image saved for journal: Information Technologist (The)
2024-12-02 06:40:43,682 - INFO - Found image for International Journal of Agriculture and Rural Development: https://www.ijard.com/images/COVER%20IJARD%2015%203%202012.jpg
2024-12-02 06:40:46,254 - INFO - Image saved for journal: International Journal of Agriculture and Rural Development
2024-12-02 06:40:47,061 - INFO - Found image for International Journal of Applied Agriculture and Apiculture Research: https://assets.echocommunity.org/links/3cd6e64a-a783-4f7f-ac39-26fb5647e00b/medium.jpg
2024-12-02 06:40:48,756 - INFO - Image saved for journal: International Journal of Applied Agriculture and Apiculture Research
2024-12-02 06:40:49,519 - INFO - Found image for International Journal of Basic, Applied and Innovative Research: https://www.ajol.info/public/journals/515/homepageImage_en_US.jpg
2024-12-02 06:40:50,406 - INFO - Image saved for journal: International Journal of Basic, Applied and Innovative Research
2024-12-02 06:40:51,259 - INFO - Found image for International Journal of Community Research: https://www.ajol.info/public/journals/518/homepageImage_en_US.jpg
2024-12-02 06:40:52,332 - INFO - Image saved for journal: International Journal of Community Research
2024-12-02 06:40:53,355 - INFO - Found image for International Journal of Development and Management Review: https://www.ajol.info/public/journals/404/homepageImage_en_US.jpg
2024-12-02 06:40:54,181 - INFO - Image saved for journal: International Journal of Development and Management Review
2024-12-02 06:40:55,048 - INFO - Found image for International Journal of Development and Policy Studies: https://www.ajol.info/public/journals/303/homepageImage.jpg
2024-12-02 06:40:55,930 - INFO - Image saved for journal: International Journal of Development and Policy Studies
2024-12-02 06:40:56,788 - INFO - Found image for International Journal of Educational Research: https://ars.els-cdn.com/content/image/X08830355.jpg
2024-12-02 06:40:57,181 - INFO - Image saved for journal: International Journal of Educational Research
2024-12-02 06:40:58,223 - INFO - Found image for International Journal of Engineering, Science and Technology: https://www.ajol.info/public/journals/431/homepageImage_en_US.jpg
2024-12-02 06:40:59,207 - INFO - Image saved for journal: International Journal of Engineering, Science and Technology
2024-12-02 06:41:00,066 - INFO - Found image for International Journal of Health Research: https://carijournals.org/journals/public/journals/17/homepageImage_en_US.jpg
2024-12-02 06:41:02,284 - INFO - Image saved for journal: International Journal of Health Research
2024-12-02 06:41:03,144 - INFO - Found image for International Journal of Herbs and Pharmacological Research: https://www.ajol.info/public/journals/519/homepageImage_en_US.jpg
2024-12-02 06:41:04,155 - INFO - Image saved for journal: International Journal of Herbs and Pharmacological Research
2024-12-02 06:41:04,684 - INFO - Found image for International Journal of Malaria and Tropical Diseases (IJMTD): https://d13i5xhouzkrd.cloudfront.net/168968043753/previews/article-1.png
2024-12-02 06:41:06,524 - INFO - Image saved for journal: International Journal of Malaria and Tropical Diseases (IJMTD)
2024-12-02 06:41:07,646 - INFO - Found image for International Journal of Medicine and Biomedical Research: https://ijmr.com.ua/web/images/cover.jpg
2024-12-02 06:41:08,776 - WARNING - Failed to download image for journal: International Journal of Medicine and Biomedical Research - Status code: 403
2024-12-02 06:41:09,487 - INFO - Found image for International Journal of Medicine and Health Development: https://img.exaly.com/journal-chart/94735/impact-factor/graph.svg
2024-12-02 06:41:10,255 - INFO - Image saved for journal: International Journal of Medicine and Health Development
2024-12-02 06:41:10,917 - INFO - Found image for International Journal of Natural and Applied Sciences: https://ipindexing.com/media/journal-cover-page/59840f2052ebe_International%20Research%20Journal%20Of%20Natural%20And%20Applied%20Sciences.jpg
2024-12-02 06:41:14,661 - INFO - Image saved for journal: International Journal of Natural and Applied Sciences
2024-12-02 06:41:15,425 - INFO - Found image for International Journal of Tropical Agriculture and Food Systems: https://foodsystemsjournal.org/public/journals/1/homepageImage_en_US.jpg
2024-12-02 06:41:17,072 - WARNING - Failed to download image for journal: International Journal of Tropical Agriculture and Food Systems - Status code: 403
2024-12-02 06:41:17,883 - INFO - Found image for Jos Journal of Medicine: https://www.ajol.info/public/journals/420/homepageImage_en_US.jpg
2024-12-02 06:41:19,056 - INFO - Image saved for journal: Jos Journal of Medicine
2024-12-02 06:41:19,931 - INFO - Found image for Journal of African Association of Physiological Sciences: https://ojshostng.com/public/journals/3/cover_issue_130_en_US.jpg
2024-12-02 06:41:22,166 - INFO - Image saved for journal: Journal of African Association of Physiological Sciences
2024-12-02 06:41:23,079 - INFO - Found image for Journal of Agricultural Extension: https://www.ajol.info/public/journals/396/homepageImage_en_US.jpg
2024-12-02 06:41:24,933 - INFO - Image saved for journal: Journal of Agricultural Extension
2024-12-02 06:41:25,860 - INFO - Found image for Journal of Agricultural Research and Development: https://www.ajol.info/public/journals/365/homepageImage.jpg
2024-12-02 06:41:26,794 - INFO - Image saved for journal: Journal of Agricultural Research and Development
2024-12-02 06:41:28,137 - INFO - Found image for Journal of Agriculture and Food Sciences: https://www.agriculturaljournals.com/images/international-journal-of-agriculture-and-food-science-coverpage.jpg
2024-12-02 06:41:31,011 - INFO - Image saved for journal: Journal of Agriculture and Food Sciences
2024-12-02 06:41:32,023 - INFO - Found image for Journal of Agriculture and Social Research (JASR): https://assets.echocommunity.org/links/0057874f-c9aa-4fc4-b937-c622fd8fbac9/medium.jpg
2024-12-02 06:41:33,635 - INFO - Image saved for journal: Journal of Agriculture and Social Research (JASR)
2024-12-02 06:41:34,782 - INFO - Found image for Journal of Environmental Extension: https://www.ajol.info/public/journals/13/homepageImage.jpg
2024-12-02 06:41:36,037 - INFO - Image saved for journal: Journal of Environmental Extension
2024-12-02 06:41:36,728 - INFO - Found image for Journal of Agriculture, Forestry and the Social Sciences: https://www.ajol.info/public/journals/232/homepageImage.gif
2024-12-02 06:41:37,687 - INFO - Image saved for journal: Journal of Agriculture, Forestry and the Social Sciences
2024-12-02 06:41:38,370 - INFO - Found image for Journal of Applied Chemistry and Agricultural Research: https://www.ajol.info/public/journals/337/homepageImage.jpg
2024-12-02 06:41:39,347 - INFO - Image saved for journal: Journal of Applied Chemistry and Agricultural Research
2024-12-02 06:41:40,106 - INFO - Found image for Journal of Applied Science, Engineering and Technology: https://journal.ic-star.org/public/journals/1/cover_issue_4_en_US.png
2024-12-02 06:41:42,867 - INFO - Image saved for journal: Journal of Applied Science, Engineering and Technology
2024-12-02 06:41:43,587 - INFO - Found image for Journal of Applied Sciences and Environmental Management: http://www.bioline.org.br/imgs/covers/ja_cover.jpg
2024-12-02 06:41:44,849 - INFO - Image saved for journal: Journal of Applied Sciences and Environmental Management
2024-12-02 06:41:45,531 - INFO - Found image for Journal of Aquatic Sciences: https://www.sciepub.com/common/showimages.aspx?idj=90002&idt=1
2024-12-02 06:41:47,927 - INFO - Image saved for journal: Journal of Aquatic Sciences
2024-12-02 06:41:48,809 - INFO - Found image for Journal of Basic and Clinical Reproductive Sciences: https://www.pulsus.com/admin/citation-images/journal-of-basic-and-clinical-reproductive-sciences-citation.png
2024-12-02 06:41:49,875 - INFO - Image saved for journal: Journal of Basic and Clinical Reproductive Sciences
2024-12-02 06:41:50,614 - INFO - Found image for Journal of Biomedical Investigation: https://www.ajol.info/public/journals/200/homepageImage.gif
2024-12-02 06:41:51,768 - INFO - Image saved for journal: Journal of Biomedical Investigation
2024-12-02 06:41:52,494 - INFO - Found image for Journal of Community Medicine and Primary Health Care: https://www.ajol.info/public/journals/221/homepageImage_en_US.png
2024-12-02 06:41:53,960 - INFO - Image saved for journal: Journal of Community Medicine and Primary Health Care
2024-12-02 06:41:54,748 - INFO - Found image for Journal of Computer Science and Its Application: https://www.ajol.info/public/journals/446/homepageImage_en_US.jpg
2024-12-02 06:41:55,908 - INFO - Image saved for journal: Journal of Computer Science and Its Application
2024-12-02 06:41:56,696 - INFO - Found image for Journal of Cultural Studies: http://us.sagepub.com/sites/default/files/upm-binaries/styles/sage_thumbnail_width_150px/feed/117593_specs_24_1_72ppiRGB_150pixw.jpg
2024-12-02 06:41:57,325 - INFO - Image saved for journal: Journal of Cultural Studies
2024-12-02 06:41:58,026 - INFO - Found image for Journal of Dietitians Association of Nigeria: https://www.ajol.info/public/journals/573/homepageImage_en_US.jpg
2024-12-02 06:42:01,587 - INFO - Image saved for journal: Journal of Dietitians Association of Nigeria
2024-12-02 06:42:02,540 - INFO - Found image for Journal of Educational Foundations: https://img1.wsimg.com/isteam/ip/7b7d8256-7ebe-43a8-9f8d-677e64c4940a/Screen%20Shot%202022-08-17%20at%205.10.36%20PM.png
2024-12-02 06:42:05,130 - INFO - Image saved for journal: Journal of Educational Foundations
2024-12-02 06:42:05,817 - INFO - Found image for Journal of Experimental and Clinical Anatomy: https://www.ajol.info/public/journals/206/homepageImage.gif
2024-12-02 06:42:07,510 - INFO - Image saved for journal: Journal of Experimental and Clinical Anatomy
2024-12-02 06:42:08,274 - INFO - Found image for Journal of Health and Visual Sciences: https://www.ajol.info/public/journals/371/homepageImage_en_US.jpg
2024-12-02 06:42:09,989 - INFO - Image saved for journal: Journal of Health and Visual Sciences
2024-12-02 06:42:10,831 - INFO - Found image for Journal of History and Diplomatic Studies: https://www.ajol.info/public/journals/447/homepageImage_en_US.jpg
2024-12-02 06:42:12,093 - INFO - Image saved for journal: Journal of History and Diplomatic Studies
2024-12-02 06:42:12,877 - INFO - Found image for Journal of Librarianship and Information Science in Africa: https://www.ajol.info/public/journals/158/homepageImage.gif
2024-12-02 06:42:14,351 - INFO - Image saved for journal: Journal of Librarianship and Information Science in Africa
2024-12-02 06:42:15,127 - INFO - Found image for Journal of Medical Investigation and Practice: https://www.ejmi.org/images/kapak.jpg
2024-12-02 06:42:16,456 - ERROR - Error saving image for journal Journal of Medical Investigation and Practice: HTTPSConnectionPool(host='www.ejmi.org', port=443): Max retries exceeded with url: /images/kapak.jpg (Caused by SSLError(SSLCertVerificationError(1, '[SSL: CERTIFICATE_VERIFY_FAILED] certificate verify failed: certificate has expired (_ssl.c:1000)')))
2024-12-02 06:42:17,522 - INFO - Found image for Journal of Medical Laboratory Science: https://www.ajol.info/public/journals/577/homepageImage_en_US.jpg
2024-12-02 06:42:19,477 - INFO - Image saved for journal: Journal of Medical Laboratory Science
2024-12-02 06:42:20,247 - INFO - Found image for Journal of Medicine and Biomedical Research: https://www.ajol.info/public/journals/61/homepageImage_en_US.png
2024-12-02 06:42:22,310 - INFO - Image saved for journal: Journal of Medicine and Biomedical Research
2024-12-02 06:42:23,170 - INFO - Found image for Journal of Medicine and Medical Sciences: https://www.ajol.info/public/journals/62/homepageImage.jpg
2024-12-02 06:42:24,292 - INFO - Image saved for journal: Journal of Medicine and Medical Sciences
2024-12-02 06:42:25,163 - INFO - Found image for Journal of Medicine in the Tropics: https://www.ajol.info/public/journals/252/homepageImage_en_US.jpg
2024-12-02 06:42:26,451 - INFO - Image saved for journal: Journal of Medicine in the Tropics
2024-12-02 06:42:27,216 - INFO - Found image for Journal of Meteorology and Climate Science: https://www.ajol.info/public/journals/491/homepageImage_en_US.jpg
2024-12-02 06:42:28,089 - INFO - Image saved for journal: Journal of Meteorology and Climate Science
2024-12-02 06:42:29,078 - INFO - Found image for Journal of Mining and Geology: https://www.opastpublishers.com/content/flyers/journal-of-geology--mining-flyer.jpg
2024-12-02 06:42:30,469 - WARNING - Failed to download image for journal: Journal of Mining and Geology - Status code: 406
2024-12-02 06:42:31,513 - INFO - Found image for Journal of Modeling, Design and Management of Engineering Systems: https://www.ajol.info/public/journals/107/homepageImage_en_US.jpg
2024-12-02 06:42:32,395 - INFO - Image saved for journal: Journal of Modeling, Design and Management of Engineering Systems
2024-12-02 06:42:33,160 - INFO - Found image for Journal of Pharmaceutical and Allied Sciences: https://www.ajol.info/public/journals/249/homepageImage_en_US.jpg
2024-12-02 06:42:34,255 - INFO - Image saved for journal: Journal of Pharmaceutical and Allied Sciences
2024-12-02 06:42:34,991 - INFO - Found image for Journal of Pharmacy & Bioresources: https://onlinelibrary.wiley.com/cover/20427174
2024-12-02 06:42:35,129 - WARNING - Failed to download image for journal: Journal of Pharmacy & Bioresources - Status code: 403
2024-12-02 06:42:36,225 - INFO - Found image for Journal of Phytomedicine and Therapeutics: https://ars.els-cdn.com/content/image/X26670313.jpg
2024-12-02 06:42:37,454 - INFO - Image saved for journal: Journal of Phytomedicine and Therapeutics
2024-12-02 06:42:38,379 - INFO - Found image for Journal of Radiography and Radiation Sciences: https://www.ajol.info/public/journals/597/homepageImage_en_US.jpg
2024-12-02 06:42:40,311 - INFO - Image saved for journal: Journal of Radiography and Radiation Sciences
2024-12-02 06:42:41,152 - INFO - Found image for Journal of Religion and Human Relations: https://www.ajol.info/public/journals/497/homepageImage_en_US.jpg
2024-12-02 06:42:42,425 - INFO - Image saved for journal: Journal of Religion and Human Relations
2024-12-02 06:42:43,089 - INFO - Found image for Journal of the Nigerian Optometric Association: https://www.ajol.info/public/journals/422/homepageImage_en_US.jpg
2024-12-02 06:42:44,130 - INFO - Image saved for journal: Journal of the Nigerian Optometric Association
2024-12-02 06:42:45,132 - INFO - Found image for Journal of Research in Forestry, Wildlife and Environment: https://www.ajol.info/public/journals/473/homepageImage_en_US.jpg
2024-12-02 06:42:46,310 - INFO - Image saved for journal: Journal of Research in Forestry, Wildlife and Environment
2024-12-02 06:42:47,031 - INFO - Found image for Journal of Research in National Development: https://i1.rgstatic.net/publication/327755333_Journal_of_Research_in_National_Development/links/5e0933b492851c8364a48301/largepreview.png
2024-12-02 06:42:48,259 - INFO - Image saved for journal: Journal of Research in National Development
2024-12-02 06:42:49,022 - INFO - Found image for Journal of Surgical Technique and Case Report: https://www.ajol.info/public/journals/421/homepageImage_en_US.jpg
2024-12-02 06:42:50,263 - INFO - Image saved for journal: Journal of Surgical Technique and Case Report
2024-12-02 06:42:51,378 - INFO - Found image for Journal of Sustainable Development Law and Policy: https://www.ajol.info/public/journals/549/homepageImage_en_US.jpg
2024-12-02 06:42:52,698 - INFO - Image saved for journal: Journal of Sustainable Development Law and Policy
2024-12-02 06:42:53,548 - INFO - Found image for Journal of Technology and Education in Nigeria: https://www.ajol.info/public/journals/263/homepageImage.gif
2024-12-02 06:42:54,834 - INFO - Image saved for journal: Journal of Technology and Education in Nigeria
2024-12-02 06:42:55,577 - INFO - Found image for Journal of the Association of Nigerian Musicologists: https://www.ajol.info/public/journals/462/homepageImage_en_US.jpg
2024-12-02 06:42:56,594 - INFO - Image saved for journal: Journal of the Association of Nigerian Musicologists
2024-12-02 06:42:57,318 - INFO - Found image for Journal of the Nigerian Association of Mathematical Physics: http://nampjournals.org/wp-content/uploads/2022/07/Journal-cover-PNG.png
2024-12-02 06:42:58,441 - WARNING - Failed to download image for journal: Journal of the Nigerian Association of Mathematical Physics - Status code: 412
2024-12-02 06:42:59,268 - INFO - Found image for Journal of the Nigerian Infection Control Association: https://www.ajol.info/public/journals/63/homepageImage.jpg
2024-12-02 06:43:00,536 - INFO - Image saved for journal: Journal of the Nigerian Infection Control Association
2024-12-02 06:43:01,515 - INFO - Found image for Journal of the Obafemi Awolowo University Medical Student's Association (IFEMED): https://www.ajol.info/public/journals/352/homepageImage.jpg
2024-12-02 06:43:02,550 - INFO - Image saved for journal: Journal of the Obafemi Awolowo University Medical Student's Association (IFEMED)
2024-12-02 06:43:03,156 - INFO - Found image for Kanem Journal of Medical Sciences: https://kjmsmedicaljournal.com/public/journals/1/cover_issue_39_en.jpg
2024-12-02 06:43:05,550 - INFO - Image saved for journal: Kanem Journal of Medical Sciences
2024-12-02 06:43:06,229 - INFO - Found image for Kashere Journal of Education: https://www.ajol.info/public/journals/603/homepageImage_en_US.png
2024-12-02 06:43:07,764 - INFO - Image saved for journal: Kashere Journal of Education
2024-12-02 06:43:08,477 - INFO - Found image for Lagos Historical Review: https://www.ajol.info/public/journals/224/homepageImage.gif
2024-12-02 06:43:09,668 - INFO - Image saved for journal: Lagos Historical Review
2024-12-02 06:43:10,424 - INFO - Found image for Nigeria Journal of Pure and Applied Physics: https://www.ajol.info/public/journals/122/homepageImage_en_US.jpg
2024-12-02 06:43:11,595 - INFO - Image saved for journal: Nigeria Journal of Pure and Applied Physics
2024-12-02 06:43:12,368 - INFO - Found image for Lagos Journal of Library and Information Science: https://www.ajol.info/public/journals/260/homepageImage.gif
2024-12-02 06:43:13,344 - INFO - Image saved for journal: Lagos Journal of Library and Information Science
2024-12-02 06:43:14,018 - INFO - Found image for Lagos Notes and Records: https://m.media-amazon.com/images/I/61xFSuc-jmL._AC_UF1000,1000_QL80_.jpg
2024-12-02 06:43:14,883 - INFO - Image saved for journal: Lagos Notes and Records
2024-12-02 06:43:15,648 - INFO - Found image for LBS Management Review: https://www.runnings.com/media/catalog/product/2/9/293309_9f09.jpg
2024-12-02 06:43:17,081 - WARNING - Failed to download image for journal: LBS Management Review - Status code: 403
2024-12-02 06:43:17,797 - INFO - Found image for Mary Slessor Journal of Medicine: https://www.ajol.info/public/journals/65/homepageImage.jpg
2024-12-02 06:43:18,945 - INFO - Image saved for journal: Mary Slessor Journal of Medicine
2024-12-02 06:43:19,643 - INFO - Found image for Mgbakoigba: Journal of African Studies: https://www.ajol.info/public/journals/541/homepageImage_en_US.jpg
2024-12-02 06:43:20,727 - INFO - Image saved for journal: Mgbakoigba: Journal of African Studies
2024-12-02 06:43:21,483 - INFO - Found image for Moor Journal of Agricultural Research: https://iart.gov.ng/moorjournal/public/journals/1/cover_issue_3_en_US.jpg
2024-12-02 06:43:24,680 - INFO - Image saved for journal: Moor Journal of Agricultural Research
2024-12-02 06:43:25,682 - INFO - Found image for Nigeria Agricultural Journal: https://www.ajol.info/public/journals/16/homepageImage_en_US.jpg
2024-12-02 06:43:26,738 - INFO - Image saved for journal: Nigeria Agricultural Journal
2024-12-02 06:43:27,629 - INFO - Found image for Nigeria Journal of Business Administration: https://www.acseusa.org/journal/public/journals/1/cover_issue_40_en_US.png
2024-12-02 06:43:31,432 - INFO - Image saved for journal: Nigeria Journal of Business Administration
2024-12-02 06:43:32,133 - INFO - Found image for Nigerian Dental Journal: https://nigeriandentaljournal.ng/public/journals/1/cover_issue_36_en_US.jpg
2024-12-02 06:43:34,432 - INFO - Image saved for journal: Nigerian Dental Journal
2024-12-02 06:43:35,204 - INFO - Found image for Nigerian Endocrine Practice: https://www.ajol.info/public/journals/467/homepageImage_en_US.jpg
2024-12-02 06:43:36,071 - INFO - Image saved for journal: Nigerian Endocrine Practice
2024-12-02 06:43:36,741 - INFO - Found image for Nigerian Food Journal: https://www.ajol.info/public/journals/231/homepageImage_en_US.jpg
2024-12-02 06:43:38,031 - INFO - Image saved for journal: Nigerian Food Journal
2024-12-02 06:43:38,789 - INFO - Found image for Nigerian Health Journal: https://www.ajol.info/public/journals/476/homepageImage_en_US.jpg
2024-12-02 06:43:39,956 - INFO - Image saved for journal: Nigerian Health Journal
2024-12-02 06:43:40,632 - INFO - Found image for Nigerian Journal of Animal Production: https://njap.org.ng/public/journals/1/homepageImage_en_US.png
2024-12-02 06:43:42,857 - INFO - Image saved for journal: Nigerian Journal of Animal Production
2024-12-02 06:43:43,704 - INFO - Found image for Nigerian Journal of Animal Science: https://www.ajol.info/public/journals/208/homepageImage_en_US.jpg
2024-12-02 06:43:44,783 - INFO - Image saved for journal: Nigerian Journal of Animal Science
2024-12-02 06:43:45,548 - INFO - Found image for Nigerian Journal of Basic and Applied Sciences: https://www.ajol.info/public/journals/411/homepageImage_en_US.jpg
2024-12-02 06:43:46,498 - INFO - Image saved for journal: Nigerian Journal of Basic and Applied Sciences
2024-12-02 06:43:47,288 - INFO - Found image for Nigerian Journal of Biotechnology: https://www.ajol.info/public/journals/514/homepageImage_en_US.jpg
2024-12-02 06:43:48,868 - INFO - Image saved for journal: Nigerian Journal of Biotechnology
2024-12-02 06:43:49,540 - INFO - Found image for Nigerian Journal of Botany: https://www.ajol.info/public/journals/613/homepageImage_en_US.jpg
2024-12-02 06:43:51,536 - INFO - Image saved for journal: Nigerian Journal of Botany
2024-12-02 06:43:52,306 - INFO - Found image for Nigerian Journal of Chemical Research: https://www.ajol.info/public/journals/262/homepageImage.gif
2024-12-02 06:43:53,418 - INFO - Image saved for journal: Nigerian Journal of Chemical Research
2024-12-02 06:43:54,251 - INFO - Found image for Nigerian Journal of Christian Studies: https://www.ajol.info/public/journals/598/homepageImage_en_US.jpg
2024-12-02 06:43:55,576 - INFO - Image saved for journal: Nigerian Journal of Christian Studies
2024-12-02 06:43:56,299 - INFO - Found image for Nigerian Journal of Clinical and Counselling Psychology: https://www.ajol.info/public/journals/142/homepageImage.jpg
2024-12-02 06:43:57,159 - INFO - Image saved for journal: Nigerian Journal of Clinical and Counselling Psychology
2024-12-02 06:43:57,835 - INFO - Found image for Journal of Consumer Sciences: https://higherlogicdownload.s3.amazonaws.com/AAFCS/MessageImages/917e592d76b345cb84251b71160500cb.jpg
2024-12-02 06:44:03,491 - INFO - Image saved for journal: Journal of Consumer Sciences
2024-12-02 06:44:04,158 - INFO - Found image for Nigerian Journal of Clinical Medicine: https://www.ajol.info/public/journals/66/homepageImage_en_US.png
2024-12-02 06:44:05,794 - INFO - Image saved for journal: Nigerian Journal of Clinical Medicine
2024-12-02 06:44:07,112 - INFO - Found image for Nigerian Journal of Clinical Practice: https://www.ajol.info/public/journals/66/homepageImage_en_US.png
2024-12-02 06:44:08,484 - INFO - Image saved for journal: Nigerian Journal of Clinical Practice
2024-12-02 06:44:09,201 - INFO - Found image for Nigerian Journal of Dental Research: https://njdres.com/public/journals/1/cover_issue_21_en_US.jpg
2024-12-02 06:44:11,760 - INFO - Image saved for journal: Nigerian Journal of Dental Research
2024-12-02 06:44:12,582 - INFO - Found image for Nigerian Journal of Economic History: https://www.ajol.info/public/journals/271/homepageImage.JPG
2024-12-07 21:12:34,382 - INFO - Found image for Abraka Humanities Review: https://www.ajol.info/public/journals/664/homepageImage_en_US.jpg
2024-12-07 21:12:37,012 - INFO - Image saved for journal: Abraka Humanities Review
2024-12-07 21:12:37,916 - INFO - Found image for ABUAD Journal of Engineering Research and Development: https://www.ajol.info/public/journals/786/homepageImage_en_US.jpg
2024-12-07 21:12:39,713 - INFO - Image saved for journal: ABUAD Journal of Engineering Research and Development
2024-12-07 21:12:40,627 - INFO - Found image for Abyssinia Journal of Engineering and Computing: https://www.ajol.info/public/journals/788/homepageImage_en_US.jpg
2024-12-07 21:12:42,004 - INFO - Image saved for journal: Abyssinia Journal of Engineering and Computing
2024-12-07 21:12:42,879 - INFO - Found image for Abyssinia Journal of Science and Technology: https://www.ajol.info/public/journals/630/homepageImage_en_US.jpg
2024-12-07 21:12:45,802 - INFO - Image saved for journal: Abyssinia Journal of Science and Technology
2024-12-07 21:12:47,079 - INFO - Found image for Academic Web Journal of Medical Science: https://www.siumed.edu/sites/default/files/styles/uncropped_450/public/2023-09/Web-Image.jpg?itok=26rvK6B0
2024-12-07 21:12:49,975 - INFO - Image saved for journal: Academic Web Journal of Medical Science
2024-12-07 21:12:51,380 - INFO - Found image for Academy Journal of Science and Engineering: https://www.ajol.info/public/journals/635/homepageImage_en_US.png
2024-12-07 21:12:53,717 - INFO - Image saved for journal: Academy Journal of Science and Engineering
2024-12-07 21:12:54,657 - INFO - Found image for ACCORD Occasional Paper: http://blackwax.org/jpg/accord-occasional-paper-2008-2-security-sector-reform-in-africa.jpg
2024-12-07 21:12:56,651 - INFO - Image saved for journal: ACCORD Occasional Paper
2024-12-07 21:12:57,626 - INFO - Found image for Acta Academica: https://journals.co.za/cms/asset/2aa78d07-0cb8-4127-9aa2-ae6716bb6e2d/academ.v52.n2.cover.jpg
2024-12-07 21:12:57,796 - WARNING - Failed to download image for journal: Acta Academica - Status code: 403
2024-12-07 21:12:58,752 - INFO - Found image for Acta Classica : Proceedings of the Classical Association of South Africa: https://cosmobooks-co-uk.cdn.bibliopolis.com/pictures/415149.jpg?width=768&height=1000&fit=bounds&auto=webp&v=1668584519
2024-12-07 21:13:00,492 - INFO - Image saved for journal: Acta Classica : Proceedings of the Classical Association of South Africa
2024-12-07 21:13:01,313 - INFO - Found image for Acta Commercii: https://aosis.co.za/wp-content/uploads/2023/06/ACTA-COMMERCII-Special-Issue.png
2024-12-07 21:13:05,041 - INFO - Image saved for journal: Acta Commercii
2024-12-07 21:13:05,861 - INFO - Found image for Acta Criminologica : African Journal of Criminology & Victimology: https://journals.co.za/cms/asset/10685c46-3ef4-4c72-ba50-74ac85248a93/crim.v37.n1.cover.jpg
2024-12-07 21:13:05,976 - WARNING - Failed to download image for journal: Acta Criminologica : African Journal of Criminology & Victimology - Status code: 403
2024-12-07 21:13:06,842 - INFO - Found image for Acta Germanica : German Studies in Africa: https://images.booksense.com/images/792/870/9783631870792.jpg
2024-12-07 21:13:08,141 - INFO - Image saved for journal: Acta Germanica : German Studies in Africa
2024-12-07 21:13:08,788 - INFO - Found image for Acta Juridica: https://akjournals.com/coverimage?doc=%2Fjournals%2F026%2F026-overview.xml&width=200
2024-12-07 21:13:10,230 - WARNING - Failed to download image for journal: Acta Juridica - Status code: 403
2024-12-07 21:13:11,143 - INFO - Found image for Acta Patristica et Byzantina: https://journals.co.za/cms/asset/4e9786bb-68d3-48f7-a3e2-28519e82b5eb/default_cover.jpg
2024-12-07 21:13:11,296 - WARNING - Failed to download image for journal: Acta Patristica et Byzantina - Status code: 403
2024-12-07 21:13:11,963 - INFO - Found image for Acta Structilia: https://www.ajol.info/public/journals/468/homepageImage_en_US.jpg
2024-12-07 21:13:16,045 - INFO - Image saved for journal: Acta Structilia
2024-12-07 21:13:16,877 - INFO - Found image for Acta Structilia : Journal for the Physical and Development Sciences: https://www.ajol.info/public/journals/468/homepageImage_en_US.jpg
2024-12-07 21:13:20,717 - INFO - Image saved for journal: Acta Structilia : Journal for the Physical and Development Sciences
2024-12-07 21:13:21,486 - INFO - Found image for Acta Structilla: https://0.academia-photos.com/attachment_thumbnails/68709582/mini_magick20210812-32217-1pwwzxc.png?1628767011
2024-12-07 21:13:23,465 - INFO - Image saved for journal: Acta Structilla
2024-12-07 21:13:24,660 - INFO - Found image for Acta Theologica: https://www.ajol.info/public/journals/30/homepageImage_en_US.jpg
2024-12-07 21:13:25,698 - INFO - Image saved for journal: Acta Theologica
2024-12-07 21:13:26,810 - INFO - Found image for Advanced Dental Journal: https://adjc.journals.ekb.eg/data/adjc/coversheet/cover_en.jpg
2024-12-07 21:13:29,429 - INFO - Image saved for journal: Advanced Dental Journal
2024-12-07 21:13:30,394 - INFO - Found image for Advanced Research in Economics and Business Strategy Journal: https://www.ajol.info/public/journals/775/homepageImage_en_US.jpg
2024-12-07 21:13:34,676 - INFO - Image saved for journal: Advanced Research in Economics and Business Strategy Journal
2024-12-07 21:13:35,481 - INFO - Found image for Advances in Computing and Engineering: https://cdn11.bigcommerce.com/s-eb528d73s5/images/stencil/1280x1280/products/42289/45171/028215__97553.1636341861.png?c=1
2024-12-07 21:13:36,912 - INFO - Image saved for journal: Advances in Computing and Engineering
2024-12-07 21:13:38,075 - INFO - Found image for Advances in Medical, Pharmaceutical and Dental Research: https://lookaside.fbsbx.com/lookaside/crawler/media/?media_id=505684778834780
2024-12-07 21:13:38,739 - INFO - Image saved for journal: Advances in Medical, Pharmaceutical and Dental Research
2024-12-07 21:13:39,918 - INFO - Found image for Advocate: https://www.kcsarc.org/wp-content/uploads/2021/08/AmplifyMegaphone.png
2024-12-07 21:13:42,536 - INFO - Image saved for journal: Advocate
2024-12-07 21:13:43,400 - INFO - Found image for Afak For Sciences: https://afak-revues.com/public/journals/1/cover_issue_36_ar_IQ.jpg
2024-12-07 21:13:45,924 - INFO - Image saved for journal: Afak For Sciences
2024-12-07 21:13:46,881 - INFO - Found image for Afak's magazine for political and legal researches: https://pbs.twimg.com/media/GdPVFbVakAAFaK-?format=jpg&name=large
2024-12-07 21:13:48,602 - INFO - Image saved for journal: Afak's magazine for political and legal researches
2024-12-07 21:13:49,441 - INFO - Found image for AFFRIKA Journal of Politics, Economics and Society: https://journals.co.za/cms/asset/dd3dddee-c3ee-47d8-8d54-7c42f730bae1/default_cover.jpg
2024-12-07 21:13:49,558 - WARNING - Failed to download image for journal: AFFRIKA Journal of Politics, Economics and Society - Status code: 403
2024-12-07 21:13:50,466 - INFO - Found image for AFMA Matrix: https://www.afma.co.za/wp-content/uploads/A_OFC-Matrix-October-2024.webp
2024-12-07 21:13:52,366 - INFO - Image saved for journal: AFMA Matrix
2024-12-07 21:13:53,434 - INFO - Found image for Africa affairs: https://lookaside.fbsbx.com/lookaside/crawler/media/?media_id=100032452857245
2024-12-07 21:13:54,093 - INFO - Image saved for journal: Africa affairs
2024-12-07 21:13:55,585 - INFO - Found image for Africa Conflict Monitor: https://journals.co.za/cms/asset/d3da549d-3529-42e3-98fb-ea40515dd188/default_cover.jpg
2024-12-07 21:13:55,730 - WARNING - Failed to download image for journal: Africa Conflict Monitor - Status code: 403
2024-12-07 21:13:56,609 - INFO - Found image for Africa Conflict Monthly Monitor: https://journals.co.za/cms/asset/d3da549d-3529-42e3-98fb-ea40515dd188/default_cover.jpg
2024-12-07 21:13:56,716 - WARNING - Failed to download image for journal: Africa Conflict Monthly Monitor - Status code: 403
2024-12-07 21:13:57,531 - INFO - Found image for Africa Country Benchmark Report (ACBR): https://cdn-ilbginp.nitrocdn.com/XwOQKXqdDcxnNHXxVRmYvmUxrzcxaxwr/assets/images/optimized/rev-a97a521/www.inonafrica.com/wp-content/uploads/2019/08/ACBR-purchase-banner-2019.png
2024-12-07 21:13:58,289 - INFO - Image saved for journal: Africa Country Benchmark Report (ACBR)
2024-12-07 21:13:59,274 - INFO - Found image for Africa Design Review Journal: https://uonjournals.uonbi.ac.ke/ojs/public/journals/23/cover_issue_138_en_US.jpg
2024-12-07 21:13:59,595 - INFO - Image saved for journal: Africa Design Review Journal
2024-12-07 21:14:00,706 - INFO - Found image for Africa Development: https://www.afdb.org/sites/default/files/2019/06/07/csm_01-high-five-landing-page-africa_f3ceeab1ba.jpg
2024-12-07 21:14:00,924 - WARNING - Failed to download image for journal: Africa Development - Status code: 403
2024-12-07 21:14:01,934 - INFO - Found image for Africa Dialogue Monograph Series: http://blackwax.org/jpg/accord-monograph-2012-1.jpg
2024-12-07 21:14:03,558 - INFO - Image saved for journal: Africa Dialogue Monograph Series
2024-12-07 21:14:04,399 - INFO - Found image for Africa Education Review: https://www.tandfonline.com/doi/cover-img/10.1080/raer20.v004.i02
2024-12-07 21:14:04,642 - WARNING - Failed to download image for journal: Africa Education Review - Status code: 403
2024-12-07 21:14:05,624 - INFO - Found image for Africa Growth Agenda: https://www.africagrowth.com/images/contents_july_11.jpg
2024-12-07 21:14:08,241 - INFO - Image saved for journal: Africa Growth Agenda
2024-12-07 21:14:09,309 - INFO - Found image for Africa Health: https://www.afro.who.int/sites/default/files/2019-03/d7a94382a75116bb2ab5d1a5204b28.png
2024-12-07 21:14:12,370 - INFO - Image saved for journal: Africa Health
2024-12-07 21:14:13,303 - INFO - Found image for Africain de Chirurgie Orthopédique et Traumatologique: https://hub.jbjs.org/php/image_api.php?op=load&id=482879
2024-12-07 21:14:14,838 - WARNING - Failed to download image for journal: Africain de Chirurgie Orthopédique et Traumatologique - Status code: 500
2024-12-07 21:14:15,758 - INFO - Found image for Africa Insight: https://lookaside.fbsbx.com/lookaside/crawler/media/?media_id=100063888410530
2024-12-07 21:14:16,300 - INFO - Image saved for journal: Africa Insight
2024-12-07 21:14:17,089 - INFO - Found image for Africa Institute Occasional Paper: https://m.media-amazon.com/images/I/61kDodrknRL._AC_UF1000,1000_QL80_.jpg
2024-12-07 21:14:17,916 - INFO - Image saved for journal: Africa Institute Occasional Paper
2024-12-07 21:14:18,933 - INFO - Found image for Africa Journal of Comparative Constitutional Law: https://www.jutajournals.co.za/wp-content/uploads/2019/09/AJCL.jpg
2024-12-07 21:14:19,820 - INFO - Image saved for journal: Africa Journal of Comparative Constitutional Law
2024-12-07 21:14:20,674 - INFO - Found image for Africa Journal of Nursing and Midwifery: https://journals.co.za/cms/asset/71c7ae79-6068-4796-b0d2-e1d06fd50558/default_cover.jpg
2024-12-07 21:14:20,784 - WARNING - Failed to download image for journal: Africa Journal of Nursing and Midwifery - Status code: 403
2024-12-07 21:14:21,697 - INFO - Found image for Africa Journal of Physical Sciences: https://lookaside.fbsbx.com/lookaside/crawler/media/?media_id=100064312616272
2024-12-07 21:14:22,211 - INFO - Image saved for journal: Africa Journal of Physical Sciences
2024-12-07 21:14:23,029 - INFO - Found image for Africa Journal of Public Sector Development and Governance: https://journals.co.za/cms/asset/9cbff72e-420a-4d54-b98b-e32f3b97152c/ajpsdg.v6.n1.cover.jpeg
2024-12-07 21:14:23,154 - WARNING - Failed to download image for journal: Africa Journal of Public Sector Development and Governance - Status code: 403
2024-12-07 21:14:24,361 - INFO - Found image for Africa: Journal of the International African Institute: https://www.internationalafricaninstitute.org/images/africa_fb.jpg
2024-12-07 21:14:26,374 - INFO - Image saved for journal: Africa: Journal of the International African Institute
2024-12-07 21:14:27,333 - INFO - Found image for African Arts: http://www.tingatingaart.com/cdn/shop/articles/OIG.5GEQF_600x.jpg?v=1701088588
2024-12-07 21:14:28,444 - INFO - Image saved for journal: African Arts
2024-12-07 21:14:29,582 - INFO - Found image for African Association of Physiological Sciences Journal: https://lookaside.fbsbx.com/lookaside/crawler/media/?media_id=100072266953865
2024-12-07 21:14:30,248 - INFO - Image saved for journal: African Association of Physiological Sciences Journal
2024-12-07 21:14:31,067 - INFO - Found image for Africa Nazarene University Law Journal: https://journals.co.za/cms/asset/3dcd813d-0494-4522-bebb-d7ff1461adc7/jlc.anulj.v8.n1.cover.jpg
2024-12-07 21:14:31,187 - WARNING - Failed to download image for journal: Africa Nazarene University Law Journal - Status code: 403
2024-12-07 21:14:31,937 - INFO - Found image for African Community Health Newsletter: https://www.ifrc.org/sites/default/files/2023-08/REACH-Initiative-Flyer-2022.pdf.jpg
2024-12-07 21:14:33,536 - INFO - Image saved for journal: African Community Health Newsletter
2024-12-07 21:14:34,395 - INFO - Found image for African Conflict and Peacebuilding Review: https://dhjhkxawhe8q4.cloudfront.net/indiana-university-press-wp/wp-content/uploads/2019/04/20112420/African-Conflict-Peacebuilding-Review.jpg
2024-12-07 21:14:36,691 - INFO - Image saved for journal: African Conflict and Peacebuilding Review
2024-12-07 21:14:37,323 - INFO - Found image for African Crop Science Journal: http://bioline.org.br/imgs/covers/cs_cover.jpg
2024-12-07 21:14:38,850 - INFO - Image saved for journal: African Crop Science Journal
2024-12-07 21:14:39,921 - INFO - Found image for African Development and Europe: https://www.afdb.org/sites/default/files/styles/1700x900/public/ffpa-eu-a1.jpg?itok=80sEJxFj
2024-12-07 21:14:40,040 - WARNING - Failed to download image for journal: African Development and Europe - Status code: 403
2024-12-07 21:14:40,949 - INFO - Found image for African Development Finance Journal: https://uonjournals.uonbi.ac.ke/ojs/public/journals/8/cover_issue_271_en_US.jpg
2024-12-07 21:14:41,340 - INFO - Image saved for journal: African Development Finance Journal
2024-12-07 21:14:42,178 - INFO - Found image for African Economic History: https://uwpress.wisc.edu/journals/images/cover_aeh.jpg
2024-12-07 21:14:44,130 - INFO - Image saved for journal: African Economic History
2024-12-07 21:14:45,047 - INFO - Found image for African Economic History Review: https://cosmobooks-co-uk.cdn.bibliopolis.com/pictures/616703.jpg?width=768&height=1000&fit=bounds&auto=webp&v=1725670501
2024-12-07 21:14:46,444 - INFO - Image saved for journal: African Economic History Review
2024-12-07 21:14:47,359 - INFO - Found image for African Entomology: https://bioone.org/ContentImages/journals/afen/29/3/3/WebImages/003.029.0300.cover.jpg
2024-12-07 21:14:48,337 - INFO - Image saved for journal: African Entomology
2024-12-07 21:14:49,244 - INFO - Found image for African Environment: https://i.unu.edu/media/ourworld.unu.edu-en/article/50/dead-trees.jpg
2024-12-07 21:14:51,237 - INFO - Image saved for journal: African Environment
2024-12-07 21:14:52,021 - INFO - Found image for African Evaluation Journal: https://aosis.co.za/wp-content/uploads/2023/07/AEJ_Social-Media-1.jpg
2024-12-07 21:14:54,237 - INFO - Image saved for journal: African Evaluation Journal
2024-12-07 21:14:55,081 - INFO - Found image for African Evaluation Journal: https://aosis.co.za/wp-content/uploads/2023/07/AEJ_Social-Media-1.jpg
2024-12-07 21:14:57,004 - INFO - Image saved for journal: African Evaluation Journal
2024-12-07 21:14:57,844 - INFO - Found image for African Finance Journal: https://journals.co.za/pb-assets/productImages/finj_cover-1601826034313.jpg
2024-12-07 21:14:59,374 - INFO - Image saved for journal: African Finance Journal
2024-12-07 21:15:00,202 - INFO - Found image for African Health Monitor: https://www.afro.who.int/sites/default/files/2017-06/5_3.png
2024-12-07 21:15:01,831 - INFO - Image saved for journal: African Health Monitor
2024-12-07 21:15:02,658 - INFO - Found image for African Health Sciences: https://upload.wikimedia.org/wikipedia/en/f/f2/African_Health_Sciences_%28journal%29_cover.jpg
2024-12-07 21:15:03,580 - WARNING - Failed to download image for journal: African Health Sciences - Status code: 403
2024-12-07 21:15:04,399 - INFO - Found image for African Historical Review: https://www.tandfonline.com/cms/asset/b69283f9-b382-4f70-bb9c-d4a4747451b2/rahr20.v052.i02.cover.jpg
2024-12-07 21:15:04,581 - WARNING - Failed to download image for journal: African Historical Review - Status code: 403
2024-12-07 21:15:05,628 - INFO - Found image for African Historical Studies: https://www.bu.edu/africa/files/2012/02/IJAHS-small.jpg
2024-12-07 21:15:08,584 - INFO - Image saved for journal: African Historical Studies
2024-12-07 21:15:09,416 - INFO - Found image for African Human Mobility Review: https://sihma.org.za/photos/shares/UWC_logo.svg.png
2024-12-07 21:15:12,071 - INFO - Image saved for journal: African Human Mobility Review
2024-12-07 21:15:13,001 - INFO - Found image for African Human Morbility Review: https://scx2.b-cdn.net/gfx/news/hires/2023/africa-heat.jpg
2024-12-07 21:15:17,938 - INFO - Image saved for journal: African Human Morbility Review
2024-12-07 21:15:18,666 - INFO - Found image for African Human Rights law Journal: https://journals.co.za/cms/asset/8174186d-3501-489b-a11b-0057121ba444/default_cover.jpg
2024-12-07 21:15:18,809 - WARNING - Failed to download image for journal: African Human Rights law Journal - Status code: 403
2024-12-07 21:15:19,657 - INFO - Found image for African Human Rights Law Journal: https://journals.co.za/cms/asset/8174186d-3501-489b-a11b-0057121ba444/default_cover.jpg
2024-12-07 21:15:19,768 - WARNING - Failed to download image for journal: African Human Rights Law Journal - Status code: 403
2024-12-07 21:15:20,415 - INFO - Found image for African Human Rights Yearbook: https://achpr.au.int/sites/default/files/styles/au_organ_document_cover_display_424/public/images/2024-01/AYB-Vol7%282023%29.png?itok=F07D6Gu4
2024-12-07 21:15:23,031 - INFO - Image saved for journal: African Human Rights Yearbook
2024-12-07 21:15:24,060 - INFO - Found image for African Invertebrates: https://africaninvertebrates.pensoft.net/i/home_covers/africaninvertebrates.png
2024-12-07 21:15:25,721 - INFO - Image saved for journal: African Invertebrates
2024-12-07 21:15:26,518 - INFO - Found image for African Invertebrates: https://africaninvertebrates.pensoft.net/i/home_covers/africaninvertebrates.png
2024-12-07 21:15:26,828 - INFO - Image saved for journal: African Invertebrates
2024-12-07 21:15:27,849 - INFO - Found image for African Issues: https://u4d2z7k9.rocketcdn.me/wp-content/uploads/2022/11/2d5337aa-2b2c-4f9f-8618-d21270d8c55b_1.jpeg
2024-12-07 21:15:30,768 - INFO - Image saved for journal: African Issues
2024-12-07 21:15:31,740 - INFO - Found image for African Journal for Physical Activity and Health Sciences: https://www.ajol.info/public/journals/153/homepageImage_en_US.png
2024-12-07 21:15:34,245 - INFO - Image saved for journal: African Journal for Physical Activity and Health Sciences
2024-12-07 21:15:35,119 - INFO - Found image for African Journal for Physical Activity and Health Sciences (AJPHES): https://www.ajol.info/public/journals/153/homepageImage_en_US.png
2024-12-07 21:15:37,178 - INFO - Image saved for journal: African Journal for Physical Activity and Health Sciences (AJPHES)
2024-12-07 21:15:37,987 - INFO - Found image for African Journal for Physical Health Education, Recreation and Dance: https://www.ajol.info/public/journals/153/homepageImage_en_US.png
2024-12-07 21:15:40,067 - INFO - Image saved for journal: African Journal for Physical Health Education, Recreation and Dance
2024-12-07 21:15:40,956 - INFO - Found image for African Journal for Physical, Health Education, Recreation and Dance: https://www.ajol.info/public/journals/153/homepageImage_en_US.png
2024-12-07 21:15:42,624 - INFO - Image saved for journal: African Journal for Physical, Health Education, Recreation and Dance
2024-12-07 21:15:43,517 - INFO - Found image for African Journal of Accounting and Social Science Studies: https://www.ajol.info/public/journals/622/homepageImage_en_US.png
2024-12-07 21:15:45,857 - INFO - Image saved for journal: African Journal of Accounting and Social Science Studies
2024-12-07 21:15:46,691 - INFO - Found image for African Journal of Agriculture, Technology and Environment (AJATE) is: https://ajate.com.ng/wp-content/uploads/2023/02/1677516594-scaled.webp
2024-12-07 21:15:48,228 - ERROR - Error saving image for journal African Journal of Agriculture, Technology and Environment (AJATE) is: ('Connection aborted.', RemoteDisconnected('Remote end closed connection without response'))
2024-12-07 21:15:49,046 - INFO - Found image for African Journal of AIDS and HIV Research: https://covers.tandf.co.uk/og/RAAR.png
2024-12-07 21:15:50,750 - INFO - Image saved for journal: African Journal of AIDS and HIV Research
2024-12-07 21:15:51,605 - INFO - Found image for African Journal of AIDS Research: https://www.ajol.info/public/journals/46/homepageImage.jpg
2024-12-07 21:15:53,274 - INFO - Image saved for journal: African Journal of AIDS Research
2024-12-07 21:15:54,067 - INFO - Found image for African Journal of Alcohol and Drug Abuse: https://www.ajol.info/public/journals/767/homepageImage_en_US.png
2024-12-07 21:15:56,396 - INFO - Image saved for journal: African Journal of Alcohol and Drug Abuse
2024-12-07 21:15:57,238 - INFO - Found image for African Journal of Applied Research: https://www.ajol.info/public/journals/660/homepageImage_en_US.jpg
2024-12-07 21:16:03,901 - INFO - Image saved for journal: African Journal of Applied Research
2024-12-07 21:16:04,715 - INFO - Found image for African Journal of Applied Zoology and Environmental Biology: https://d13i5xhouzkrd.cloudfront.net/168968043753/previews/article-1.png
2024-12-07 21:16:06,625 - INFO - Image saved for journal: African Journal of Applied Zoology and Environmental Biology
2024-12-07 21:16:07,683 - INFO - Found image for African Journal of Aquatic Science: https://covers.tandf.co.uk/og/TAAS.png
2024-12-07 21:16:08,695 - INFO - Image saved for journal: African Journal of Aquatic Science
2024-12-07 21:16:09,629 - INFO - Found image for African Journal of Biological Sciences: https://www.afjbs.com/uploads/widgets/6b92c9a292755dc50769a8060f650630.book.jpg
2024-12-07 21:16:09,789 - WARNING - Failed to download image for journal: African Journal of Biological Sciences - Status code: 403
2024-12-07 21:16:10,755 - INFO - Found image for African Journal of Biomedical Research: https://www.ajol.info/public/journals/264/homepageImage_en_US.jpg
2024-12-07 21:16:12,126 - INFO - Image saved for journal: African Journal of Biomedical Research
2024-12-07 21:16:13,008 - INFO - Found image for African Journal of Biotechnology: https://www.ajol.info/public/journals/82/homepageImage_en_US.jpg
2024-12-07 21:16:14,064 - INFO - Image saved for journal: African Journal of Biotechnology
2024-12-07 21:16:14,947 - INFO - Found image for African Journal of Business and Economic Research: https://www.adonis-abbey.com/journals/2_journal.jpg
2024-12-07 21:16:16,920 - INFO - Image saved for journal: African Journal of Business and Economic Research
2024-12-07 21:16:17,821 - INFO - Found image for African Journal of Business and Management (AJBUMA): https://sp-uploads.s3.amazonaws.com/uploads%2Fservices%2F161584%2FKnowledge+Management+Class+Notes_72638595-Paper6-Knowledge-Managementpage0.png
2024-12-07 21:16:19,908 - INFO - Image saved for journal: African Journal of Business and Management (AJBUMA)
2024-12-07 21:16:20,893 - INFO - Found image for African Journal of Business Ethics: https://ajobe.journals.ac.za/public/journals/1/cover_issue_26_en_US.jpg
2024-12-07 21:16:23,561 - INFO - Image saved for journal: African Journal of Business Ethics
2024-12-07 21:16:24,375 - INFO - Found image for African Journal of Career Development: https://i1.sndcdn.com/artworks-000550677708-0gi1jz-t500x500.jpg
2024-12-07 21:16:25,466 - INFO - Image saved for journal: African Journal of Career Development
2024-12-07 21:16:26,221 - INFO - Found image for African Journal of Chemical Education: https://lookaside.fbsbx.com/lookaside/crawler/media/?media_id=100040082276405
2024-12-07 21:16:26,883 - INFO - Image saved for journal: African Journal of Chemical Education
2024-12-07 21:16:27,856 - INFO - Found image for African Journal of Commercial Studies: https://ijcsacademia.com/public/journals/1/journalThumbnail_en.jpg
2024-12-07 21:16:30,048 - INFO - Image saved for journal: African Journal of Commercial Studies
2024-12-07 21:16:30,928 - INFO - Found image for African Journal of Cross-Cultural Psychology and Sport Facilitation: https://www.ajol.info/public/journals/282/homepageImage.JPG
2024-12-07 21:16:31,986 - INFO - Image saved for journal: African Journal of Cross-Cultural Psychology and Sport Facilitation
2024-12-07 21:16:32,971 - INFO - Found image for African Journal of Current Medical Research: https://www.ajol.info/public/journals/602/homepageImage_en_US.jpg
2024-12-07 21:16:35,772 - INFO - Image saved for journal: African Journal of Current Medical Research
2024-12-07 21:16:36,688 - INFO - Found image for African Journal of Democracy and Election Research: https://www.adonis-abbey.com/journals/41_journal.jpg
2024-12-07 21:16:37,975 - INFO - Image saved for journal: African Journal of Democracy and Election Research
2024-12-07 21:16:38,711 - INFO - Found image for African Journal of Democracy and Governance: https://www.ajol.info/public/journals/741/homepageImage_en_US.jpg
2024-12-07 21:16:39,978 - INFO - Image saved for journal: African Journal of Democracy and Governance
2024-12-07 21:16:40,554 - INFO - Found image for African Journal of Democracy and Governance: https://www.ajol.info/public/journals/741/homepageImage_en_US.jpg
2024-12-07 21:16:41,927 - INFO - Image saved for journal: African Journal of Democracy and Governance
2024-12-07 21:16:42,807 - INFO - Found image for African Journal of Dentistry and Implantology - Revue de la Médecine Dentaire: https://lookaside.fbsbx.com/lookaside/crawler/media/?media_id=926417148320885
2024-12-07 21:16:43,477 - INFO - Image saved for journal: African Journal of Dentistry and Implantology - Revue de la Médecine Dentaire
2024-12-07 21:16:44,343 - INFO - Found image for African Journal of Development Studies (formerly AFFRIKA Journal of Politics, Economics and Society): https://journals.co.za/cms/asset/dd3dddee-c3ee-47d8-8d54-7c42f730bae1/default_cover.jpg
2024-12-07 21:16:44,489 - WARNING - Failed to download image for journal: African Journal of Development Studies (formerly AFFRIKA Journal of Politics, Economics and Society) - Status code: 403
2024-12-07 21:16:45,304 - INFO - Found image for African Journal of Diabetes Medicine: https://www.hilarispublisher.com/admin/publon-images/african-journal-of-diabetes-medicine-publoan.png
2024-12-07 21:16:46,244 - INFO - Image saved for journal: African Journal of Diabetes Medicine
2024-12-07 21:16:47,107 - INFO - Found image for African Journal of Disability: https://scielo.org.za/img/revistas/ajod/glogo.gif
2024-12-07 21:16:47,794 - INFO - Image saved for journal: African Journal of Disability
2024-12-07 21:16:48,177 - WARNING - No image found for journal: African Journal of Disability
2024-12-07 21:16:48,181 - INFO - No image found for journal: African Journal of Disability
2024-12-07 21:16:49,055 - INFO - Found image for African Journal of Economic Review: https://www.ajol.info/public/journals/540/homepageImage_en_US.jpg
2024-12-07 21:16:50,506 - INFO - Image saved for journal: African Journal of Economic Review
2024-12-07 21:16:51,408 - INFO - Found image for African Journal of Educational Research and Development: https://ercptjournal.org/wp-content/uploads/2019/06/final-cover.jpg
2024-12-07 21:16:53,971 - INFO - Image saved for journal: African Journal of Educational Research and Development
2024-12-07 21:16:54,894 - INFO - Found image for African Journal of Educational Studies in Mathematics and Sciences: https://www.ajol.info/public/journals/295/homepageImage_en_US.jpg
2024-12-07 21:16:56,449 - INFO - Image saved for journal: African Journal of Educational Studies in Mathematics and Sciences
2024-12-07 21:16:57,245 - INFO - Found image for African Journal of Education and Social Sciences: https://www.ajol.info/public/journals/589/homepageImage_en_US.jpg
2024-12-07 21:16:58,488 - INFO - Image saved for journal: African Journal of Education and Social Sciences
2024-12-07 21:16:59,396 - INFO - Found image for African Journal of Education, Science and Technology: https://ajest.info/public/journals/1/cover_issue_36_en_US.jpg
2024-12-07 21:17:03,934 - INFO - Image saved for journal: African Journal of Education, Science and Technology
2024-12-07 21:17:04,721 - WARNING - No image found for journal: african-journal-of-emergency-medicine
2024-12-07 21:17:04,724 - INFO - No image found for journal: african-journal-of-emergency-medicine
2024-12-07 21:17:05,234 - WARNING - No image found for journal: African Journal of Emergency Medicine
2024-12-07 21:17:05,237 - INFO - No image found for journal: African Journal of Emergency Medicine
2024-12-07 21:17:05,847 - WARNING - No image found for journal: African Journal of Empirical Research
2024-12-07 21:17:05,850 - INFO - No image found for journal: African Journal of Empirical Research
2024-12-07 21:17:06,359 - WARNING - No image found for journal: African Journal of Employee Relations
2024-12-07 21:17:06,363 - INFO - No image found for journal: African Journal of Employee Relations
2024-12-07 21:17:07,295 - WARNING - No image found for journal: African Journal of Enology
2024-12-07 21:17:07,299 - INFO - No image found for journal: African Journal of Enology
2024-12-07 21:17:07,910 - WARNING - No image found for journal: African Journal of Entrepreneurship and Innovations (AJeIN)
2024-12-07 21:17:07,913 - INFO - No image found for journal: African Journal of Entrepreneurship and Innovations (AJeIN)
2025-01-28 19:28:57,078 - INFO - response: https://duckduckgo.com/?q=Abia+State+University+Medical+Students%27+Association+Journal 200 19936
2025-01-28 19:28:58,939 - INFO - response: https://duckduckgo.com/i.js?l=wt-wt&o=json&q=Abia+State+University+Medical+Students%27+Association+Journal&vqd=4-59994328114003781602031510054888422466&f=%2C%2C%2C%2C%2C&p=1 200 53751
2025-01-28 19:28:58,945 - INFO - Found valid image for Abia State University Medical Students' Association Journal: https://www.ajol.info/public/journals/372/homepageImage_en_US.jpg
2025-01-28 19:29:02,680 - INFO - Image saved for journal: Abia State University Medical Students' Association Journal
2025-01-28 19:29:04,861 - INFO - response: https://duckduckgo.com/?q=Abraka+Humanities+Review 200 19236
2025-01-28 19:29:06,704 - INFO - response: https://duckduckgo.com/i.js?l=wt-wt&o=json&q=Abraka+Humanities+Review&vqd=4-38569681868827028580001804273309168378&f=%2C%2C%2C%2C%2C&p=1 200 60088
2025-01-28 19:29:06,707 - INFO - Found valid image for Abraka Humanities Review: https://www.ajol.info/public/journals/664/homepageImage_en_US.jpg
2025-01-28 19:29:08,325 - INFO - Image saved for journal: Abraka Humanities Review
2025-01-28 19:29:10,518 - INFO - response: https://duckduckgo.com/?q=ABUAD+Journal+of+Engineering+Research+and+Development 200 19831
2025-01-28 19:29:12,337 - INFO - response: https://duckduckgo.com/i.js?l=wt-wt&o=json&q=ABUAD+Journal+of+Engineering+Research+and+Development&vqd=4-219764542938098709820581256537474085073&f=%2C%2C%2C%2C%2C&p=1 200 64157
2025-01-28 19:29:12,341 - INFO - Found valid image for ABUAD Journal of Engineering Research and Development: https://ajerd.abuad.edu.ng/wp-content/uploads/2018/06/ABUADLogo.png
2025-01-28 19:29:14,424 - INFO - Image saved for journal: ABUAD Journal of Engineering Research and Development
2025-01-28 19:29:16,634 - INFO - response: https://duckduckgo.com/?q=Abyssinia+Journal+of+Engineering+and+Computing 200 19717
2025-01-28 19:29:18,479 - INFO - response: https://duckduckgo.com/i.js?l=wt-wt&o=json&q=Abyssinia+Journal+of+Engineering+and+Computing&vqd=4-313512781130000157838151891056089872529&f=%2C%2C%2C%2C%2C&p=1 200 53784
2025-01-28 19:29:18,483 - INFO - Found valid image for Abyssinia Journal of Engineering and Computing: https://www.ajol.info/public/journals/788/homepageImage_en_US.jpg
2025-01-28 19:29:19,572 - INFO - Image saved for journal: Abyssinia Journal of Engineering and Computing
2025-01-28 19:29:21,754 - INFO - response: https://duckduckgo.com/?q=Abyssinia+Journal+of+Science+and+Technology 200 19598
2025-01-28 19:29:23,699 - INFO - response: https://duckduckgo.com/i.js?l=wt-wt&o=json&q=Abyssinia+Journal+of+Science+and+Technology&vqd=4-132166389549996021804227221193753295152&f=%2C%2C%2C%2C%2C&p=1 200 54582
2025-01-28 19:29:23,702 - INFO - Found valid image for Abyssinia Journal of Science and Technology: https://abjol.org.et/public/journals/3/journalThumbnail_en_US.jpg
2025-01-28 19:29:27,587 - INFO - Image saved for journal: Abyssinia Journal of Science and Technology
2025-01-28 19:29:30,051 - INFO - response: https://duckduckgo.com/?q=Academic+Web+Journal+of+Medical+Science 200 19551
2025-01-28 19:29:32,040 - INFO - response: https://duckduckgo.com/i.js?l=wt-wt&o=json&q=Academic+Web+Journal+of+Medical+Science&vqd=4-170196320728060457249038582427921542463&f=%2C%2C%2C%2C%2C&p=1 200 54846
2025-01-28 19:29:32,044 - INFO - Found valid image for Academic Web Journal of Medical Science: https://jmedsci.com/public/journals/1/cover_issue_62_en_US.jpg
2025-01-28 19:29:34,074 - INFO - Image saved for journal: Academic Web Journal of Medical Science
2025-01-28 19:29:36,302 - INFO - response: https://duckduckgo.com/?q=Academy+Journal+of+Science+and+Engineering 200 19586
2025-01-28 19:29:38,235 - INFO - response: https://duckduckgo.com/i.js?l=wt-wt&o=json&q=Academy+Journal+of+Science+and+Engineering&vqd=4-281842479060261326572891986092278468988&f=%2C%2C%2C%2C%2C&p=1 200 54273
2025-01-28 19:29:38,239 - INFO - Found valid image for Academy Journal of Science and Engineering: https://www.ajol.info/public/journals/635/homepageImage_en_US.png
2025-01-28 19:29:40,340 - INFO - Image saved for journal: Academy Journal of Science and Engineering
2025-01-28 19:29:42,557 - INFO - response: https://duckduckgo.com/?q=ACCORD+Occasional+Paper 200 19229
2025-01-28 19:29:45,208 - INFO - response: https://duckduckgo.com/i.js?l=wt-wt&o=json&q=ACCORD+Occasional+Paper&vqd=4-118227548996875061444404219227351161404&f=%2C%2C%2C%2C%2C&p=1 200 55016
2025-01-28 19:29:45,212 - INFO - Found valid image for ACCORD Occasional Paper: https://www.accord.org.za/wp-content/uploads/2012/11/ACCORD-Occasional-Paper-2012-1-Justice-and-peacebuilding-in-post-conflict-situations.jpg
2025-01-28 19:29:46,816 - INFO - Image saved for journal: ACCORD Occasional Paper
2025-01-28 19:29:49,203 - INFO - response: https://duckduckgo.com/?q=Acta+Academica 200 19106
2025-01-28 19:29:51,046 - INFO - response: https://duckduckgo.com/i.js?l=wt-wt&o=json&q=Acta+Academica&vqd=4-256617713976352934576365840279392490553&f=%2C%2C%2C%2C%2C&p=1 200 55723
2025-01-28 19:29:51,049 - INFO - Found valid image for Acta Academica: https://i1.rgstatic.net/publication/347770349_Acta_Academica_FORO_NACIONAL/links/5fe3c260299bf140883a455e/largepreview.png
2025-01-28 19:29:51,842 - INFO - Image saved for journal: Acta Academica
2025-01-28 19:29:54,012 - INFO - response: https://duckduckgo.com/?q=Acta+Classica+%3A+Proceedings+of+the+Classical+Association+of+South+Africa 200 20201
2025-01-28 19:29:55,956 - INFO - response: https://duckduckgo.com/i.js?l=wt-wt&o=json&q=Acta+Classica+%3A+Proceedings+of+the+Classical+Association+of+South+Africa&vqd=4-276558206877677833826105616218364223790&f=%2C%2C%2C%2C%2C&p=1 200 57847
2025-01-28 19:29:55,959 - INFO - Found valid image for Acta Classica : Proceedings of the Classical Association of South Africa: https://journals.co.za/cms/asset/ad477359-c9a8-4203-ab74-8c427f0ce172/default_cover.jpg
2025-01-28 19:29:56,059 - WARNING - Failed to download image for journal: Acta Classica : Proceedings of the Classical Association of South Africa - Status code: 403
2025-01-28 19:29:58,211 - INFO - response: https://duckduckgo.com/?q=Acta+Commercii 200 19122
2025-01-28 19:30:00,054 - INFO - response: https://duckduckgo.com/i.js?l=wt-wt&o=json&q=Acta+Commercii&vqd=4-164119094527525255134520411915116346308&f=%2C%2C%2C%2C%2C&p=1 200 59011
2025-01-28 19:30:00,058 - INFO - Found valid image for Acta Commercii: https://i1.rgstatic.net/publication/366602172_Acta_Commercii_22nd_edition/links/63aa42a3c3c99660eba9f6d5/largepreview.png
2025-01-28 19:30:01,938 - INFO - Image saved for journal: Acta Commercii
2025-01-28 19:30:04,051 - INFO - response: https://duckduckgo.com/?q=Acta+Criminologica+%3A+African+Journal+of+Criminology+%26+Victimology 200 20116
2025-01-28 19:30:05,889 - INFO - response: https://duckduckgo.com/i.js?l=wt-wt&o=json&q=Acta+Criminologica+%3A+African+Journal+of+Criminology+%26+Victimology&vqd=4-12993366833734961266528794436221638278&f=%2C%2C%2C%2C%2C&p=1 200 60209
2025-01-28 19:30:05,893 - INFO - Found valid image for Acta Criminologica : African Journal of Criminology & Victimology: https://i1.rgstatic.net/publication/365621654_ACTA_CRIMINOLOGICA_AFRICAN_JOURNAL_OF_CRIMINOLOGY_AND_VICTIMOLOGY_2022_EDITORIAL_COMMITTEE/links/637b8c721766b34c5443505d/largepreview.png
2025-01-28 19:30:07,339 - INFO - Image saved for journal: Acta Criminologica : African Journal of Criminology & Victimology
2025-01-28 19:30:10,500 - INFO - response: https://duckduckgo.com/?q=Acta+Germanica+%3A+German+Studies+in+Africa 200 19604
2025-01-28 19:30:12,654 - INFO - response: https://duckduckgo.com/i.js?l=wt-wt&o=json&q=Acta+Germanica+%3A+German+Studies+in+Africa&vqd=4-158115740072625665956710151893644822051&f=%2C%2C%2C%2C%2C&p=1 200 57332
2025-01-28 19:30:12,659 - INFO - Found valid image for Acta Germanica : German Studies in Africa: https://m.media-amazon.com/images/I/81pufX-Cw-L._SL1500_.jpg
2025-01-28 19:30:15,068 - INFO - Image saved for journal: Acta Germanica : German Studies in Africa
2025-01-28 19:30:17,364 - INFO - response: https://duckduckgo.com/?q=Acta+Juridica 200 24108
2025-01-28 19:30:19,815 - INFO - response: https://duckduckgo.com/i.js?l=wt-wt&o=json&q=Acta+Juridica&vqd=4-86808988028043554800331187122726125859&f=%2C%2C%2C%2C%2C&p=1 200 57740
2025-01-28 19:30:19,818 - INFO - Found valid image for Acta Juridica: https://s2.studylib.es/store/data/009016660_1-e5a3ccb9a510ac448b7fa4fd0b006ed7-768x994.png
2025-01-28 19:30:21,354 - INFO - Image saved for journal: Acta Juridica
2025-01-28 19:30:23,713 - INFO - response: https://duckduckgo.com/?q=Acta+Patristica+et+Byzantina 200 19386
2025-01-28 19:30:25,659 - INFO - response: https://duckduckgo.com/i.js?l=wt-wt&o=json&q=Acta+Patristica+et+Byzantina&vqd=4-63736632961613516306873905579485746825&f=%2C%2C%2C%2C%2C&p=1 200 61099
2025-01-28 19:30:25,664 - INFO - Found valid image for Acta Patristica et Byzantina: https://journals.co.za/pb-assets/productImages/patris_cover-1601823443347.jpg
2025-01-28 19:30:26,745 - INFO - Image saved for journal: Acta Patristica et Byzantina
2025-01-28 19:30:28,932 - INFO - response: https://duckduckgo.com/?q=Acta+Structilia 200 19114
2025-01-28 19:30:30,672 - INFO - response: https://duckduckgo.com/i.js?l=wt-wt&o=json&q=Acta+Structilia&vqd=4-75258972978329484055413320932235347097&f=%2C%2C%2C%2C%2C&p=1 200 64187
2025-01-28 19:30:30,676 - INFO - Found valid image for Acta Structilia: https://www.ajol.info/public/journals/468/homepageImage_en_US.jpg
2025-01-28 19:30:33,454 - INFO - Image saved for journal: Acta Structilia
2025-01-28 19:30:35,690 - INFO - response: https://duckduckgo.com/?q=Acta+Structilia+%3A+Journal+for+the+Physical+and+Development+Sciences 200 20123
2025-01-28 19:30:37,547 - INFO - response: https://duckduckgo.com/i.js?l=wt-wt&o=json&q=Acta+Structilia+%3A+Journal+for+the+Physical+and+Development+Sciences&vqd=4-99289233769741426941209778226035890534&f=%2C%2C%2C%2C%2C&p=1 200 61157
2025-01-28 19:30:37,551 - INFO - Found valid image for Acta Structilia : Journal for the Physical and Development Sciences: https://journals.co.za/cms/asset/f8729ada-2f31-4e86-820d-864b74cfd191/struct.v23.n2.cover.jpg
2025-01-28 19:30:37,652 - WARNING - Failed to download image for journal: Acta Structilia : Journal for the Physical and Development Sciences - Status code: 403
2025-01-28 19:30:39,892 - INFO - response: https://duckduckgo.com/?q=Acta+Structilla 200 19119
2025-01-28 19:30:41,631 - INFO - response: https://duckduckgo.com/i.js?l=wt-wt&o=json&q=Acta+Structilla&vqd=4-148028099212548073677553711987142837424&f=%2C%2C%2C%2C%2C&p=1 200 61235
2025-01-28 19:30:41,634 - INFO - Found valid image for Acta Structilla: https://www.ajol.info/public/journals/468/homepageImage_en_US.jpg
2025-01-28 19:30:43,816 - INFO - Image saved for journal: Acta Structilla
2025-01-28 19:30:46,443 - INFO - response: https://duckduckgo.com/?q=Acta+Theologica 200 25663
2025-01-28 19:30:48,185 - INFO - response: https://duckduckgo.com/i.js?l=wt-wt&o=json&q=Acta+Theologica&vqd=4-142938060495032914744023914984475440601&f=%2C%2C%2C%2C%2C&p=1 200 57855
2025-01-28 19:30:48,189 - INFO - Found valid image for Acta Theologica: https://www.eunsa.es/media/universidad_navarra/images/edition-91593.jpg
2025-01-28 19:30:52,915 - INFO - Image saved for journal: Acta Theologica
2025-01-28 19:30:55,804 - INFO - response: https://duckduckgo.com/?q=Advanced+Dental+Journal 200 19228
2025-01-28 19:30:57,842 - INFO - response: https://duckduckgo.com/i.js?l=wt-wt&o=json&q=Advanced+Dental+Journal&vqd=4-298015447639151053250640107115564223386&f=%2C%2C%2C%2C%2C&p=1 200 53978
2025-01-28 19:30:57,846 - INFO - Found valid image for Advanced Dental Journal: https://adjc.journals.ekb.eg/data/adjc/coversheet/cover_en.jpg
2025-01-28 19:31:01,206 - INFO - Image saved for journal: Advanced Dental Journal
2025-01-28 19:31:03,647 - INFO - response: https://duckduckgo.com/?q=Advanced+Research+in+Economics+and+Business+Strategy+Journal 200 19998
2025-01-28 19:31:05,501 - INFO - response: https://duckduckgo.com/i.js?l=wt-wt&o=json&q=Advanced+Research+in+Economics+and+Business+Strategy+Journal&vqd=4-153727004017990562290683705910015802761&f=%2C%2C%2C%2C%2C&p=1 200 54839
2025-01-28 19:31:05,505 - INFO - Found valid image for Advanced Research in Economics and Business Strategy Journal: https://www.ajol.info/public/journals/775/homepageImage_en_US.jpg
2025-01-28 19:31:09,221 - INFO - Image saved for journal: Advanced Research in Economics and Business Strategy Journal
2025-01-28 19:31:11,542 - INFO - response: https://duckduckgo.com/?q=Advances+in+Computing+and+Engineering 200 19513
2025-01-28 19:31:13,400 - INFO - response: https://duckduckgo.com/i.js?l=wt-wt&o=json&q=Advances+in+Computing+and+Engineering&vqd=4-303736025344947760687531975507733307143&f=%2C%2C%2C%2C%2C&p=1 200 57449
2025-01-28 19:31:13,404 - INFO - Found valid image for Advances in Computing and Engineering: http://vita.vision.org.in/wp-content/uploads/2020/02/emerging-tech-trends-in-2018-750x445.jpg
2025-01-28 19:31:17,435 - INFO - Image saved for journal: Advances in Computing and Engineering
2025-01-28 19:31:19,528 - INFO - response: https://duckduckgo.com/?q=Advances+in+Medical%2C+Pharmaceutical+and+Dental+Research 200 19852
2025-01-28 19:31:21,665 - INFO - response: https://duckduckgo.com/i.js?l=wt-wt&o=json&q=Advances+in+Medical%2C+Pharmaceutical+and+Dental+Research&vqd=4-68787645941590337454243786791526677906&f=%2C%2C%2C%2C%2C&p=1 200 58388
2025-01-28 19:31:21,668 - INFO - Found valid image for Advances in Medical, Pharmaceutical and Dental Research: https://www.mdpi.com/BDCC/BDCC-07-00010/article_deploy/html/images/BDCC-07-00010-g001.png
2025-01-28 19:31:22,992 - INFO - Image saved for journal: Advances in Medical, Pharmaceutical and Dental Research
2025-01-28 19:31:25,381 - INFO - response: https://duckduckgo.com/?q=Advocate 200 19947
2025-01-28 19:31:27,303 - INFO - response: https://duckduckgo.com/i.js?l=wt-wt&o=json&q=Advocate&vqd=4-144573944808661568288861150022607358015&f=%2C%2C%2C%2C%2C&p=1 200 52031
2025-01-28 19:31:27,307 - INFO - Found valid image for Advocate: https://www.lawinsider.in/wp-content/uploads/2022/05/role-of-advocates-Law-Insider.jpg
2025-01-28 19:31:29,369 - INFO - Image saved for journal: Advocate
2025-01-28 19:31:33,275 - INFO - response: https://duckduckgo.com/?q=Afak+For+Sciences 200 19151
2025-01-28 19:31:35,131 - INFO - response: https://duckduckgo.com/i.js?l=wt-wt&o=json&q=Afak+For+Sciences&vqd=4-20792097730584850585705454675172627560&f=%2C%2C%2C%2C%2C&p=1 200 52490
2025-01-28 19:31:35,135 - INFO - Found valid image for Afak For Sciences: http://www.afak-revues.com/public/site/images/tatohaoua/d9989616d528abd7b1a6800f21cf75b9f34e894b.png
2025-01-28 19:31:37,616 - INFO - Image saved for journal: Afak For Sciences
2025-01-28 19:31:40,318 - INFO - response: https://duckduckgo.com/?q=Afak%27s+magazine+for+political+and+legal+researches 200 19812
2025-01-28 19:31:42,667 - INFO - response: https://duckduckgo.com/i.js?l=wt-wt&o=json&q=Afak%27s+magazine+for+political+and+legal+researches&vqd=4-19537372308106567063114374158733450518&f=%2C%2C%2C%2C%2C&p=1 200 58444
2025-01-28 19:31:42,672 - INFO - Found valid image for Afak's magazine for political and legal researches: https://www.yumpu.com/ar/image/facebook/62182641.jpg
2025-01-28 19:31:44,568 - INFO - Image saved for journal: Afak's magazine for political and legal researches
2025-01-28 19:31:47,581 - INFO - response: https://duckduckgo.com/?q=AFFRIKA+Journal+of+Politics%2C+Economics+and+Society 200 19792
2025-01-28 19:31:49,952 - INFO - response: https://duckduckgo.com/i.js?l=wt-wt&o=json&q=AFFRIKA+Journal+of+Politics%2C+Economics+and+Society&vqd=4-96935199572964708261045946611022739770&f=%2C%2C%2C%2C%2C&p=1 200 55669
2025-01-28 19:31:49,955 - INFO - Found valid image for AFFRIKA Journal of Politics, Economics and Society: https://journals.co.za/pb-assets/productImages/aa.affrika_cover-1601825746717.jpg
2025-01-28 19:31:50,679 - INFO - Image saved for journal: AFFRIKA Journal of Politics, Economics and Society
2025-01-28 19:31:52,918 - INFO - response: https://duckduckgo.com/?q=AFMA+Matrix 200 18986
2025-01-28 19:31:55,259 - INFO - response: https://duckduckgo.com/i.js?l=wt-wt&o=json&q=AFMA+Matrix&vqd=4-136503833974238041600554973838638573430&f=%2C%2C%2C%2C%2C&p=1 200 52299
2025-01-28 19:31:55,262 - INFO - Found valid image for AFMA Matrix: https://img.yumpu.com/43244333/1/500x640/j03017-afma-afma-matrix-march-2009-layoutqxd.jpg
2025-01-28 19:31:56,789 - INFO - Image saved for journal: AFMA Matrix
2025-01-28 19:31:58,952 - INFO - response: https://duckduckgo.com/?q=Africa+affairs 200 19102
2025-01-28 19:32:00,684 - INFO - response: https://duckduckgo.com/i.js?l=wt-wt&o=json&q=Africa+affairs&vqd=4-78409237792978249509428714838244099601&f=%2C%2C%2C%2C%2C&p=1 200 57301
2025-01-28 19:32:00,688 - INFO - Found valid image for Africa affairs: https://royalafricansociety.org/wp-content/uploads/2019/09/African-Affairs.jpg
2025-01-28 19:32:01,644 - WARNING - Failed to download image for journal: Africa affairs - Status code: 403
2025-01-28 19:32:03,960 - INFO - response: https://duckduckgo.com/?q=Africa+Conflict+Monitor 200 19228
2025-01-28 19:32:05,905 - INFO - response: https://duckduckgo.com/i.js?l=wt-wt&o=json&q=Africa+Conflict+Monitor&vqd=4-254453804425099102730491483799147048150&f=%2C%2C%2C%2C%2C&p=1 200 57164
2025-01-28 19:32:05,909 - INFO - Found valid image for Africa Conflict Monitor: https://www.inonafrica.com/wp-content/uploads/2017/01/ACM.jpg
2025-01-28 19:32:07,062 - INFO - Image saved for journal: Africa Conflict Monitor
2025-01-28 19:32:09,389 - INFO - response: https://duckduckgo.com/?q=Africa+Conflict+Monthly+Monitor 200 19427
2025-01-28 19:32:11,848 - INFO - response: https://duckduckgo.com/i.js?l=wt-wt&o=json&q=Africa+Conflict+Monthly+Monitor&vqd=4-131627373480842939906009220198382631084&f=%2C%2C%2C%2C%2C&p=1 200 58172
2025-01-28 19:32:11,852 - INFO - Found valid image for Africa Conflict Monthly Monitor: https://journals.co.za/pb-assets/productImages/acmm_cover-1601825804003.jpg
2025-01-28 19:32:13,284 - INFO - Image saved for journal: Africa Conflict Monthly Monitor
2025-01-28 19:32:16,247 - INFO - response: https://duckduckgo.com/?q=Africa+Country+Benchmark+Report+%28ACBR%29 200 19544
2025-01-28 19:32:18,191 - INFO - response: https://duckduckgo.com/i.js?l=wt-wt&o=json&q=Africa+Country+Benchmark+Report+%28ACBR%29&vqd=4-107373352691668302041145302004778812043&f=%2C%2C%2C%2C%2C&p=1 200 57362
2025-01-28 19:32:18,197 - INFO - Found valid image for Africa Country Benchmark Report (ACBR): https://www.inonafrica.com/wp-content/uploads/2019/08/ACBR-purchase-banner-2019.png
2025-01-28 19:32:21,597 - INFO - Image saved for journal: Africa Country Benchmark Report (ACBR)
2025-01-28 19:32:23,824 - INFO - response: https://duckduckgo.com/?q=Africa+Design+Review+Journal 200 19390
2025-01-28 19:32:25,665 - INFO - response: https://duckduckgo.com/i.js?l=wt-wt&o=json&q=Africa+Design+Review+Journal&vqd=4-322171098179911111781023587524747478082&f=%2C%2C%2C%2C%2C&p=1 200 55932
2025-01-28 19:32:25,669 - INFO - Found valid image for Africa Design Review Journal: http://uonjournals.uonbi.ac.ke/ojs/public/journals/23/pageHeaderLogoImage_en_US.jpg
2025-01-28 19:32:25,970 - INFO - Image saved for journal: Africa Design Review Journal
2025-01-28 19:32:28,124 - INFO - response: https://duckduckgo.com/?q=Africa+Development 200 25732
2025-01-28 19:32:30,069 - INFO - response: https://duckduckgo.com/i.js?l=wt-wt&o=json&q=Africa+Development&vqd=4-198650724175520360838490966660336873938&f=%2C%2C%2C%2C%2C&p=1 200 61018
2025-01-28 19:32:30,073 - INFO - Found valid image for Africa Development: https://assets.weforum.org/editor/9N2i_9ClwH1wjHuHB-8m191TvXjpfvQf9mqlxhukAK4.png
2025-01-28 19:32:30,792 - WARNING - Failed to download image for journal: Africa Development - Status code: 403
2025-01-28 19:32:33,044 - INFO - response: https://duckduckgo.com/?q=Africa+Dialogue+Monograph+Series 200 19438
2025-01-28 19:32:35,208 - INFO - response: https://duckduckgo.com/i.js?l=wt-wt&o=json&q=Africa+Dialogue+Monograph+Series&vqd=4-301537618814344185197712739503953307529&f=%2C%2C%2C%2C%2C&p=1 200 58912
2025-01-28 19:32:35,209 - INFO - Found valid image for Africa Dialogue Monograph Series: https://journals.co.za/pb-assets/productImages/accordm_cover-1601825797150.jpg
2025-01-28 19:32:36,176 - INFO - Image saved for journal: Africa Dialogue Monograph Series
2025-01-28 19:32:38,164 - INFO - response: https://duckduckgo.com/?q=Africa+Education+Review 200 24795
2025-01-28 19:32:39,931 - INFO - response: https://duckduckgo.com/i.js?l=wt-wt&o=json&q=Africa+Education+Review&vqd=4-128130820049938657567916951297265865707&f=%2C%2C%2C%2C%2C&p=1 200 57989
2025-01-28 19:32:39,935 - INFO - Found valid image for Africa Education Review: https://i1.rgstatic.net/publication/358752631_Africa_Education_Review/links/6213f0d8f02286737cb29e40/largepreview.png
2025-01-28 19:32:40,921 - INFO - Image saved for journal: Africa Education Review
2025-01-28 19:32:43,087 - INFO - response: https://duckduckgo.com/?q=Africa+Growth+Agenda 200 19191
2025-01-28 19:32:44,955 - INFO - response: https://duckduckgo.com/i.js?l=wt-wt&o=json&q=Africa+Growth+Agenda&vqd=4-184259206847481221195816195351846644324&f=%2C%2C%2C%2C%2C&p=1 200 58702
2025-01-28 19:32:44,959 - INFO - Found valid image for Africa Growth Agenda: https://www.globalcidef.com/wp-content/uploads/2018/10/cover13-724x1024.png
2025-01-28 19:32:48,055 - INFO - Image saved for journal: Africa Growth Agenda
2025-01-28 19:32:50,334 - INFO - response: https://duckduckgo.com/?q=Africa+Health 200 19090
2025-01-28 19:32:52,810 - INFO - response: https://duckduckgo.com/i.js?l=wt-wt&o=json&q=Africa+Health&vqd=4-45015953751776499690157596732917721486&f=%2C%2C%2C%2C%2C&p=1 200 55910
2025-01-28 19:32:52,814 - INFO - Found valid image for Africa Health: https://healthcareworld.com/wp-content/uploads/2021/09/aid-image-1-scaled.jpg
2025-01-28 19:32:55,140 - INFO - Image saved for journal: Africa Health
2025-01-28 19:32:57,308 - INFO - response: https://duckduckgo.com/?q=Africain+de+Chirurgie+Orthop%C3%A9dique+et+Traumatologique 200 19846
2025-01-28 19:32:59,254 - INFO - response: https://duckduckgo.com/i.js?l=wt-wt&o=json&q=Africain+de+Chirurgie+Orthop%C3%A9dique+et+Traumatologique&vqd=4-223502141050634091293407723498450887605&f=%2C%2C%2C%2C%2C&p=1 200 60831
2025-01-28 19:32:59,258 - INFO - Found valid image for Africain de Chirurgie Orthopédique et Traumatologique: https://abidjanpress.com/wp-content/uploads/2019/02/IMG_1034-600x400.jpg
2025-01-28 19:32:59,970 - WARNING - Failed to download image for journal: Africain de Chirurgie Orthopédique et Traumatologique - Status code: 403
2025-01-28 19:33:02,121 - INFO - response: https://duckduckgo.com/?q=Africa+Insight 200 28483
2025-01-28 19:33:03,969 - INFO - response: https://duckduckgo.com/i.js?l=wt-wt&o=json&q=Africa+Insight&vqd=4-100353077201591584550413620063553613946&f=%2C%2C%2C%2C%2C&p=1 200 49732
2025-01-28 19:33:03,973 - INFO - Found valid image for Africa Insight: http://africainsight.org/wp-content/uploads/2018/12/mission-01.jpg
2025-01-28 19:33:30,464 - INFO - Image saved for journal: Africa Insight
2025-01-28 19:33:32,742 - INFO - response: https://duckduckgo.com/?q=Africa+Institute+Occasional+Paper 200 19450
2025-01-28 19:33:34,585 - INFO - response: https://duckduckgo.com/i.js?l=wt-wt&o=json&q=Africa+Institute+Occasional+Paper&vqd=4-135206752009315977851794647108130409279&f=%2C%2C%2C%2C%2C&p=1 200 56946
2025-01-28 19:33:34,589 - INFO - Found valid image for Africa Institute Occasional Paper: https://pictures.abebooks.com/isbn/9780798300728-us.jpg
2025-01-28 19:33:36,354 - INFO - Image saved for journal: Africa Institute Occasional Paper
2025-01-28 19:33:38,681 - INFO - response: https://duckduckgo.com/?q=Africa+Journal+of+Comparative+Constitutional+Law 200 19739
2025-01-28 19:33:40,522 - INFO - response: https://duckduckgo.com/i.js?l=wt-wt&o=json&q=Africa+Journal+of+Comparative+Constitutional+Law&vqd=4-79293749710191702033681600563484376240&f=%2C%2C%2C%2C%2C&p=1 200 58822
2025-01-28 19:33:40,525 - INFO - Found valid image for Africa Journal of Comparative Constitutional Law: https://journals.co.za/cms/asset/c5ab894f-de9c-46b0-95e9-fb1a916a6bbb/default_cover.jpg
2025-01-28 19:33:40,630 - WARNING - Failed to download image for journal: Africa Journal of Comparative Constitutional Law - Status code: 403
2025-01-28 19:33:42,889 - INFO - response: https://duckduckgo.com/?q=Africa+Journal+of+Nursing+and+Midwifery 200 19566
2025-01-28 19:33:45,442 - INFO - response: https://duckduckgo.com/i.js?l=wt-wt&o=json&q=Africa+Journal+of+Nursing+and+Midwifery&vqd=4-138780300159066132483213411162271109381&f=%2C%2C%2C%2C%2C&p=1 200 67626
2025-01-28 19:33:45,446 - INFO - Found valid image for Africa Journal of Nursing and Midwifery: https://i1.rgstatic.net/publication/273765479_Africa_Journal_of_Nursing_and_Midwifery_Cover/links/550b6a360cf265693cef7935/largepreview.png
2025-01-28 19:33:46,150 - INFO - Image saved for journal: Africa Journal of Nursing and Midwifery
2025-01-28 19:33:48,411 - INFO - response: https://duckduckgo.com/?q=Africa+Journal+of+Physical+Sciences 200 19488
2025-01-28 19:33:50,353 - INFO - response: https://duckduckgo.com/i.js?l=wt-wt&o=json&q=Africa+Journal+of+Physical+Sciences&vqd=4-117475078391747964030978830043034085834&f=%2C%2C%2C%2C%2C&p=1 200 56243
2025-01-28 19:33:50,357 - INFO - Found valid image for Africa Journal of Physical Sciences: https://www.pdffiller.com/preview/492/78/492078327.png
2025-01-28 19:33:51,442 - INFO - Image saved for journal: Africa Journal of Physical Sciences
2025-01-28 19:33:54,042 - INFO - response: https://duckduckgo.com/?q=Africa+Journal+of+Public+Sector+Development+and+Governance 200 19890
2025-01-28 19:33:55,881 - INFO - response: https://duckduckgo.com/i.js?l=wt-wt&o=json&q=Africa+Journal+of+Public+Sector+Development+and+Governance&vqd=4-148332818288404365718205093854500866878&f=%2C%2C%2C%2C%2C&p=1 200 56916
2025-01-28 19:33:55,884 - INFO - Found valid image for Africa Journal of Public Sector Development and Governance: https://amdin.africa/wp-content/uploads/2019/07/jourN-560x416.png
2025-01-28 19:33:57,475 - INFO - Image saved for journal: Africa Journal of Public Sector Development and Governance
2025-01-28 19:33:59,576 - INFO - response: https://duckduckgo.com/?q=Africa%3A+Journal+of+the+International+African+Institute 200 27187
2025-01-28 19:34:01,419 - INFO - response: https://duckduckgo.com/i.js?l=wt-wt&o=json&q=Africa%3A+Journal+of+the+International+African+Institute&vqd=4-34599932056261187150795893979838159408&f=%2C%2C%2C%2C%2C&p=1 200 56039
2025-01-28 19:34:01,422 - INFO - Found valid image for Africa: Journal of the International African Institute: https://reseau-mirabel.info/images/titres-couvertures/000007457.png
2025-01-28 19:34:03,630 - INFO - Image saved for journal: Africa: Journal of the International African Institute
2025-01-28 19:34:05,818 - INFO - response: https://duckduckgo.com/?q=African+Anthropologist 200 25186
2025-01-28 19:34:07,662 - INFO - response: https://duckduckgo.com/i.js?l=wt-wt&o=json&q=African+Anthropologist&vqd=4-32287452303391766188749855038391434954&f=%2C%2C%2C%2C%2C&p=1 200 56832
2025-01-28 19:34:07,665 - INFO - Found valid image for African Anthropologist: https://blerds.atlantablackstar.com/wp-content/uploads/2015/07/WhitneyBB_crop2.jpg.jpeg
2025-01-28 19:34:08,556 - INFO - Image saved for journal: African Anthropologist
2025-01-28 19:34:10,642 - INFO - response: https://duckduckgo.com/?q=African+Arts 200 29406
2025-01-28 19:34:12,471 - INFO - response: https://duckduckgo.com/i.js?l=wt-wt&o=json&q=African+Arts&vqd=4-336864374034597560179109481784853293191&f=%2C%2C%2C%2C%2C&p=1 200 53609
2025-01-28 19:34:12,476 - INFO - Found valid image for African Arts: http://upload.wikimedia.org/wikipedia/commons/e/eb/African_Art,_Yombe_sculpture,_Louvre.jpg
2025-01-28 19:34:13,598 - WARNING - Failed to download image for journal: African Arts - Status code: 403
2025-01-28 19:34:15,755 - INFO - response: https://duckduckgo.com/?q=African+Association+of+Physiological+Sciences+Journal 200 19790
2025-01-28 19:34:17,598 - INFO - response: https://duckduckgo.com/i.js?l=wt-wt&o=json&q=African+Association+of+Physiological+Sciences+Journal&vqd=4-197261805733983027573485601488481649&f=%2C%2C%2C%2C%2C&p=1 200 60909
2025-01-28 19:34:17,602 - INFO - Found valid image for African Association of Physiological Sciences Journal: https://www.ajol.info/public/journals/557/homepageImage_en_US.jpg
2025-01-28 19:34:19,936 - INFO - Image saved for journal: African Association of Physiological Sciences Journal
2025-01-28 19:34:21,898 - INFO - response: https://duckduckgo.com/?q=Africa+Nazarene+University+Law+Journal 200 19523
2025-01-28 19:34:23,842 - INFO - response: https://duckduckgo.com/i.js?l=wt-wt&o=json&q=Africa+Nazarene+University+Law+Journal&vqd=4-138754589293530638946025195508955926986&f=%2C%2C%2C%2C%2C&p=1 200 61748
2025-01-28 19:34:23,846 - INFO - Found valid image for Africa Nazarene University Law Journal: https://journals.co.za/pb-assets/productImages/jlc.anulj_cover-1601826180797.jpg
2025-01-28 19:34:24,275 - INFO - Image saved for journal: Africa Nazarene University Law Journal
2025-01-28 19:34:27,119 - INFO - response: https://duckduckgo.com/?q=African+Community+Health+Newsletter 200 19474
2025-01-28 19:34:28,961 - INFO - response: https://duckduckgo.com/i.js?l=wt-wt&o=json&q=African+Community+Health+Newsletter&vqd=4-164564318786898755268969262818036429730&f=%2C%2C%2C%2C%2C&p=1 200 58108
2025-01-28 19:34:28,964 - INFO - Found valid image for African Community Health Newsletter: https://africacdc.org/wp-content/uploads/2022/02/Newsletter-Feb-2022.jpg
2025-01-28 19:34:30,918 - INFO - Image saved for journal: African Community Health Newsletter
2025-01-28 19:34:33,127 - INFO - response: https://duckduckgo.com/?q=African+Conflict+and+Peacebuilding+Review 200 19560
2025-01-28 19:34:35,007 - INFO - response: https://duckduckgo.com/i.js?l=wt-wt&o=json&q=African+Conflict+and+Peacebuilding+Review&vqd=4-281572085753281796605646467614753068695&f=%2C%2C%2C%2C%2C&p=1 200 62365
2025-01-28 19:34:35,011 - INFO - Found valid image for African Conflict and Peacebuilding Review: https://dhjhkxawhe8q4.cloudfront.net/indiana-university-press-wp/wp-content/uploads/2019/04/21151156/African-Conflict-Peacebuilding-Review-1459x2048.png
2025-01-28 19:34:36,244 - WARNING - Failed to download image for journal: African Conflict and Peacebuilding Review - Status code: 403
2025-01-28 19:34:38,907 - INFO - response: https://duckduckgo.com/?q=African+Crop+Science+Journal 200 26023
2025-01-28 19:34:41,578 - INFO - response: https://duckduckgo.com/i.js?l=wt-wt&o=json&q=African+Crop+Science+Journal&vqd=4-200581524665875610647444241417824368633&f=%2C%2C%2C%2C%2C&p=1 200 56849
2025-01-28 19:34:41,586 - INFO - Found valid image for African Crop Science Journal: https://www.ajol.info/public/journals/176/homepageImage.jpg
2025-01-28 19:34:42,541 - INFO - Image saved for journal: African Crop Science Journal
2025-01-28 19:34:44,729 - INFO - response: https://duckduckgo.com/?q=African+Development+and+Europe 200 19414
2025-01-28 19:34:47,085 - INFO - response: https://duckduckgo.com/i.js?l=wt-wt&o=json&q=African+Development+and+Europe&vqd=4-224063713205092930720705124807917625015&f=%2C%2C%2C%2C%2C&p=1 200 57683
2025-01-28 19:34:47,090 - INFO - Found valid image for African Development and Europe: https://img.perlego.com/book-covers/4477903/9781483151052_300_450.webp
2025-01-28 19:34:48,722 - WARNING - Invalid content type for image URL: https://img.perlego.com/book-covers/4477903/9781483151052_300_450.webp
2025-01-28 19:34:50,981 - INFO - response: https://duckduckgo.com/?q=African+Development+Finance+Journal 200 19474
2025-01-28 19:34:52,718 - INFO - response: https://duckduckgo.com/i.js?l=wt-wt&o=json&q=African+Development+Finance+Journal&vqd=4-201398334534663133107202929430779355886&f=%2C%2C%2C%2C%2C&p=1 200 63549
2025-01-28 19:34:52,721 - INFO - Found valid image for African Development Finance Journal: http://uonjournals.uonbi.ac.ke/ojs/public/journals/8/cover_issue_140_en_US.jpg
2025-01-28 19:34:53,146 - INFO - Image saved for journal: African Development Finance Journal
2025-01-28 19:34:55,609 - INFO - response: https://duckduckgo.com/?q=African+Economic+History 200 27552
2025-01-28 19:34:57,430 - INFO - response: https://duckduckgo.com/i.js?l=wt-wt&o=json&q=African+Economic+History&vqd=4-278699546850966993902354800194267582803&f=%2C%2C%2C%2C%2C&p=1 200 55256
2025-01-28 19:34:57,433 - INFO - Found valid image for African Economic History: https://nuriakenya.com/wp-content/uploads/2020/11/African-Economic-History.jpg
2025-01-28 19:34:57,589 - WARNING - Failed to download image for journal: African Economic History - Status code: 403
2025-01-28 19:34:59,705 - INFO - response: https://duckduckgo.com/?q=African+Economic+History+Review 200 27737
2025-01-28 19:35:01,630 - INFO - response: https://duckduckgo.com/i.js?l=wt-wt&o=json&q=African+Economic+History+Review&vqd=4-222421534353503986139681308601666290104&f=%2C%2C%2C%2C%2C&p=1 200 56525
2025-01-28 19:35:01,635 - INFO - Found valid image for African Economic History Review: https://nuriakenya.com/wp-content/uploads/2020/11/African-Economic-History.jpg
2025-01-28 19:35:01,844 - WARNING - Failed to download image for journal: African Economic History Review - Status code: 403
2025-01-28 19:35:04,507 - INFO - response: https://duckduckgo.com/?q=African+Entomology 200 25125
2025-01-28 19:35:07,766 - INFO - response: https://duckduckgo.com/i.js?l=wt-wt&o=json&q=African+Entomology&vqd=4-29829294229614346747895664688717857645&f=%2C%2C%2C%2C%2C&p=1 200 57953
2025-01-28 19:35:07,770 - INFO - Found valid image for African Entomology: https://entsocsa.co.za/wp-content/uploads/2023/07/African-Entomology-Cover-Volume-31-issue-1-Final.jpg
2025-01-28 19:35:09,121 - INFO - Image saved for journal: African Entomology
2025-01-28 19:35:11,658 - INFO - response: https://duckduckgo.com/?q=African+Environment 200 28541
2025-01-28 19:35:13,502 - INFO - response: https://duckduckgo.com/i.js?l=wt-wt&o=json&q=African+Environment&vqd=4-145266399334419408722097905302845637603&f=%2C%2C%2C%2C%2C&p=1 200 58433
2025-01-28 19:35:13,506 - INFO - Found valid image for African Environment: https://w.wallha.com/ws/3/VEJtBqoS.jpg
2025-01-28 19:35:13,605 - WARNING - Failed to download image for journal: African Environment - Status code: 403
2025-01-28 19:35:15,959 - INFO - response: https://duckduckgo.com/?q=African+Evaluation+Journal 200 19264
2025-01-28 19:35:17,802 - INFO - response: https://duckduckgo.com/i.js?l=wt-wt&o=json&q=African+Evaluation+Journal&vqd=4-237687321664495566802181345173466038998&f=%2C%2C%2C%2C%2C&p=1 200 66406
2025-01-28 19:35:17,807 - INFO - Found valid image for African Evaluation Journal: https://aosis.co.za/wp-content/uploads/2019/07/AEJ-3D-COVER-no-year.png
2025-01-28 19:35:20,634 - INFO - Image saved for journal: African Evaluation Journal
2025-01-28 19:35:22,861 - INFO - response: https://duckduckgo.com/?q=African+Evaluation+Journal 200 19264
2025-01-28 19:35:24,766 - INFO - response: https://duckduckgo.com/i.js?l=wt-wt&o=json&q=African+Evaluation+Journal&vqd=4-237687321664495566802181345173466038998&f=%2C%2C%2C%2C%2C&p=1 200 65737
2025-01-28 19:35:24,770 - INFO - Found valid image for African Evaluation Journal: https://aosis.co.za/wp-content/uploads/2019/07/AEJ-3D-COVER-no-year.png
2025-01-28 19:35:27,585 - INFO - Image saved for journal: African Evaluation Journal
2025-01-28 19:35:29,783 - INFO - response: https://duckduckgo.com/?q=African+Finance+Journal 200 26914
2025-01-28 19:35:31,734 - INFO - response: https://duckduckgo.com/i.js?l=wt-wt&o=json&q=African+Finance+Journal&vqd=4-40840810182720125757549827998940473736&f=%2C%2C%2C%2C%2C&p=1 200 59433
2025-01-28 19:35:31,739 - INFO - Found valid image for African Finance Journal: https://journals.co.za/cms/asset/1894e848-0771-4799-8d11-88914aec35c2/default_cover.jpg
2025-01-28 19:35:31,844 - WARNING - Failed to download image for journal: African Finance Journal - Status code: 403
2025-01-28 19:35:33,828 - INFO - response: https://duckduckgo.com/?q=African+Health+Monitor 200 19216
2025-01-28 19:35:35,867 - INFO - response: https://duckduckgo.com/i.js?l=wt-wt&o=json&q=African+Health+Monitor&vqd=4-226251993240013164837524597249733422307&f=%2C%2C%2C%2C%2C&p=1 200 59470
2025-01-28 19:35:35,871 - INFO - Found valid image for African Health Monitor: https://www.afro.who.int/sites/default/files/2017-06/african-health.png
2025-01-28 19:35:39,298 - INFO - Image saved for journal: African Health Monitor
2025-01-28 19:35:41,370 - INFO - response: https://duckduckgo.com/?q=African+Health+Sciences 200 26087
2025-01-28 19:35:43,165 - INFO - response: https://duckduckgo.com/i.js?l=wt-wt&o=json&q=African+Health+Sciences&vqd=4-231582859153614049875843909374252393505&f=%2C%2C%2C%2C%2C&p=1 200 62415
2025-01-28 19:35:43,169 - INFO - Found valid image for African Health Sciences: https://africanhealthsciences.org/wp-content/uploads/2024/05/logo_ahs.png
2025-01-28 19:35:44,530 - WARNING - Failed to download image for journal: African Health Sciences - Status code: 406
2025-01-28 19:35:46,786 - INFO - response: https://duckduckgo.com/?q=African+Historical+Review 200 26944
2025-01-28 19:35:48,640 - INFO - response: https://duckduckgo.com/i.js?l=wt-wt&o=json&q=African+Historical+Review&vqd=4-283628604710325697089654022419463278252&f=%2C%2C%2C%2C%2C&p=1 200 56856
2025-01-28 19:35:48,643 - INFO - Found valid image for African Historical Review: https://journals.co.za/cms/asset/b7a2d2d7-f9d7-40ad-8173-f87822d1d37f/default_cover.jpg
2025-01-28 19:35:48,733 - WARNING - Failed to download image for journal: African Historical Review - Status code: 403
2025-01-28 19:35:51,052 - INFO - response: https://duckduckgo.com/?q=African+Historical+Studies 200 25679
2025-01-28 19:35:52,841 - INFO - response: https://duckduckgo.com/i.js?l=wt-wt&o=json&q=African+Historical+Studies&vqd=4-294403468226727706518536307114115120821&f=%2C%2C%2C%2C%2C&p=1 200 57210
2025-01-28 19:35:52,845 - INFO - Found valid image for African Historical Studies: http://www.bu.edu/africa/files/2012/02/IJAHS-small.jpg
2025-01-28 19:35:56,346 - INFO - Image saved for journal: African Historical Studies
2025-01-28 19:35:58,562 - INFO - response: https://duckduckgo.com/?q=African+Human+Mobility+Review 200 19401
2025-01-28 19:36:00,512 - INFO - response: https://duckduckgo.com/i.js?l=wt-wt&o=json&q=African+Human+Mobility+Review&vqd=4-135990954581183689136118792009217725501&f=%2C%2C%2C%2C%2C&p=1 200 58623
2025-01-28 19:36:00,516 - INFO - Found valid image for African Human Mobility Review: https://mmica.uwc.ac.za/wp-content/uploads/2023/08/AHMR-9-1-cover-image_Page_001-1.jpg
2025-01-28 19:36:02,710 - INFO - Image saved for journal: African Human Mobility Review
2025-01-28 19:36:05,046 - INFO - response: https://duckduckgo.com/?q=African+Human+Morbility+Review 200 19414
2025-01-28 19:36:08,285 - INFO - response: https://duckduckgo.com/i.js?l=wt-wt&o=json&q=African+Human+Morbility+Review&vqd=4-262014843353942379876951783773722135345&f=%2C%2C%2C%2C%2C&p=1 200 59653
2025-01-28 19:36:08,289 - INFO - Found valid image for African Human Morbility Review: https://mmica.uwc.ac.za/wp-content/uploads/2023/08/AHMR-9-1-cover-image_Page_001-1.jpg
2025-01-28 19:36:09,917 - INFO - Image saved for journal: African Human Morbility Review
2025-01-28 19:36:12,089 - INFO - response: https://duckduckgo.com/?q=African+Human+Rights+law+Journal 200 26470
2025-01-28 19:36:13,923 - INFO - response: https://duckduckgo.com/i.js?l=wt-wt&o=json&q=African+Human+Rights+law+Journal&vqd=4-97482610811935223913788081558947425995&f=%2C%2C%2C%2C%2C&p=1 200 64957
2025-01-28 19:36:13,926 - INFO - Found valid image for African Human Rights law Journal: https://www.chr.up.ac.za/images/publications/AHRLJ-2_2020_special_edition.jpg
2025-01-28 19:36:14,456 - INFO - Image saved for journal: African Human Rights law Journal
2025-01-28 19:36:16,580 - INFO - response: https://duckduckgo.com/?q=African+Human+Rights+Law+Journal 200 26470
2025-01-28 19:36:18,339 - INFO - response: https://duckduckgo.com/i.js?l=wt-wt&o=json&q=African+Human+Rights+Law+Journal&vqd=4-39812546948054318654139861246721781903&f=%2C%2C%2C%2C%2C&p=1 200 64957
2025-01-28 19:36:18,343 - INFO - Found valid image for African Human Rights Law Journal: https://www.chr.up.ac.za/images/publications/AHRLJ-2_2020_special_edition.jpg
2025-01-28 19:36:18,840 - INFO - Image saved for journal: African Human Rights Law Journal
2025-01-28 19:36:21,087 - INFO - response: https://duckduckgo.com/?q=African+Human+Rights+Yearbook 200 19402
2025-01-28 19:36:22,932 - INFO - response: https://duckduckgo.com/i.js?l=wt-wt&o=json&q=African+Human+Rights+Yearbook&vqd=4-147169443990212887238310954973931009715&f=%2C%2C%2C%2C%2C&p=1 200 55027
2025-01-28 19:36:22,935 - INFO - Found valid image for African Human Rights Yearbook: https://www.chr.up.ac.za/images/publications/African_Human_Rights_Yearbook/2018-AHRY_cover.jpg
2025-01-28 19:36:24,021 - INFO - Image saved for journal: African Human Rights Yearbook
2025-01-28 19:36:28,461 - INFO - response: https://duckduckgo.com/?q=African+Invertebrates 200 27253
2025-01-28 19:36:29,997 - INFO - response: https://duckduckgo.com/i.js?l=wt-wt&o=json&q=African+Invertebrates&vqd=4-225041217599107729416129953254254008447&f=%2C%2C%2C%2C%2C&p=1 200 64665
2025-01-28 19:36:30,002 - INFO - Found valid image for African Invertebrates: https://i.pinimg.com/originals/9a/f7/fc/9af7fc52b7cdd0771fc4396ecc62c1c6.jpg
2025-01-28 19:36:31,083 - INFO - Image saved for journal: African Invertebrates
2025-01-28 19:36:33,176 - INFO - response: https://duckduckgo.com/?q=African+Invertebrates 200 27253
2025-01-28 19:36:34,807 - INFO - response: https://duckduckgo.com/i.js?l=wt-wt&o=json&q=African+Invertebrates&vqd=4-225041217599107729416129953254254008447&f=%2C%2C%2C%2C%2C&p=1 200 64665
2025-01-28 19:36:34,811 - INFO - Found valid image for African Invertebrates: https://i.pinimg.com/originals/9a/f7/fc/9af7fc52b7cdd0771fc4396ecc62c1c6.jpg
2025-01-28 19:36:35,323 - INFO - Image saved for journal: African Invertebrates
2025-01-28 19:36:38,801 - INFO - response: https://duckduckgo.com/?q=African+Issues 200 19106
2025-01-28 19:36:40,943 - INFO - response: https://duckduckgo.com/i.js?l=wt-wt&o=json&q=African+Issues&vqd=4-332290549640015102077721803174198603148&f=%2C%2C%2C%2C%2C&p=1 200 58103
2025-01-28 19:36:40,947 - INFO - Found valid image for African Issues: https://assets.bwbx.io/images/users/iqjWHBFdfxIU/ikKTnYVGcyuc/v5/-1x-1.png
2025-01-28 19:36:43,360 - INFO - Image saved for journal: African Issues
2025-01-28 19:36:45,377 - INFO - response: https://duckduckgo.com/?q=African+Journal+for+Physical+Activity+and+Health+Sciences 200 27686
2025-01-28 19:36:47,321 - INFO - response: https://duckduckgo.com/i.js?l=wt-wt&o=json&q=African+Journal+for+Physical+Activity+and+Health+Sciences&vqd=4-186827746667904322714057124384175592994&f=%2C%2C%2C%2C%2C&p=1 200 55674
2025-01-28 19:36:47,325 - INFO - Found valid image for African Journal for Physical Activity and Health Sciences: https://journals.co.za/cms/asset/60299a45-c67b-4c0e-b58a-a55a75309f28/ajpherd1.v27.n3.cover.jpg
2025-01-28 19:36:47,449 - WARNING - Failed to download image for journal: African Journal for Physical Activity and Health Sciences - Status code: 403
2025-01-28 19:36:49,662 - INFO - response: https://duckduckgo.com/?q=African+Journal+for+Physical+Activity+and+Health+Sciences+%28AJPHES%29 200 20084
2025-01-28 19:36:51,407 - INFO - response: https://duckduckgo.com/i.js?l=wt-wt&o=json&q=African+Journal+for+Physical+Activity+and+Health+Sciences+%28AJPHES%29&vqd=4-66724482614516691542296678885140650562&f=%2C%2C%2C%2C%2C&p=1 200 55391
2025-01-28 19:36:51,411 - INFO - Found valid image for African Journal for Physical Activity and Health Sciences (AJPHES): https://journals.co.za/cms/asset/60299a45-c67b-4c0e-b58a-a55a75309f28/ajpherd1.v27.n3.cover.jpg
2025-01-28 19:36:51,518 - WARNING - Failed to download image for journal: African Journal for Physical Activity and Health Sciences (AJPHES) - Status code: 403
2025-01-28 19:36:53,860 - INFO - response: https://duckduckgo.com/?q=African+Journal+for+Physical+Health+Education%2C+Recreation+and+Dance 200 27666
2025-01-28 19:36:55,712 - INFO - response: https://duckduckgo.com/i.js?l=wt-wt&o=json&q=African+Journal+for+Physical+Health+Education%2C+Recreation+and+Dance&vqd=4-148898948695181166601190434363352014734&f=%2C%2C%2C%2C%2C&p=1 200 66514
2025-01-28 19:36:55,717 - INFO - Found valid image for African Journal for Physical Health Education, Recreation and Dance: https://image.slidesharecdn.com/6a2d7f80-9bbd-459b-b169-d05393ebb3c6-160202114338/75/African-Journal-for-Physical-Health-Education-Recreation-and-Dance_Mar15-1-2048.jpg
2025-01-28 19:36:58,448 - INFO - Image saved for journal: African Journal for Physical Health Education, Recreation and Dance
2025-01-28 19:37:00,615 - INFO - response: https://duckduckgo.com/?q=African+Journal+for+Physical%2C+Health+Education%2C+Recreation+and+Dance 200 27695
2025-01-28 19:37:02,459 - INFO - response: https://duckduckgo.com/i.js?l=wt-wt&o=json&q=African+Journal+for+Physical%2C+Health+Education%2C+Recreation+and+Dance&vqd=4-334877347691418255267706366182351175134&f=%2C%2C%2C%2C%2C&p=1 200 72149
2025-01-28 19:37:02,463 - INFO - Found valid image for African Journal for Physical, Health Education, Recreation and Dance: https://image.slidesharecdn.com/6a2d7f80-9bbd-459b-b169-d05393ebb3c6-160202114338/75/African-Journal-for-Physical-Health-Education-Recreation-and-Dance_Mar15-1-2048.jpg
2025-01-28 19:37:03,806 - INFO - Image saved for journal: African Journal for Physical, Health Education, Recreation and Dance
2025-01-28 19:37:06,158 - INFO - response: https://duckduckgo.com/?q=African+Journal+for+the+Psychological+Study+of+Social+Issues 200 26863
2025-01-28 19:37:07,987 - INFO - response: https://duckduckgo.com/i.js?l=wt-wt&o=json&q=African+Journal+for+the+Psychological+Study+of+Social+Issues&vqd=4-66056367718710856339713229511919149489&f=%2C%2C%2C%2C%2C&p=1 200 59015
2025-01-28 19:37:07,991 - INFO - Found valid image for African Journal for the Psychological Study of Social Issues: http://www.ajol.info/public/journals/237/homepageImage.gif
2025-01-28 19:37:09,873 - INFO - Image saved for journal: African Journal for the Psychological Study of Social Issues
2025-01-28 19:37:12,176 - INFO - response: https://duckduckgo.com/?q=African+Journal+of+Accounting+and+Social+Science+Studies 200 19866
2025-01-28 19:37:14,035 - INFO - response: https://duckduckgo.com/i.js?l=wt-wt&o=json&q=African+Journal+of+Accounting+and+Social+Science+Studies&vqd=4-286508045549745936209640606342638406625&f=%2C%2C%2C%2C%2C&p=1 200 58577
2025-01-28 19:37:14,038 - INFO - Found valid image for African Journal of Accounting and Social Science Studies: https://www.ajol.info/public/journals/622/homepageImage_en_US.png
2025-01-28 19:37:16,061 - INFO - Image saved for journal: African Journal of Accounting and Social Science Studies
2025-01-28 19:37:18,231 - INFO - response: https://duckduckgo.com/?q=African+Journal+of+Agriculture%2C+Technology+and+Environment+%28AJATE%29+is 200 20140
2025-01-28 19:37:20,119 - INFO - response: https://duckduckgo.com/i.js?l=wt-wt&o=json&q=African+Journal+of+Agriculture%2C+Technology+and+Environment+%28AJATE%29+is&vqd=4-297922070570847173850745361346742091314&f=%2C%2C%2C%2C%2C&p=1 200 63230
2025-01-28 19:37:20,122 - INFO - Found valid image for African Journal of Agriculture, Technology and Environment (AJATE) is: http://ajate.com.ng/wp-content/uploads/2023/02/AJATE.webp
2025-01-28 19:37:21,096 - ERROR - Error saving image for journal African Journal of Agriculture, Technology and Environment (AJATE) is: ('Connection aborted.', RemoteDisconnected('Remote end closed connection without response'))
2025-01-28 19:37:23,865 - INFO - response: https://duckduckgo.com/?q=African+Journal+of+AIDS+and+HIV+Research 200 19576
2025-01-28 19:37:25,703 - INFO - response: https://duckduckgo.com/i.js?l=wt-wt&o=json&q=African+Journal+of+AIDS+and+HIV+Research&vqd=4-234903203307769810819837635332340143505&f=%2C%2C%2C%2C%2C&p=1 200 67888
2025-01-28 19:37:25,707 - INFO - Found valid image for African Journal of AIDS and HIV Research: https://www.nisc.co.za/media/products/201404011396359638.jpg
2025-01-28 19:37:27,087 - INFO - Image saved for journal: African Journal of AIDS and HIV Research
2025-01-28 19:37:29,289 - INFO - response: https://duckduckgo.com/?q=African+Journal+of+AIDS+Research 200 26851
2025-01-28 19:37:31,129 - INFO - response: https://duckduckgo.com/i.js?l=wt-wt&o=json&q=African+Journal+of+AIDS+Research&vqd=4-12026292594498237981992209647864707565&f=%2C%2C%2C%2C%2C&p=1 200 67423
2025-01-28 19:37:31,134 - INFO - Found valid image for African Journal of AIDS Research: https://www.tandfonline.com/cms/asset/2a18c50c-1006-4e54-8cf8-c8f7d69c8382/raar20.v022.i04.cover.jpg
2025-01-28 19:37:31,234 - WARNING - Failed to download image for journal: African Journal of AIDS Research - Status code: 403
2025-01-28 19:37:33,488 - INFO - response: https://duckduckgo.com/?q=African+Journal+of+Alcohol+and+Drug+Abuse 200 19584
2025-01-28 19:37:35,274 - INFO - response: https://duckduckgo.com/i.js?l=wt-wt&o=json&q=African+Journal+of+Alcohol+and+Drug+Abuse&vqd=4-43225847012274313439105582584045442118&f=%2C%2C%2C%2C%2C&p=1 200 57668
2025-01-28 19:37:35,278 - INFO - Found valid image for African Journal of Alcohol and Drug Abuse: https://www.ajol.info/public/journals/767/homepageImage_en_US.png
2025-01-28 19:37:37,758 - INFO - Image saved for journal: African Journal of Alcohol and Drug Abuse
2025-01-28 19:37:40,074 - INFO - response: https://duckduckgo.com/?q=African+Journal+of+Anaesthesia+and+Intensive+Care 200 19768
2025-01-28 19:37:41,943 - INFO - response: https://duckduckgo.com/i.js?l=wt-wt&o=json&q=African+Journal+of+Anaesthesia+and+Intensive+Care&vqd=4-235245153562120936169104653859955537566&f=%2C%2C%2C%2C%2C&p=1 200 55499
2025-01-28 19:37:41,946 - INFO - Found valid image for African Journal of Anaesthesia and Intensive Care: https://www.ajol.info/public/journals/199/homepageImage_en_US.jpg
2025-01-28 19:37:43,194 - INFO - Image saved for journal: African Journal of Anaesthesia and Intensive Care
2025-01-28 19:37:45,478 - INFO - response: https://duckduckgo.com/?q=African+Journal+of+Applied+Research 200 19504
2025-01-28 19:37:47,510 - INFO - response: https://duckduckgo.com/i.js?l=wt-wt&o=json&q=African+Journal+of+Applied+Research&vqd=4-210113099179510193988223681422902083537&f=%2C%2C%2C%2C%2C&p=1 200 60826
2025-01-28 19:37:47,514 - INFO - Found valid image for African Journal of Applied Research: https://ajaronline.com/public/journals/1/homepageImage_en_US.jpg
2025-01-28 19:37:49,061 - WARNING - Failed to download image for journal: African Journal of Applied Research - Status code: 406
2025-01-28 19:37:51,264 - INFO - response: https://duckduckgo.com/?q=African+Journal+of+Applied+Zoology+and+Environmental+Biology 200 19994
2025-01-28 19:37:53,147 - INFO - response: https://duckduckgo.com/i.js?l=wt-wt&o=json&q=African+Journal+of+Applied+Zoology+and+Environmental+Biology&vqd=4-25043002590604744172632163246358507576&f=%2C%2C%2C%2C%2C&p=1 200 55236
2025-01-28 19:37:53,152 - INFO - Found valid image for African Journal of Applied Zoology and Environmental Biology: https://journals.co.za/cms/asset/e913d225-0f2f-4bb6-af3d-c994dd2cb720/default_cover.jpg
2025-01-28 19:37:53,314 - WARNING - Failed to download image for journal: African Journal of Applied Zoology and Environmental Biology - Status code: 403
2025-01-28 19:37:56,732 - INFO - response: https://duckduckgo.com/?q=African+Journal+of+Aquatic+Science 200 27168
2025-01-28 19:37:58,675 - INFO - response: https://duckduckgo.com/i.js?l=wt-wt&o=json&q=African+Journal+of+Aquatic+Science&vqd=4-240457921261171659879284604611895523094&f=%2C%2C%2C%2C%2C&p=1 200 59441
2025-01-28 19:37:58,679 - INFO - Found valid image for African Journal of Aquatic Science: https://www.nisc.co.za/media/products/2018040615229983079729653880931.jpg
2025-01-28 19:38:00,618 - INFO - Image saved for journal: African Journal of Aquatic Science
2025-01-28 19:38:02,896 - INFO - response: https://duckduckgo.com/?q=African+Journal+of+Biological+Sciences 200 19524
2025-01-28 19:38:04,734 - INFO - response: https://duckduckgo.com/i.js?l=wt-wt&o=json&q=African+Journal+of+Biological+Sciences&vqd=4-116934256594051967323640791481082391067&f=%2C%2C%2C%2C%2C&p=1 200 56377
2025-01-28 19:38:04,738 - INFO - Found valid image for African Journal of Biological Sciences: https://ajbs.journals.ekb.eg/data/new11/coversheet/head_en.jpg
2025-01-28 19:38:07,194 - INFO - Image saved for journal: African Journal of Biological Sciences
2025-01-28 19:38:09,434 - INFO - response: https://duckduckgo.com/?q=African+Journal+of+Biomedical+Research 200 25751
2025-01-28 19:38:11,270 - INFO - response: https://duckduckgo.com/i.js?l=wt-wt&o=json&q=African+Journal+of+Biomedical+Research&vqd=4-264715662859440709665472247221112185248&f=%2C%2C%2C%2C%2C&p=1 200 59691
2025-01-28 19:38:11,273 - INFO - Found valid image for African Journal of Biomedical Research: https://www.ajtmbr.org.ng/public/journals/1/cover_issue_10_en_US.jpg
2025-01-28 19:38:16,138 - INFO - Image saved for journal: African Journal of Biomedical Research
2025-01-28 19:38:18,189 - INFO - response: https://duckduckgo.com/?q=African+Journal+of+Biomedical+Research 200 25751
2025-01-28 19:38:19,987 - INFO - response: https://duckduckgo.com/i.js?l=wt-wt&o=json&q=African+Journal+of+Biomedical+Research&vqd=4-264715662859440709665472247221112185248&f=%2C%2C%2C%2C%2C&p=1 200 60594
2025-01-28 19:38:19,990 - INFO - Found valid image for African Journal of Biomedical Research: https://www.ajtmbr.org.ng/public/journals/1/cover_issue_10_en_US.jpg
2025-01-28 19:38:23,976 - INFO - Image saved for journal: African Journal of Biomedical Research
2025-01-28 19:38:26,239 - INFO - response: https://duckduckgo.com/?q=African+Journal+of+Biotechnology 200 25594
2025-01-28 19:38:28,168 - INFO - response: https://duckduckgo.com/i.js?l=wt-wt&o=json&q=African+Journal+of+Biotechnology&vqd=4-67298004546319633318967690042514209210&f=%2C%2C%2C%2C%2C&p=1 200 71343
2025-01-28 19:38:28,172 - INFO - Found valid image for African Journal of Biotechnology: https://image.isu.pub/131122092925-9229dea2bba646195e1f5962c71d966b/jpg/page_1_thumb_large.jpg
2025-01-28 19:38:29,898 - INFO - Image saved for journal: African Journal of Biotechnology
2025-01-28 19:38:32,263 - INFO - response: https://duckduckgo.com/?q=African+Journal+of+Business+and+Economic+Research 200 19768
2025-01-28 19:38:34,824 - INFO - response: https://duckduckgo.com/i.js?l=wt-wt&o=json&q=African+Journal+of+Business+and+Economic+Research&vqd=4-225235205299215871323521653824942667108&f=%2C%2C%2C%2C%2C&p=1 200 63749
2025-01-28 19:38:34,828 - INFO - Found valid image for African Journal of Business and Economic Research: https://journals.co.za/cms/asset/add1e9f1-3c3d-4174-8cd5-c06fb8530e42/default_cover.jpg
2025-01-28 19:38:34,948 - WARNING - Failed to download image for journal: African Journal of Business and Economic Research - Status code: 403
2025-01-28 19:38:37,593 - INFO - response: https://duckduckgo.com/?q=African+Journal+of+Business+and+Management+%28AJBUMA%29 200 19796
2025-01-28 19:38:40,214 - INFO - response: https://duckduckgo.com/i.js?l=wt-wt&o=json&q=African+Journal+of+Business+and+Management+%28AJBUMA%29&vqd=4-207726760157558702733605117369988228596&f=%2C%2C%2C%2C%2C&p=1 200 63101
2025-01-28 19:38:40,219 - INFO - Found valid image for African Journal of Business and Management (AJBUMA): https://business.uonbi.ac.ke/sites/default/files/2023-07/Blue+and+Pink+Professional+Business+Strategy+Presentation.jpg
2025-01-28 19:38:40,968 - WARNING - Failed to download image for journal: African Journal of Business and Management (AJBUMA) - Status code: 404
2025-01-28 19:38:43,425 - INFO - response: https://duckduckgo.com/?q=African+Journal+of+Business+Ethics 200 19472
2025-01-28 19:38:45,684 - INFO - response: https://duckduckgo.com/i.js?l=wt-wt&o=json&q=African+Journal+of+Business+Ethics&vqd=4-82898413673445229406611133318387778282&f=%2C%2C%2C%2C%2C&p=1 200 59871
2025-01-28 19:38:45,687 - INFO - Found valid image for African Journal of Business Ethics: https://ajobe.journals.ac.za/public/journals/1/cover_issue_26_en_US.jpg
2025-01-28 19:38:57,219 - INFO - Image saved for journal: African Journal of Business Ethics
2025-01-28 19:38:59,400 - INFO - response: https://duckduckgo.com/?q=African+Journal+of+Career+Development 200 19508
2025-01-28 19:39:01,352 - INFO - response: https://duckduckgo.com/i.js?l=wt-wt&o=json&q=African+Journal+of+Career+Development&vqd=4-79636330230355309524138324295458086631&f=%2C%2C%2C%2C%2C&p=1 200 59682
2025-01-28 19:39:01,355 - INFO - Found valid image for African Journal of Career Development: https://aosis.co.za/wp-content/uploads/2023/09/AJCD-2024-Special-collection-CFP-1536x864.jpg
2025-01-28 19:39:03,617 - INFO - Image saved for journal: African Journal of Career Development
2025-01-28 19:39:05,788 - INFO - response: https://duckduckgo.com/?q=African+Journal+of+Chemical+Education 200 19508
2025-01-28 19:39:07,595 - INFO - response: https://duckduckgo.com/i.js?l=wt-wt&o=json&q=African+Journal+of+Chemical+Education&vqd=4-57052462471988809924081821589957698136&f=%2C%2C%2C%2C%2C&p=1 200 56978
2025-01-28 19:39:07,599 - INFO - Found valid image for African Journal of Chemical Education: https://www.ajol.info/public/journals/480/homepageImage_en_US.jpg
2025-01-28 19:39:08,388 - INFO - Image saved for journal: African Journal of Chemical Education
2025-01-28 19:39:10,566 - INFO - response: https://duckduckgo.com/?q=African+Journal+of+Clinical+and+Experimental+Microbiology 200 19860
2025-01-28 19:39:12,406 - INFO - response: https://duckduckgo.com/i.js?l=wt-wt&o=json&q=African+Journal+of+Clinical+and+Experimental+Microbiology&vqd=4-66850942211818139812326719661270591973&f=%2C%2C%2C%2C%2C&p=1 200 72550
2025-01-28 19:39:12,409 - INFO - Found valid image for African Journal of Clinical and Experimental Microbiology: https://www.africanresearchers.org/wp-content/uploads/2023/08/African-Journal-of-Clinical-and-Experimental-Microbiology.jpg
2025-01-28 19:39:15,252 - INFO - Image saved for journal: African Journal of Clinical and Experimental Microbiology
2025-01-28 19:39:17,423 - INFO - response: https://duckduckgo.com/?q=African+Journal+of+Commercial+Studies 200 19512
2025-01-28 19:39:19,311 - INFO - response: https://duckduckgo.com/i.js?l=wt-wt&o=json&q=African+Journal+of+Commercial+Studies&vqd=4-212531543394068339865919743595593984985&f=%2C%2C%2C%2C%2C&p=1 200 66141
2025-01-28 19:39:19,316 - INFO - Found valid image for African Journal of Commercial Studies: https://i1.rgstatic.net/ii/profile.image/11431281085463988-1663775837767_Q64/African-Journal-Commercial-Studies.jpg
2025-01-28 19:39:19,602 - INFO - Image saved for journal: African Journal of Commercial Studies
2025-01-28 19:39:21,771 - INFO - response: https://duckduckgo.com/?q=African+Journal+of+Cross-Cultural+Psychology+and+Sport+Facilitation 200 29473
2025-01-28 19:39:23,877 - INFO - response: https://duckduckgo.com/i.js?l=wt-wt&o=json&q=African+Journal+of+Cross-Cultural+Psychology+and+Sport+Facilitation&vqd=4-114630388328003588109950709470798149349&f=%2C%2C%2C%2C%2C&p=1 200 59474
2025-01-28 19:39:23,881 - INFO - Found valid image for African Journal of Cross-Cultural Psychology and Sport Facilitation: https://mysubs.in/wp-content/uploads/journal-of-cross-cultural-psychology-journal-subscription-17-Dec-2019.png
2025-01-28 19:39:27,030 - INFO - Image saved for journal: African Journal of Cross-Cultural Psychology and Sport Facilitation
2025-01-28 20:03:40,027 - INFO - response: https://duckduckgo.com/?q=Abia+State+University+Medical+Students%27+Association+Journal 200 19920
2025-01-28 20:03:41,971 - INFO - response: https://duckduckgo.com/i.js?l=wt-wt&o=json&q=Abia+State+University+Medical+Students%27+Association+Journal&vqd=4-59993802039004582699619349272796996146&f=%2C%2C%2C%2C%2C&p=1 200 53751
2025-01-28 20:03:45,204 - ERROR - Error downloading image from https://www.ajol.info/public/journals/372/homepageImage_en_US.jpg: name 'journal' is not defined
2025-01-28 20:03:45,774 - ERROR - Error downloading image from https://i1.rgstatic.net/publication/366498895_ASSESSMENT_OF_IMPACT_OF_INFORMATION_COMMUNICATION_TECHNOLOGY_ON_THE_ACADEMIC_PERFORMANCE_OF_MEDICAL_STUDENTS_IN_ABSUTH_ABA_ABIA_STATE/links/63a4009ce598500876c39742/largepreview.png: name 'journal' is not defined
2025-01-28 20:03:46,665 - ERROR - Error downloading image from https://i.ytimg.com/vi/cKGWUGE6xdQ/maxresdefault.jpg: name 'journal' is not defined
2025-01-28 20:03:49,339 - ERROR - Error downloading image from https://myschoolnews.ng/uploads/images/202311/image_750x_6541e3f63e710.jpg: name 'journal' is not defined
2025-01-28 20:03:49,341 - WARNING - No valid image found for journal: Abia State University Medical Students' Association Journal
2025-01-28 20:03:49,341 - INFO - No valid image found for journal: Abia State University Medical Students' Association Journal
2025-01-28 20:03:52,319 - INFO - response: https://duckduckgo.com/?q=Abraka+Humanities+Review 200 19236
2025-01-28 20:03:54,047 - INFO - response: https://duckduckgo.com/i.js?l=wt-wt&o=json&q=Abraka+Humanities+Review&vqd=4-38570294144066798029251981299951578250&f=%2C%2C%2C%2C%2C&p=1 200 60088
2025-01-28 20:03:55,587 - ERROR - Error downloading image from https://www.ajol.info/public/journals/664/homepageImage_en_US.jpg: name 'journal' is not defined
2025-01-28 20:03:58,252 - ERROR - Error downloading image from https://www.delsu.edu.ng/wp-content/uploads/2021/03/banner2.jpg: name 'journal' is not defined
2025-01-28 20:03:58,948 - ERROR - Error downloading image from https://i1.rgstatic.net/publication/371567305_Impact_of_COVID-19_pandemic_school_closure_on_students_and_level_of_satisfaction_with_e-learning_The_case_of_Delta_State_University_Abraka/links/648a50007fcc811dcdce3fe7/largepreview.png: name 'journal' is not defined
2025-01-28 20:03:59,762 - ERROR - Error downloading image from https://i.ytimg.com/vi/u3gQ3CTul94/maxresdefault.jpg: name 'journal' is not defined
2025-01-28 20:03:59,763 - WARNING - No valid image found for journal: Abraka Humanities Review
2025-01-28 20:03:59,763 - INFO - No valid image found for journal: Abraka Humanities Review
2025-01-28 20:04:01,878 - INFO - response: https://duckduckgo.com/?q=ABUAD+Journal+of+Engineering+Research+and+Development 200 19815
2025-01-28 20:04:03,799 - INFO - response: https://duckduckgo.com/i.js?l=wt-wt&o=json&q=ABUAD+Journal+of+Engineering+Research+and+Development&vqd=4-219764024469003321252262376252888067745&f=%2C%2C%2C%2C%2C&p=1 200 64157
2025-01-28 20:04:05,212 - ERROR - Error downloading image from https://ajerd.abuad.edu.ng/wp-content/uploads/2018/06/ABUADLogo.png: name 'journal' is not defined
2025-01-28 20:04:07,052 - ERROR - Error downloading image from https://journals.abuad.edu.ng/templates/images/doaj.png: name 'journal' is not defined
2025-01-28 20:05:44,029 - INFO - response: https://duckduckgo.com/?q=Abia+State+University+Medical+Students%27+Association+Journal 200 19920
2025-01-28 20:05:45,904 - INFO - response: https://duckduckgo.com/i.js?l=wt-wt&o=json&q=Abia+State+University+Medical+Students%27+Association+Journal&vqd=4-59993802039004582699619349272796996146&f=%2C%2C%2C%2C%2C&p=1 200 53751
2025-01-28 20:05:45,911 - INFO - Found valid image for Abia State University Medical Students' Association Journal: https://www.ajol.info/public/journals/372/homepageImage_en_US.jpg
2025-01-28 20:05:50,194 - INFO - Image saved for journal: Abia State University Medical Students' Association Journal
2025-01-28 20:05:52,444 - INFO - response: https://duckduckgo.com/?q=Abraka+Humanities+Review 200 19236
2025-01-28 20:05:54,168 - INFO - response: https://duckduckgo.com/i.js?l=wt-wt&o=json&q=Abraka+Humanities+Review&vqd=4-38570294144066798029251981299951578250&f=%2C%2C%2C%2C%2C&p=1 200 60088
2025-01-28 20:05:54,171 - INFO - Found valid image for Abraka Humanities Review: https://www.ajol.info/public/journals/664/homepageImage_en_US.jpg
2025-01-28 20:05:55,906 - INFO - Image saved for journal: Abraka Humanities Review
2025-01-28 20:05:58,166 - INFO - response: https://duckduckgo.com/?q=ABUAD+Journal+of+Engineering+Research+and+Development 200 19816
2025-01-28 20:06:00,317 - INFO - response: https://duckduckgo.com/i.js?l=wt-wt&o=json&q=ABUAD+Journal+of+Engineering+Research+and+Development&vqd=4-219764024469003321252262376252888067745&f=%2C%2C%2C%2C%2C&p=1 200 64157
2025-01-28 20:06:00,321 - INFO - Found valid image for ABUAD Journal of Engineering Research and Development: https://ajerd.abuad.edu.ng/wp-content/uploads/2018/06/ABUADLogo.png
2025-01-28 20:06:01,961 - INFO - Image saved for journal: ABUAD Journal of Engineering Research and Development
2025-01-28 20:06:04,099 - INFO - response: https://duckduckgo.com/?q=Abyssinia+Journal+of+Engineering+and+Computing 200 19719
2025-01-28 20:06:06,148 - INFO - response: https://duckduckgo.com/i.js?l=wt-wt&o=json&q=Abyssinia+Journal+of+Engineering+and+Computing&vqd=4-313512262660904637633867336376832468705&f=%2C%2C%2C%2C%2C&p=1 200 53784
2025-01-28 20:06:06,151 - INFO - Found valid image for Abyssinia Journal of Engineering and Computing: https://www.ajol.info/public/journals/788/homepageImage_en_US.jpg
2025-01-28 20:06:07,231 - INFO - Image saved for journal: Abyssinia Journal of Engineering and Computing
2025-01-28 20:06:10,670 - INFO - response: https://duckduckgo.com/?q=Abyssinia+Journal+of+Science+and+Technology 200 19598
2025-01-28 20:06:12,598 - INFO - response: https://duckduckgo.com/i.js?l=wt-wt&o=json&q=Abyssinia+Journal+of+Science+and+Technology&vqd=4-132166274193791465082447111043628590912&f=%2C%2C%2C%2C%2C&p=1 200 54582
2025-01-28 20:06:12,601 - INFO - Found valid image for Abyssinia Journal of Science and Technology: https://abjol.org.et/public/journals/3/journalThumbnail_en_US.jpg
2025-01-28 20:06:15,777 - INFO - Image saved for journal: Abyssinia Journal of Science and Technology
2025-01-28 20:06:17,924 - INFO - response: https://duckduckgo.com/?q=Academic+Web+Journal+of+Medical+Science 200 19551
2025-01-28 20:06:21,105 - INFO - response: https://duckduckgo.com/i.js?l=wt-wt&o=json&q=Academic+Web+Journal+of+Medical+Science&vqd=4-170195703382218023614939414616117736271&f=%2C%2C%2C%2C%2C&p=1 200 54846
2025-01-28 20:06:21,109 - INFO - Found valid image for Academic Web Journal of Medical Science: https://jmedsci.com/public/journals/1/cover_issue_62_en_US.jpg
2025-01-28 20:06:22,951 - INFO - Image saved for journal: Academic Web Journal of Medical Science
2025-01-28 20:06:25,196 - INFO - response: https://duckduckgo.com/?q=Academy+Journal+of+Science+and+Engineering 200 19586
2025-01-28 20:06:27,043 - INFO - response: https://duckduckgo.com/i.js?l=wt-wt&o=json&q=Academy+Journal+of+Science+and+Engineering&vqd=4-281843012741163958610374607471769079564&f=%2C%2C%2C%2C%2C&p=1 200 54273
2025-01-28 20:06:27,046 - INFO - Found valid image for Academy Journal of Science and Engineering: https://www.ajol.info/public/journals/635/homepageImage_en_US.png
2025-01-28 20:06:28,740 - INFO - Image saved for journal: Academy Journal of Science and Engineering
2025-01-28 20:06:30,927 - INFO - response: https://duckduckgo.com/?q=ACCORD+Occasional+Paper 200 19228
2025-01-28 20:06:32,669 - INFO - response: https://duckduckgo.com/i.js?l=wt-wt&o=json&q=ACCORD+Occasional+Paper&vqd=4-118227671958983236654139247281374102604&f=%2C%2C%2C%2C%2C&p=1 200 55016
2025-01-28 20:06:32,672 - INFO - Found valid image for ACCORD Occasional Paper: https://www.accord.org.za/wp-content/uploads/2012/11/ACCORD-Occasional-Paper-2012-1-Justice-and-peacebuilding-in-post-conflict-situations.jpg
2025-01-28 20:06:34,651 - INFO - Image saved for journal: ACCORD Occasional Paper
2025-01-28 20:06:36,883 - INFO - response: https://duckduckgo.com/?q=Acta+Academica 200 19122
2025-01-28 20:06:38,712 - INFO - response: https://duckduckgo.com/i.js?l=wt-wt&o=json&q=Acta+Academica&vqd=4-256618082862677706949219615072883051081&f=%2C%2C%2C%2C%2C&p=1 200 55723
2025-01-28 20:06:38,716 - INFO - Found valid image for Acta Academica: https://i1.rgstatic.net/publication/347770349_Acta_Academica_FORO_NACIONAL/links/5fe3c260299bf140883a455e/largepreview.png
2025-01-28 20:06:39,566 - INFO - Image saved for journal: Acta Academica
2025-01-28 20:06:41,782 - INFO - response: https://duckduckgo.com/?q=Acta+Classica+%3A+Proceedings+of+the+Classical+Association+of+South+Africa 200 20201
2025-01-28 20:06:43,642 - INFO - response: https://duckduckgo.com/i.js?l=wt-wt&o=json&q=Acta+Classica+%3A+Proceedings+of+the+Classical+Association+of+South+Africa&vqd=4-276558324769183794656399116721801576286&f=%2C%2C%2C%2C%2C&p=1 200 57847
2025-01-28 20:06:43,646 - INFO - Found valid image for Acta Classica : Proceedings of the Classical Association of South Africa: https://journals.co.za/cms/asset/ad477359-c9a8-4203-ab74-8c427f0ce172/default_cover.jpg
2025-01-28 20:06:43,750 - WARNING - Failed to download image for journal: Acta Classica : Proceedings of the Classical Association of South Africa - Status code: 403
2025-01-28 20:06:45,760 - INFO - response: https://duckduckgo.com/?q=Acta+Commercii 200 19106
2025-01-28 20:06:47,821 - INFO - response: https://duckduckgo.com/i.js?l=wt-wt&o=json&q=Acta+Commercii&vqd=4-164119060300958983154343718913631315380&f=%2C%2C%2C%2C%2C&p=1 200 59011
2025-01-28 20:06:47,824 - INFO - Found valid image for Acta Commercii: https://i1.rgstatic.net/publication/366602172_Acta_Commercii_22nd_edition/links/63aa42a3c3c99660eba9f6d5/largepreview.png
2025-01-28 20:06:48,566 - INFO - Image saved for journal: Acta Commercii
2025-01-28 20:06:50,623 - INFO - response: https://duckduckgo.com/?q=Acta+Criminologica+%3A+African+Journal+of+Criminology+%26+Victimology 200 20116
2025-01-28 20:06:52,535 - INFO - response: https://duckduckgo.com/i.js?l=wt-wt&o=json&q=Acta+Criminologica+%3A+African+Journal+of+Criminology+%26+Victimology&vqd=4-12993398524999920043746932732116699382&f=%2C%2C%2C%2C%2C&p=1 200 60209
2025-01-28 20:06:52,539 - INFO - Found valid image for Acta Criminologica : African Journal of Criminology & Victimology: https://i1.rgstatic.net/publication/365621654_ACTA_CRIMINOLOGICA_AFRICAN_JOURNAL_OF_CRIMINOLOGY_AND_VICTIMOLOGY_2022_EDITORIAL_COMMITTEE/links/637b8c721766b34c5443505d/largepreview.png
2025-01-28 20:06:53,681 - INFO - Image saved for journal: Acta Criminologica : African Journal of Criminology & Victimology
2025-01-28 20:06:55,912 - INFO - response: https://duckduckgo.com/?q=Acta+Germanica+%3A+German+Studies+in+Africa 200 19604
2025-01-28 20:06:57,550 - INFO - response: https://duckduckgo.com/i.js?l=wt-wt&o=json&q=Acta+Germanica+%3A+German+Studies+in+Africa&vqd=4-158115290056662615335506852319361062995&f=%2C%2C%2C%2C%2C&p=1 200 57332
2025-01-28 20:06:57,554 - INFO - Found valid image for Acta Germanica : German Studies in Africa: https://m.media-amazon.com/images/I/81pufX-Cw-L._SL1500_.jpg
2025-01-28 20:06:58,751 - INFO - Image saved for journal: Acta Germanica : German Studies in Africa
2025-01-28 20:07:00,934 - INFO - response: https://duckduckgo.com/?q=Acta+Juridica 200 24107
2025-01-28 20:07:02,787 - INFO - response: https://duckduckgo.com/i.js?l=wt-wt&o=json&q=Acta+Juridica&vqd=4-86809118596055499023452770839736770387&f=%2C%2C%2C%2C%2C&p=1 200 57740
2025-01-28 20:07:02,790 - INFO - Found valid image for Acta Juridica: https://s2.studylib.es/store/data/009016660_1-e5a3ccb9a510ac448b7fa4fd0b006ed7-768x994.png
2025-01-28 20:07:03,843 - INFO - Image saved for journal: Acta Juridica
2025-01-28 20:07:05,985 - INFO - response: https://duckduckgo.com/?q=Acta+Patristica+et+Byzantina 200 19402
2025-01-28 20:07:07,816 - INFO - response: https://duckduckgo.com/i.js?l=wt-wt&o=json&q=Acta+Patristica+et+Byzantina&vqd=4-63736193086855168932105474468527393017&f=%2C%2C%2C%2C%2C&p=1 200 61099
2025-01-28 20:07:07,820 - INFO - Found valid image for Acta Patristica et Byzantina: https://journals.co.za/pb-assets/productImages/patris_cover-1601823443347.jpg
2025-01-28 20:07:08,082 - INFO - Image saved for journal: Acta Patristica et Byzantina
2025-01-28 20:07:10,247 - INFO - response: https://duckduckgo.com/?q=Acta+Structilia 200 19114
2025-01-28 20:07:12,001 - INFO - response: https://duckduckgo.com/i.js?l=wt-wt&o=json&q=Acta+Structilia&vqd=4-75258604092004753003266266712654945001&f=%2C%2C%2C%2C%2C&p=1 200 64187
2025-01-28 20:07:12,005 - INFO - Found valid image for Acta Structilia: https://www.ajol.info/public/journals/468/homepageImage_en_US.jpg
2025-01-28 20:07:15,577 - INFO - Image saved for journal: Acta Structilia
2025-01-28 20:07:17,834 - INFO - response: https://duckduckgo.com/?q=Acta+Structilia+%3A+Journal+for+the+Physical+and+Development+Sciences 200 20122
2025-01-28 20:07:19,770 - INFO - response: https://duckduckgo.com/i.js?l=wt-wt&o=json&q=Acta+Structilia+%3A+Journal+for+the+Physical+and+Development+Sciences&vqd=4-99289521526427595812722533923497641750&f=%2C%2C%2C%2C%2C&p=1 200 61022
2025-01-28 20:07:19,774 - INFO - Found valid image for Acta Structilia : Journal for the Physical and Development Sciences: https://journals.co.za/cms/asset/f8729ada-2f31-4e86-820d-864b74cfd191/struct.v23.n2.cover.jpg
2025-01-28 20:07:19,859 - WARNING - Failed to download image for journal: Acta Structilia : Journal for the Physical and Development Sciences - Status code: 403
2025-01-28 20:07:22,128 - INFO - response: https://duckduckgo.com/?q=Acta+Structilla 200 19117
2025-01-28 20:07:24,072 - INFO - response: https://duckduckgo.com/i.js?l=wt-wt&o=json&q=Acta+Structilla&vqd=4-148028219639354955754387706607803456192&f=%2C%2C%2C%2C%2C&p=1 200 61235
2025-01-28 20:07:24,076 - INFO - Found valid image for Acta Structilla: https://www.ajol.info/public/journals/468/homepageImage_en_US.jpg
2025-01-28 20:07:27,989 - INFO - Image saved for journal: Acta Structilla
2025-01-28 20:07:30,253 - INFO - response: https://duckduckgo.com/?q=Acta+Theologica 200 25662
2025-01-28 20:07:32,068 - INFO - response: https://duckduckgo.com/i.js?l=wt-wt&o=json&q=Acta+Theologica&vqd=4-142937443149190629864468980518801091497&f=%2C%2C%2C%2C%2C&p=1 200 57855
2025-01-28 20:07:32,071 - INFO - Found valid image for Acta Theologica: https://www.eunsa.es/media/universidad_navarra/images/edition-91593.jpg
2025-01-28 20:07:38,016 - INFO - Image saved for journal: Acta Theologica
2025-01-28 20:07:40,255 - INFO - response: https://duckduckgo.com/?q=Advanced+Dental+Journal 200 19228
2025-01-28 20:07:42,199 - INFO - response: https://duckduckgo.com/i.js?l=wt-wt&o=json&q=Advanced+Dental+Journal&vqd=4-298015479330415993728688123879267227114&f=%2C%2C%2C%2C%2C&p=1 200 53978
2025-01-28 20:07:42,203 - INFO - Found valid image for Advanced Dental Journal: https://adjc.journals.ekb.eg/data/adjc/coversheet/cover_en.jpg
2025-01-28 20:07:44,935 - INFO - Image saved for journal: Advanced Dental Journal
2025-01-28 20:07:47,539 - INFO - response: https://duckduckgo.com/?q=Advanced+Research+in+Economics+and+Business+Strategy+Journal 200 19998
2025-01-28 20:07:49,204 - INFO - response: https://duckduckgo.com/i.js?l=wt-wt&o=json&q=Advanced+Research+in+Economics+and+Business+Strategy+Journal&vqd=4-153726386672148262653733489661833880569&f=%2C%2C%2C%2C%2C&p=1 200 54839
2025-01-28 20:07:49,205 - INFO - Found valid image for Advanced Research in Economics and Business Strategy Journal: https://www.ajol.info/public/journals/775/homepageImage_en_US.jpg
2025-01-28 20:07:53,813 - INFO - Image saved for journal: Advanced Research in Economics and Business Strategy Journal
2025-01-28 20:07:56,253 - INFO - response: https://duckduckgo.com/?q=Advances+in+Computing+and+Engineering 200 19512
2025-01-28 20:07:58,069 - INFO - response: https://duckduckgo.com/i.js?l=wt-wt&o=json&q=Advances+in+Computing+and+Engineering&vqd=4-303736067177417538409163825629962092919&f=%2C%2C%2C%2C%2C&p=1 200 57449
2025-01-28 20:07:58,072 - INFO - Found valid image for Advances in Computing and Engineering: http://vita.vision.org.in/wp-content/uploads/2020/02/emerging-tech-trends-in-2018-750x445.jpg
2025-01-28 20:08:02,238 - INFO - Image saved for journal: Advances in Computing and Engineering
2025-01-28 20:08:04,731 - INFO - response: https://duckduckgo.com/?q=Advances+in+Medical%2C+Pharmaceutical+and+Dental+Research 200 19852
2025-01-28 20:08:06,980 - INFO - response: https://duckduckgo.com/i.js?l=wt-wt&o=json&q=Advances+in+Medical%2C+Pharmaceutical+and+Dental+Research&vqd=4-68788090886950913375553164375192314850&f=%2C%2C%2C%2C%2C&p=1 200 58388
2025-01-28 20:08:06,983 - INFO - Found valid image for Advances in Medical, Pharmaceutical and Dental Research: https://www.mdpi.com/BDCC/BDCC-07-00010/article_deploy/html/images/BDCC-07-00010-g001.png
2025-01-28 20:08:07,828 - INFO - Image saved for journal: Advances in Medical, Pharmaceutical and Dental Research
2025-01-28 20:08:10,066 - INFO - response: https://duckduckgo.com/?q=Advocate 200 19947
2025-01-28 20:08:12,019 - INFO - response: https://duckduckgo.com/i.js?l=wt-wt&o=json&q=Advocate&vqd=4-144574065235468638670058635326475523663&f=%2C%2C%2C%2C%2C&p=1 200 52031
2025-01-28 20:08:12,022 - INFO - Found valid image for Advocate: https://www.lawinsider.in/wp-content/uploads/2022/05/role-of-advocates-Law-Insider.jpg
2025-01-28 20:08:13,297 - INFO - Image saved for journal: Advocate
2025-01-28 20:08:15,591 - INFO - response: https://duckduckgo.com/?q=Afak+For+Sciences 200 19152
2025-01-28 20:08:17,208 - INFO - response: https://duckduckgo.com/i.js?l=wt-wt&o=json&q=Afak+For+Sciences&vqd=4-20792388022572235261368127222608661016&f=%2C%2C%2C%2C%2C&p=1 200 52490
2025-01-28 20:08:17,211 - INFO - Found valid image for Afak For Sciences: http://www.afak-revues.com/public/site/images/tatohaoua/d9989616d528abd7b1a6800f21cf75b9f34e894b.png
2025-01-28 20:08:18,485 - INFO - Image saved for journal: Afak For Sciences
2025-01-28 20:08:20,701 - INFO - response: https://duckduckgo.com/?q=Afak%27s+magazine+for+political+and+legal+researches 200 19812
2025-01-28 20:08:22,459 - INFO - response: https://duckduckgo.com/i.js?l=wt-wt&o=json&q=Afak%27s+magazine+for+political+and+legal+researches&vqd=4-19537895847804544258418545152680690534&f=%2C%2C%2C%2C%2C&p=1 200 58444
2025-01-28 20:08:22,464 - INFO - Found valid image for Afak's magazine for political and legal researches: https://www.yumpu.com/ar/image/facebook/62182641.jpg
2025-01-28 20:08:24,034 - INFO - Image saved for journal: Afak's magazine for political and legal researches
2025-01-28 20:08:26,340 - INFO - response: https://duckduckgo.com/?q=AFFRIKA+Journal+of+Politics%2C+Economics+and+Society 200 19792
2025-01-28 20:08:28,278 - INFO - response: https://duckduckgo.com/i.js?l=wt-wt&o=json&q=AFFRIKA+Journal+of+Politics%2C+Economics+and+Society&vqd=4-96935398594108955013534488966240708426&f=%2C%2C%2C%2C%2C&p=1 200 55654
2025-01-28 20:08:28,281 - INFO - Found valid image for AFFRIKA Journal of Politics, Economics and Society: https://journals.co.za/pb-assets/productImages/aa.affrika_cover-1601825746717.jpg
2025-01-28 20:08:28,640 - INFO - Image saved for journal: AFFRIKA Journal of Politics, Economics and Society
2025-01-28 20:08:30,938 - INFO - response: https://duckduckgo.com/?q=AFMA+Matrix 200 18985
2025-01-28 20:08:32,790 - INFO - response: https://duckduckgo.com/i.js?l=wt-wt&o=json&q=AFMA+Matrix&vqd=4-136503878342009170894373070811461318918&f=%2C%2C%2C%2C%2C&p=1 200 52299
2025-01-28 20:08:32,794 - INFO - Found valid image for AFMA Matrix: https://img.yumpu.com/43244333/1/500x640/j03017-afma-afma-matrix-march-2009-layoutqxd.jpg
2025-01-28 20:08:33,333 - INFO - Image saved for journal: AFMA Matrix
2025-01-28 20:08:35,908 - INFO - response: https://duckduckgo.com/?q=Africa+affairs 200 19102
2025-01-28 20:08:37,811 - INFO - response: https://duckduckgo.com/i.js?l=wt-wt&o=json&q=Africa+affairs&vqd=4-78409190889906184211674873164332963937&f=%2C%2C%2C%2C%2C&p=1 200 57301
2025-01-28 20:08:37,815 - INFO - Found valid image for Africa affairs: https://royalafricansociety.org/wp-content/uploads/2019/09/African-Affairs.jpg
2025-01-28 20:08:39,648 - WARNING - Failed to download image for journal: Africa affairs - Status code: 403
2025-01-28 20:08:41,908 - INFO - response: https://duckduckgo.com/?q=Africa+Conflict+Monitor 200 19228
2025-01-28 20:08:43,783 - INFO - response: https://duckduckgo.com/i.js?l=wt-wt&o=json&q=Africa+Conflict+Monitor&vqd=4-254454254441062270230265217079841714854&f=%2C%2C%2C%2C%2C&p=1 200 57164
2025-01-28 20:08:43,786 - INFO - Found valid image for Africa Conflict Monitor: https://www.inonafrica.com/wp-content/uploads/2017/01/ACM.jpg
2025-01-28 20:08:45,211 - INFO - Image saved for journal: Africa Conflict Monitor
2025-01-28 20:08:48,263 - INFO - response: https://duckduckgo.com/?q=Africa+Conflict+Monthly+Monitor 200 19426
2025-01-28 20:08:49,741 - INFO - response: https://duckduckgo.com/i.js?l=wt-wt&o=json&q=Africa+Conflict+Monthly+Monitor&vqd=4-131627909697046826707165158539536819932&f=%2C%2C%2C%2C%2C&p=1 200 58172
2025-01-28 20:08:49,744 - INFO - Found valid image for Africa Conflict Monthly Monitor: https://journals.co.za/pb-assets/productImages/acmm_cover-1601825804003.jpg
2025-01-28 20:08:49,960 - INFO - Image saved for journal: Africa Conflict Monthly Monitor
2025-01-28 20:08:52,147 - INFO - response: https://duckduckgo.com/?q=Africa+Country+Benchmark+Report+%28ACBR%29 200 19544
2025-01-28 20:08:53,878 - INFO - response: https://duckduckgo.com/i.js?l=wt-wt&o=json&q=Africa+Country+Benchmark+Report+%28ACBR%29&vqd=4-107372915352211140365440401313129192699&f=%2C%2C%2C%2C%2C&p=1 200 57362
2025-01-28 20:08:53,882 - INFO - Found valid image for Africa Country Benchmark Report (ACBR): https://www.inonafrica.com/wp-content/uploads/2019/08/ACBR-purchase-banner-2019.png
2025-01-28 20:08:55,971 - INFO - Image saved for journal: Africa Country Benchmark Report (ACBR)
2025-01-28 20:08:58,178 - INFO - response: https://duckduckgo.com/?q=Africa+Design+Review+Journal 200 19390
2025-01-28 20:09:00,021 - INFO - response: https://duckduckgo.com/i.js?l=wt-wt&o=json&q=Africa+Design+Review+Journal&vqd=4-322171553266476452929827969614343592498&f=%2C%2C%2C%2C%2C&p=1 200 55932
2025-01-28 20:09:00,023 - INFO - Found valid image for Africa Design Review Journal: http://uonjournals.uonbi.ac.ke/ojs/public/journals/23/pageHeaderLogoImage_en_US.jpg
2025-01-28 20:09:00,311 - INFO - Image saved for journal: Africa Design Review Journal
2025-01-28 20:09:02,600 - INFO - response: https://duckduckgo.com/?q=Africa+Development 200 25732
2025-01-28 20:09:04,526 - INFO - response: https://duckduckgo.com/i.js?l=wt-wt&o=json&q=Africa+Development&vqd=4-198650190494617579456168359025493700514&f=%2C%2C%2C%2C%2C&p=1 200 61018
2025-01-28 20:09:04,529 - INFO - Found valid image for Africa Development: https://assets.weforum.org/editor/9N2i_9ClwH1wjHuHB-8m191TvXjpfvQf9mqlxhukAK4.png
2025-01-28 20:09:05,345 - WARNING - Failed to download image for journal: Africa Development - Status code: 403
2025-01-28 20:09:07,610 - INFO - response: https://duckduckgo.com/?q=Africa+Dialogue+Monograph+Series 200 19438
2025-01-28 20:09:09,443 - INFO - response: https://duckduckgo.com/i.js?l=wt-wt&o=json&q=Africa+Dialogue+Monograph+Series&vqd=4-301537896429825585890251513256430172665&f=%2C%2C%2C%2C%2C&p=1 200 58912
2025-01-28 20:09:09,447 - INFO - Found valid image for Africa Dialogue Monograph Series: https://journals.co.za/pb-assets/productImages/accordm_cover-1601825797150.jpg
2025-01-28 20:09:09,721 - INFO - Image saved for journal: Africa Dialogue Monograph Series
2025-01-28 20:09:12,113 - INFO - response: https://duckduckgo.com/?q=Africa+Education+Review 200 24795
2025-01-28 20:09:13,948 - INFO - response: https://duckduckgo.com/i.js?l=wt-wt&o=json&q=Africa+Education+Review&vqd=4-128130458769517695529156443119946403227&f=%2C%2C%2C%2C%2C&p=1 200 57989
2025-01-28 20:09:13,951 - INFO - Found valid image for Africa Education Review: https://i1.rgstatic.net/publication/358752631_Africa_Education_Review/links/6213f0d8f02286737cb29e40/largepreview.png
2025-01-28 20:09:14,779 - INFO - Image saved for journal: Africa Education Review
2025-01-28 20:09:17,131 - INFO - response: https://duckduckgo.com/?q=Africa+Growth+Agenda 200 19192
2025-01-28 20:09:19,329 - INFO - response: https://duckduckgo.com/i.js?l=wt-wt&o=json&q=Africa+Growth+Agenda&vqd=4-184259489533565100130023701707567985684&f=%2C%2C%2C%2C%2C&p=1 200 58702
2025-01-28 20:09:19,332 - INFO - Found valid image for Africa Growth Agenda: https://www.globalcidef.com/wp-content/uploads/2018/10/cover13-724x1024.png
2025-01-28 20:09:21,831 - INFO - Image saved for journal: Africa Growth Agenda
2025-01-28 20:09:24,506 - INFO - response: https://duckduckgo.com/?q=Africa+Health 200 19090
2025-01-28 20:09:26,548 - INFO - response: https://duckduckgo.com/i.js?l=wt-wt&o=json&q=Africa+Health&vqd=4-45016555885811465542685121501407655934&f=%2C%2C%2C%2C%2C&p=1 200 55910
2025-01-28 20:09:26,552 - INFO - Found valid image for Africa Health: https://healthcareworld.com/wp-content/uploads/2021/09/aid-image-1-scaled.jpg
2025-01-28 20:09:28,871 - INFO - Image saved for journal: Africa Health
2025-01-28 20:09:31,789 - INFO - response: https://duckduckgo.com/?q=Africain+de+Chirurgie+Orthop%C3%A9dique+et+Traumatologique 200 19846
2025-01-28 20:09:33,864 - INFO - response: https://duckduckgo.com/i.js?l=wt-wt&o=json&q=Africain+de+Chirurgie+Orthop%C3%A9dique+et+Traumatologique&vqd=4-223502015553224640659645967824432840133&f=%2C%2C%2C%2C%2C&p=1 200 61080
2025-01-28 20:09:33,868 - INFO - Found valid image for Africain de Chirurgie Orthopédique et Traumatologique: https://abidjanpress.com/wp-content/uploads/2019/02/IMG_1034-600x400.jpg
2025-01-28 20:09:34,536 - WARNING - Failed to download image for journal: Africain de Chirurgie Orthopédique et Traumatologique - Status code: 403
2025-01-28 20:09:37,204 - INFO - response: https://duckduckgo.com/?q=Africa+Insight 200 28499
2025-01-28 20:09:39,143 - INFO - response: https://duckduckgo.com/i.js?l=wt-wt&o=json&q=Africa+Insight&vqd=4-100353200163699835908308185077800398346&f=%2C%2C%2C%2C%2C&p=1 200 49732
2025-01-28 20:09:39,147 - INFO - Found valid image for Africa Insight: http://africainsight.org/wp-content/uploads/2018/12/mission-01.jpg
2025-01-28 20:10:03,499 - INFO - Image saved for journal: Africa Insight
2025-01-28 20:10:06,172 - INFO - response: https://duckduckgo.com/?q=Africa+Institute+Occasional+Paper 200 19450
2025-01-28 20:10:08,323 - INFO - response: https://duckduckgo.com/i.js?l=wt-wt&o=json&q=Africa+Institute+Occasional+Paper&vqd=4-135206152410582116827804633891152827727&f=%2C%2C%2C%2C%2C&p=1 200 57009
2025-01-28 20:10:08,326 - INFO - Found valid image for Africa Institute Occasional Paper: https://pictures.abebooks.com/isbn/9780798300728-us.jpg
2025-01-28 20:10:08,846 - INFO - Image saved for journal: Africa Institute Occasional Paper
2025-01-28 20:10:11,508 - INFO - response: https://duckduckgo.com/?q=Africa+Journal+of+Comparative+Constitutional+Law 200 19738
2025-01-28 20:10:13,552 - INFO - response: https://duckduckgo.com/i.js?l=wt-wt&o=json&q=Africa+Journal+of+Comparative+Constitutional+Law&vqd=4-79293953801938292440394147959357645504&f=%2C%2C%2C%2C%2C&p=1 200 58742
2025-01-28 20:10:13,556 - INFO - Found valid image for Africa Journal of Comparative Constitutional Law: https://journals.co.za/cms/asset/c5ab894f-de9c-46b0-95e9-fb1a916a6bbb/default_cover.jpg
2025-01-28 20:10:13,666 - WARNING - Failed to download image for journal: Africa Journal of Comparative Constitutional Law - Status code: 403
2025-01-28 20:10:16,525 - INFO - response: https://duckduckgo.com/?q=Africa+Journal+of+Nursing+and+Midwifery 200 19550
2025-01-28 20:10:18,571 - INFO - response: https://duckduckgo.com/i.js?l=wt-wt&o=json&q=Africa+Journal+of+Nursing+and+Midwifery&vqd=4-138779779154669298485674447300814032757&f=%2C%2C%2C%2C%2C&p=1 200 67626
2025-01-28 20:10:18,574 - INFO - Found valid image for Africa Journal of Nursing and Midwifery: https://i1.rgstatic.net/publication/273765479_Africa_Journal_of_Nursing_and_Midwifery_Cover/links/550b6a360cf265693cef7935/largepreview.png
2025-01-28 20:10:19,263 - INFO - Image saved for journal: Africa Journal of Nursing and Midwifery
2025-01-28 20:10:21,738 - INFO - response: https://duckduckgo.com/?q=Africa+Journal+of+Physical+Sciences 200 19488
2025-01-28 20:10:23,904 - INFO - response: https://duckduckgo.com/i.js?l=wt-wt&o=json&q=Africa+Journal+of+Physical+Sciences&vqd=4-117475695737590361066737746818994468794&f=%2C%2C%2C%2C%2C&p=1 200 56243
2025-01-28 20:10:23,906 - INFO - Found valid image for Africa Journal of Physical Sciences: https://www.pdffiller.com/preview/492/78/492078327.png
2025-01-28 20:10:24,321 - INFO - Image saved for journal: Africa Journal of Physical Sciences
2025-01-28 20:10:26,978 - INFO - response: https://duckduckgo.com/?q=Africa+Journal+of+Public+Sector+Development+and+Governance 200 19906
2025-01-28 20:10:29,009 - INFO - response: https://duckduckgo.com/i.js?l=wt-wt&o=json&q=Africa+Journal+of+Public+Sector+Development+and+Governance&vqd=4-148332297284007773741948341877988906318&f=%2C%2C%2C%2C%2C&p=1 200 56336
2025-01-28 20:10:29,012 - INFO - Found valid image for Africa Journal of Public Sector Development and Governance: https://amdin.africa/wp-content/uploads/2019/07/jourN-560x416.png
2025-01-28 20:10:30,643 - INFO - Image saved for journal: Africa Journal of Public Sector Development and Governance
2025-01-28 20:10:33,457 - INFO - response: https://duckduckgo.com/?q=Africa%3A+Journal+of+the+International+African+Institute 200 27187
2025-01-28 20:10:35,533 - INFO - response: https://duckduckgo.com/i.js?l=wt-wt&o=json&q=Africa%3A+Journal+of+the+International+African+Institute&vqd=4-34599725429213452365726523406987822144&f=%2C%2C%2C%2C%2C&p=1 200 56039
2025-01-28 20:10:35,537 - INFO - Found valid image for Africa: Journal of the International African Institute: https://reseau-mirabel.info/images/titres-couvertures/000007457.png
2025-01-28 20:10:37,152 - INFO - Image saved for journal: Africa: Journal of the International African Institute
2025-01-28 20:10:39,827 - INFO - response: https://duckduckgo.com/?q=African+Anthropologist 200 25185
2025-01-28 20:10:41,706 - INFO - response: https://duckduckgo.com/i.js?l=wt-wt&o=json&q=African+Anthropologist&vqd=4-32287167082006835552627730519442563258&f=%2C%2C%2C%2C%2C&p=1 200 56832
2025-01-28 20:10:41,709 - INFO - Found valid image for African Anthropologist: https://blerds.atlantablackstar.com/wp-content/uploads/2015/07/WhitneyBB_crop2.jpg.jpeg
2025-01-28 20:10:42,299 - INFO - Image saved for journal: African Anthropologist
2025-01-28 20:10:44,890 - INFO - response: https://duckduckgo.com/?q=African+Arts 200 29406
2025-01-28 20:10:47,771 - INFO - response: https://duckduckgo.com/i.js?l=wt-wt&o=json&q=African+Arts&vqd=4-336864081207309028173610921347650320119&f=%2C%2C%2C%2C%2C&p=1 200 53609
2025-01-28 20:10:47,774 - INFO - Found valid image for African Arts: http://upload.wikimedia.org/wikipedia/commons/e/eb/African_Art,_Yombe_sculpture,_Louvre.jpg
2025-01-28 20:10:49,692 - WARNING - Failed to download image for journal: African Arts - Status code: 403
2025-01-28 20:10:52,468 - INFO - response: https://duckduckgo.com/?q=African+Association+of+Physiological+Sciences+Journal 200 19790
2025-01-28 20:10:54,609 - INFO - response: https://duckduckgo.com/i.js?l=wt-wt&o=json&q=African+Association+of+Physiological+Sciences+Journal&vqd=4-196733195433584258998323663481189121&f=%2C%2C%2C%2C%2C&p=1 200 61138
2025-01-28 20:10:54,612 - INFO - Found valid image for African Association of Physiological Sciences Journal: https://www.ajol.info/public/journals/557/homepageImage_en_US.jpg
2025-01-28 20:10:56,790 - INFO - Image saved for journal: African Association of Physiological Sciences Journal
2025-01-28 20:10:59,318 - INFO - response: https://duckduckgo.com/?q=Africa+Nazarene+University+Law+Journal 200 19525
2025-01-28 20:11:01,367 - INFO - response: https://duckduckgo.com/i.js?l=wt-wt&o=json&q=Africa+Nazarene+University+Law+Journal&vqd=4-138754866909012062660100577374121807802&f=%2C%2C%2C%2C%2C&p=1 200 61748
2025-01-28 20:11:01,370 - INFO - Found valid image for Africa Nazarene University Law Journal: https://journals.co.za/pb-assets/productImages/jlc.anulj_cover-1601826180797.jpg
2025-01-28 20:11:01,871 - INFO - Image saved for journal: Africa Nazarene University Law Journal
2025-01-28 20:11:04,552 - INFO - response: https://duckduckgo.com/?q=African+Community+Health+Newsletter 200 19476
2025-01-28 20:11:06,496 - INFO - response: https://duckduckgo.com/i.js?l=wt-wt&o=json&q=African+Community+Health+Newsletter&vqd=4-164564355548766302082876842019607424466&f=%2C%2C%2C%2C%2C&p=1 200 58108
2025-01-28 20:11:06,499 - INFO - Found valid image for African Community Health Newsletter: https://africacdc.org/wp-content/uploads/2022/02/Newsletter-Feb-2022.jpg
2025-01-28 20:11:07,960 - INFO - Image saved for journal: African Community Health Newsletter
2025-01-28 20:11:10,597 - INFO - response: https://duckduckgo.com/?q=African+Conflict+and+Peacebuilding+Review 200 19560
2025-01-28 20:11:13,280 - INFO - response: https://duckduckgo.com/i.js?l=wt-wt&o=json&q=African+Conflict+and+Peacebuilding+Review&vqd=4-281572130121052906419702791276768954599&f=%2C%2C%2C%2C%2C&p=1 200 62365
2025-01-28 20:11:13,284 - INFO - Found valid image for African Conflict and Peacebuilding Review: https://dhjhkxawhe8q4.cloudfront.net/indiana-university-press-wp/wp-content/uploads/2019/04/21151156/African-Conflict-Peacebuilding-Review-1459x2048.png
2025-01-28 20:11:14,167 - WARNING - Failed to download image for journal: African Conflict and Peacebuilding Review - Status code: 403
2025-01-28 20:11:16,832 - INFO - response: https://duckduckgo.com/?q=African+Crop+Science+Journal 200 26024
2025-01-28 20:11:18,886 - INFO - response: https://duckduckgo.com/i.js?l=wt-wt&o=json&q=African+Crop+Science+Journal&vqd=4-200581160850153279917919000006220310921&f=%2C%2C%2C%2C%2C&p=1 200 56849
2025-01-28 20:11:18,889 - INFO - Found valid image for African Crop Science Journal: https://www.ajol.info/public/journals/176/homepageImage.jpg
2025-01-28 20:11:20,037 - INFO - Image saved for journal: African Crop Science Journal
2025-01-28 20:11:22,472 - INFO - response: https://duckduckgo.com/?q=African+Development+and+Europe 200 19414
2025-01-28 20:11:24,514 - INFO - response: https://duckduckgo.com/i.js?l=wt-wt&o=json&q=African+Development+and+Europe&vqd=4-224063339248165873132912564850634178759&f=%2C%2C%2C%2C%2C&p=1 200 57858
2025-01-28 20:11:24,518 - INFO - Found valid image for African Development and Europe: https://img.perlego.com/book-covers/4477903/9781483151052_300_450.webp
2025-01-28 20:11:24,738 - WARNING - Invalid content type for image URL: https://img.perlego.com/book-covers/4477903/9781483151052_300_450.webp
2025-01-28 20:11:27,378 - INFO - response: https://duckduckgo.com/?q=African+Development+Finance+Journal 200 19474
2025-01-28 20:11:29,428 - INFO - response: https://duckduckgo.com/i.js?l=wt-wt&o=json&q=African+Development+Finance+Journal&vqd=4-201398627361951665112701476398964898974&f=%2C%2C%2C%2C%2C&p=1 200 63549
2025-01-28 20:11:29,431 - INFO - Found valid image for African Development Finance Journal: http://uonjournals.uonbi.ac.ke/ojs/public/journals/8/cover_issue_140_en_US.jpg
2025-01-28 20:11:29,790 - INFO - Image saved for journal: African Development Finance Journal
2025-01-28 20:11:32,406 - INFO - response: https://duckduckgo.com/?q=African+Economic+History 200 27551
2025-01-28 20:11:34,351 - INFO - response: https://duckduckgo.com/i.js?l=wt-wt&o=json&q=African+Economic+History&vqd=4-278699352900425034135692456486773395235&f=%2C%2C%2C%2C%2C&p=1 200 55256
2025-01-28 20:11:34,355 - INFO - Found valid image for African Economic History: https://nuriakenya.com/wp-content/uploads/2020/11/African-Economic-History.jpg
2025-01-28 20:11:34,590 - WARNING - Failed to download image for journal: African Economic History - Status code: 403
2025-01-28 20:11:37,211 - INFO - response: https://duckduckgo.com/?q=African+Economic+History+Review 200 27735
2025-01-28 20:11:39,274 - INFO - response: https://duckduckgo.com/i.js?l=wt-wt&o=json&q=African+Economic+History+Review&vqd=4-222421330261757283576764832909015703496&f=%2C%2C%2C%2C%2C&p=1 200 56525
2025-01-28 20:11:39,277 - INFO - Found valid image for African Economic History Review: https://nuriakenya.com/wp-content/uploads/2020/11/African-Economic-History.jpg
2025-01-28 20:11:39,419 - WARNING - Failed to download image for journal: African Economic History Review - Status code: 403
2025-01-28 20:11:42,025 - INFO - response: https://duckduckgo.com/?q=African+Entomology 200 25109
2025-01-28 20:11:44,081 - INFO - response: https://duckduckgo.com/i.js?l=wt-wt&o=json&q=African+Entomology&vqd=4-29829576915698321900320285901739498781&f=%2C%2C%2C%2C%2C&p=1 200 57953
2025-01-28 20:11:44,086 - INFO - Found valid image for African Entomology: https://entsocsa.co.za/wp-content/uploads/2023/07/African-Entomology-Cover-Volume-31-issue-1-Final.jpg
2025-01-28 20:11:45,443 - INFO - Image saved for journal: African Entomology
2025-01-28 20:11:48,063 - INFO - response: https://duckduckgo.com/?q=African+Environment 200 28543
2025-01-28 20:11:50,110 - INFO - response: https://duckduckgo.com/i.js?l=wt-wt&o=json&q=African+Environment&vqd=4-145266593284961328938940950716453608851&f=%2C%2C%2C%2C%2C&p=1 200 58433
2025-01-28 20:11:50,114 - INFO - Found valid image for African Environment: https://w.wallha.com/ws/3/VEJtBqoS.jpg
2025-01-28 20:11:50,238 - WARNING - Failed to download image for journal: African Environment - Status code: 403
2025-01-28 20:11:52,873 - INFO - response: https://duckduckgo.com/?q=African+Evaluation+Journal 200 19264
2025-01-28 20:11:54,938 - INFO - response: https://duckduckgo.com/i.js?l=wt-wt&o=json&q=African+Evaluation+Journal&vqd=4-237687606885880550564926376412278217894&f=%2C%2C%2C%2C%2C&p=1 200 65737
2025-01-28 20:11:54,941 - INFO - Found valid image for African Evaluation Journal: https://aosis.co.za/wp-content/uploads/2019/07/AEJ-3D-COVER-no-year.png
2025-01-28 20:11:57,930 - INFO - Image saved for journal: African Evaluation Journal
2025-01-28 20:12:00,762 - INFO - response: https://duckduckgo.com/?q=African+Evaluation+Journal 200 19264
2025-01-28 20:12:02,704 - INFO - response: https://duckduckgo.com/i.js?l=wt-wt&o=json&q=African+Evaluation+Journal&vqd=4-237687606885880550564926376412278217894&f=%2C%2C%2C%2C%2C&p=1 200 65737
2025-01-28 20:12:02,708 - INFO - Found valid image for African Evaluation Journal: https://aosis.co.za/wp-content/uploads/2019/07/AEJ-3D-COVER-no-year.png
2025-01-28 20:12:05,701 - INFO - Image saved for journal: African Evaluation Journal
2025-01-28 20:12:10,587 - INFO - response: https://duckduckgo.com/?q=African+Finance+Journal 200 26914
2025-01-28 20:12:12,535 - INFO - response: https://duckduckgo.com/i.js?l=wt-wt&o=json&q=African+Finance+Journal&vqd=4-40841168927839869040681390072745768952&f=%2C%2C%2C%2C%2C&p=1 200 59433
2025-01-28 20:12:12,538 - INFO - Found valid image for African Finance Journal: https://journals.co.za/cms/asset/1894e848-0771-4799-8d11-88914aec35c2/default_cover.jpg
2025-01-28 20:12:12,654 - WARNING - Failed to download image for journal: African Finance Journal - Status code: 403
2025-01-28 20:12:15,302 - INFO - response: https://duckduckgo.com/?q=African+Health+Monitor 200 19216
2025-01-28 20:12:17,285 - INFO - response: https://duckduckgo.com/i.js?l=wt-wt&o=json&q=African+Health+Monitor&vqd=4-226252123808024976834384638351567614611&f=%2C%2C%2C%2C%2C&p=1 200 59470
2025-01-28 20:12:17,288 - INFO - Found valid image for African Health Monitor: https://www.afro.who.int/sites/default/files/2017-06/african-health.png
2025-01-28 20:12:20,480 - INFO - Image saved for journal: African Health Monitor
2025-01-28 20:12:23,059 - INFO - response: https://duckduckgo.com/?q=African+Health+Sciences 200 26087
2025-01-28 20:12:25,029 - INFO - response: https://duckduckgo.com/i.js?l=wt-wt&o=json&q=African+Health+Sciences&vqd=4-231582322937410292939766197996417170001&f=%2C%2C%2C%2C%2C&p=1 200 62415
2025-01-28 20:12:25,033 - INFO - Found valid image for African Health Sciences: https://africanhealthsciences.org/wp-content/uploads/2024/05/logo_ahs.png
2025-01-28 20:12:26,390 - WARNING - Failed to download image for journal: African Health Sciences - Status code: 406
2025-01-28 20:12:28,924 - INFO - response: https://duckduckgo.com/?q=African+Historical+Review 200 26944
2025-01-28 20:12:31,078 - INFO - response: https://duckduckgo.com/i.js?l=wt-wt&o=json&q=African+Historical+Review&vqd=4-283629209379662129031755020669873819868&f=%2C%2C%2C%2C%2C&p=1 200 56856
2025-01-28 20:12:31,081 - INFO - Found valid image for African Historical Review: https://journals.co.za/cms/asset/b7a2d2d7-f9d7-40ad-8173-f87822d1d37f/default_cover.jpg
2025-01-28 20:12:31,224 - WARNING - Failed to download image for journal: African Historical Review - Status code: 403
2025-01-28 20:12:33,724 - INFO - response: https://duckduckgo.com/?q=African+Historical+Studies 200 25678
2025-01-28 20:12:35,797 - INFO - response: https://duckduckgo.com/i.js?l=wt-wt&o=json&q=African+Historical+Studies&vqd=4-294403674853775533980047851776950444229&f=%2C%2C%2C%2C%2C&p=1 200 57395
2025-01-28 20:12:35,800 - INFO - Found valid image for African Historical Studies: http://www.bu.edu/africa/files/2012/02/IJAHS-small.jpg
2025-01-28 20:12:38,779 - INFO - Image saved for journal: African Historical Studies
2025-01-28 20:12:41,420 - INFO - response: https://duckduckgo.com/?q=African+Human+Mobility+Review 200 19418
2025-01-28 20:12:43,361 - INFO - response: https://duckduckgo.com/i.js?l=wt-wt&o=json&q=African+Human+Mobility+Review&vqd=4-135991320932207032608035141933514082893&f=%2C%2C%2C%2C%2C&p=1 200 58623
2025-01-28 20:12:43,365 - INFO - Found valid image for African Human Mobility Review: https://mmica.uwc.ac.za/wp-content/uploads/2023/08/AHMR-9-1-cover-image_Page_001-1.jpg
2025-01-28 20:12:45,531 - INFO - Image saved for journal: African Human Mobility Review
2025-01-28 20:12:47,978 - INFO - response: https://duckduckgo.com/?q=African+Human+Morbility+Review 200 19414
2025-01-28 20:12:50,024 - INFO - response: https://duckduckgo.com/i.js?l=wt-wt&o=json&q=African+Human+Morbility+Review&vqd=4-262014482073521398358429498987060942145&f=%2C%2C%2C%2C%2C&p=1 200 59653
2025-01-28 20:12:50,028 - INFO - Found valid image for African Human Morbility Review: https://mmica.uwc.ac.za/wp-content/uploads/2023/08/AHMR-9-1-cover-image_Page_001-1.jpg
2025-01-28 20:12:51,576 - INFO - Image saved for journal: African Human Morbility Review
2025-01-28 20:12:54,217 - INFO - response: https://duckduckgo.com/?q=African+Human+Rights+law+Journal 200 26470
2025-01-28 20:12:56,276 - INFO - response: https://duckduckgo.com/i.js?l=wt-wt&o=json&q=African+Human+Rights+law+Journal&vqd=4-97482325590550070145849628255122682043&f=%2C%2C%2C%2C%2C&p=1 200 64957
2025-01-28 20:12:56,280 - INFO - Found valid image for African Human Rights law Journal: https://www.chr.up.ac.za/images/publications/AHRLJ-2_2020_special_edition.jpg
2025-01-28 20:12:56,811 - INFO - Image saved for journal: African Human Rights law Journal
2025-01-28 20:12:59,448 - INFO - response: https://duckduckgo.com/?q=African+Human+Rights+Law+Journal 200 26471
2025-01-28 20:13:01,593 - INFO - response: https://duckduckgo.com/i.js?l=wt-wt&o=json&q=African+Human+Rights+Law+Journal&vqd=4-39811944814019067098440158186507464447&f=%2C%2C%2C%2C%2C&p=1 200 64957
2025-01-28 20:13:01,597 - INFO - Found valid image for African Human Rights Law Journal: https://www.chr.up.ac.za/images/publications/AHRLJ-2_2020_special_edition.jpg
2025-01-28 20:13:02,074 - INFO - Image saved for journal: African Human Rights Law Journal
2025-01-28 20:13:05,792 - INFO - response: https://duckduckgo.com/?q=African+Human+Rights+Yearbook 200 19402
2025-01-28 20:13:07,940 - INFO - response: https://duckduckgo.com/i.js?l=wt-wt&o=json&q=African+Human+Rights+Yearbook&vqd=4-147169564417019957029212634317140027587&f=%2C%2C%2C%2C%2C&p=1 200 55027
2025-01-28 20:13:07,943 - INFO - Found valid image for African Human Rights Yearbook: https://www.chr.up.ac.za/images/publications/African_Human_Rights_Yearbook/2018-AHRY_cover.jpg
2025-01-28 20:13:08,778 - INFO - Image saved for journal: African Human Rights Yearbook
2025-01-28 20:13:11,424 - INFO - response: https://duckduckgo.com/?q=African+Invertebrates 200 27253
2025-01-28 20:13:13,469 - INFO - response: https://duckduckgo.com/i.js?l=wt-wt&o=json&q=African+Invertebrates&vqd=4-225040694059409694371836366694836028943&f=%2C%2C%2C%2C%2C&p=1 200 64665
2025-01-28 20:13:13,473 - INFO - Found valid image for African Invertebrates: https://i.pinimg.com/originals/9a/f7/fc/9af7fc52b7cdd0771fc4396ecc62c1c6.jpg
2025-01-28 20:13:13,904 - INFO - Image saved for journal: African Invertebrates
2025-01-28 20:13:16,536 - INFO - response: https://duckduckgo.com/?q=African+Invertebrates 200 27253
2025-01-28 20:13:18,383 - INFO - response: https://duckduckgo.com/i.js?l=wt-wt&o=json&q=African+Invertebrates&vqd=4-225040694059409694371836366694836028943&f=%2C%2C%2C%2C%2C&p=1 200 64665
2025-01-28 20:13:18,387 - INFO - Found valid image for African Invertebrates: https://i.pinimg.com/originals/9a/f7/fc/9af7fc52b7cdd0771fc4396ecc62c1c6.jpg
2025-01-28 20:13:18,797 - INFO - Image saved for journal: African Invertebrates
2025-01-28 20:13:21,451 - INFO - response: https://duckduckgo.com/?q=African+Issues 200 19107
2025-01-28 20:13:23,499 - INFO - response: https://duckduckgo.com/i.js?l=wt-wt&o=json&q=African+Issues&vqd=4-332290337942364855994418328981558227964&f=%2C%2C%2C%2C%2C&p=1 200 58103
2025-01-28 20:13:23,503 - INFO - Found valid image for African Issues: https://assets.bwbx.io/images/users/iqjWHBFdfxIU/ikKTnYVGcyuc/v5/-1x-1.png
2025-01-28 20:13:25,073 - INFO - Image saved for journal: African Issues
2025-01-28 20:13:27,698 - INFO - response: https://duckduckgo.com/?q=African+Journal+for+Physical+Activity+and+Health+Sciences 200 27688
2025-01-28 20:13:29,747 - INFO - response: https://duckduckgo.com/i.js?l=wt-wt&o=json&q=African+Journal+for+Physical+Activity+and+Health+Sciences&vqd=4-186827469052422789795256834817118210130&f=%2C%2C%2C%2C%2C&p=1 200 55674
2025-01-28 20:13:29,750 - INFO - Found valid image for African Journal for Physical Activity and Health Sciences: https://journals.co.za/cms/asset/60299a45-c67b-4c0e-b58a-a55a75309f28/ajpherd1.v27.n3.cover.jpg
2025-01-28 20:13:29,927 - WARNING - Failed to download image for journal: African Journal for Physical Activity and Health Sciences - Status code: 403
2025-01-28 20:13:32,716 - INFO - response: https://duckduckgo.com/?q=African+Journal+for+Physical+Activity+and+Health+Sciences+%28AJPHES%29 200 20084
2025-01-28 20:13:34,770 - INFO - response: https://duckduckgo.com/i.js?l=wt-wt&o=json&q=African+Journal+for+Physical+Activity+and+Health+Sciences+%28AJPHES%29&vqd=4-66724676565058649538071569663724274738&f=%2C%2C%2C%2C%2C&p=1 200 55391
2025-01-28 20:13:34,774 - INFO - Found valid image for African Journal for Physical Activity and Health Sciences (AJPHES): https://journals.co.za/cms/asset/60299a45-c67b-4c0e-b58a-a55a75309f28/ajpherd1.v27.n3.cover.jpg
2025-01-28 20:13:34,863 - WARNING - Failed to download image for journal: African Journal for Physical Activity and Health Sciences (AJPHES) - Status code: 403
2025-01-28 20:13:37,950 - INFO - response: https://duckduckgo.com/?q=African+Journal+for+Physical+Health+Education%2C+Recreation+and+Dance 200 27666
2025-01-28 20:13:40,093 - INFO - response: https://duckduckgo.com/i.js?l=wt-wt&o=json&q=African+Journal+for+Physical+Health+Education%2C+Recreation+and+Dance&vqd=4-148899386034638272789089147730213978622&f=%2C%2C%2C%2C%2C&p=1 200 66514
2025-01-28 20:13:40,097 - INFO - Found valid image for African Journal for Physical Health Education, Recreation and Dance: https://image.slidesharecdn.com/6a2d7f80-9bbd-459b-b169-d05393ebb3c6-160202114338/75/African-Journal-for-Physical-Health-Education-Recreation-and-Dance_Mar15-1-2048.jpg
2025-01-28 20:13:41,136 - INFO - Image saved for journal: African Journal for Physical Health Education, Recreation and Dance
2025-01-28 20:13:43,880 - INFO - response: https://duckduckgo.com/?q=African+Journal+for+Physical%2C+Health+Education%2C+Recreation+and+Dance 200 27694
2025-01-28 20:13:45,844 - INFO - response: https://duckduckgo.com/i.js?l=wt-wt&o=json&q=African+Journal+for+Physical%2C+Health+Education%2C+Recreation+and+Dance&vqd=4-334877703901236873652242885949128696750&f=%2C%2C%2C%2C%2C&p=1 200 72149
2025-01-28 20:13:45,848 - INFO - Found valid image for African Journal for Physical, Health Education, Recreation and Dance: https://image.slidesharecdn.com/6a2d7f80-9bbd-459b-b169-d05393ebb3c6-160202114338/75/African-Journal-for-Physical-Health-Education-Recreation-and-Dance_Mar15-1-2048.jpg
2025-01-28 20:13:47,313 - INFO - Image saved for journal: African Journal for Physical, Health Education, Recreation and Dance
2025-01-28 20:13:49,924 - INFO - response: https://duckduckgo.com/?q=African+Journal+for+the+Psychological+Study+of+Social+Issues 200 26862
2025-01-28 20:13:51,923 - INFO - response: https://duckduckgo.com/i.js?l=wt-wt&o=json&q=African+Journal+for+the+Psychological+Study+of+Social+Issues&vqd=4-66055752908169794347857873116207267777&f=%2C%2C%2C%2C%2C&p=1 200 59692
2025-01-28 20:13:51,927 - INFO - Found valid image for African Journal for the Psychological Study of Social Issues: http://www.ajol.info/public/journals/237/homepageImage.gif
2025-01-28 20:13:53,668 - INFO - Image saved for journal: African Journal for the Psychological Study of Social Issues
2025-01-28 20:13:56,268 - INFO - response: https://duckduckgo.com/?q=African+Journal+of+Accounting+and+Social+Science+Studies 200 19866
2025-01-28 20:13:58,323 - INFO - response: https://duckduckgo.com/i.js?l=wt-wt&o=json&q=African+Journal+of+Accounting+and+Social+Science+Studies&vqd=4-286508003717276044560917360975948486033&f=%2C%2C%2C%2C%2C&p=1 200 58577
2025-01-28 20:13:58,326 - INFO - Found valid image for African Journal of Accounting and Social Science Studies: https://www.ajol.info/public/journals/622/homepageImage_en_US.png
2025-01-28 20:14:00,254 - INFO - Image saved for journal: African Journal of Accounting and Social Science Studies
2025-01-28 20:14:02,867 - INFO - response: https://duckduckgo.com/?q=African+Journal+of+Agriculture%2C+Technology+and+Environment+%28AJATE%29+is 200 20140
2025-01-28 20:14:04,980 - INFO - response: https://duckduckgo.com/i.js?l=wt-wt&o=json&q=African+Journal+of+Agriculture%2C+Technology+and+Environment+%28AJATE%29+is&vqd=4-297921871549702889319324995616781000770&f=%2C%2C%2C%2C%2C&p=1 200 63230
2025-01-28 20:14:04,983 - INFO - Found valid image for African Journal of Agriculture, Technology and Environment (AJATE) is: http://ajate.com.ng/wp-content/uploads/2023/02/AJATE.webp
2025-01-28 20:14:07,020 - ERROR - Error saving image for journal African Journal of Agriculture, Technology and Environment (AJATE) is: ('Connection aborted.', RemoteDisconnected('Remote end closed connection without response'))
2025-01-28 20:14:09,685 - INFO - response: https://duckduckgo.com/?q=African+Journal+of+AIDS+and+HIV+Research 200 19576
2025-01-28 20:14:11,850 - INFO - response: https://duckduckgo.com/i.js?l=wt-wt&o=json&q=African+Journal+of+AIDS+and+HIV+Research&vqd=4-234902925692288388876649728248878418913&f=%2C%2C%2C%2C%2C&p=1 200 67888
2025-01-28 20:14:11,854 - INFO - Found valid image for African Journal of AIDS and HIV Research: https://www.nisc.co.za/media/products/201404011396359638.jpg
2025-01-28 20:14:13,417 - INFO - Image saved for journal: African Journal of AIDS and HIV Research
2025-01-28 20:14:16,032 - INFO - response: https://duckduckgo.com/?q=African+Journal+of+AIDS+Research 200 26852
2025-01-28 20:14:18,011 - INFO - response: https://duckduckgo.com/i.js?l=wt-wt&o=json&q=African+Journal+of+AIDS+Research&vqd=4-12026342032871505507092289651906766749&f=%2C%2C%2C%2C%2C&p=1 200 67423
2025-01-28 20:14:18,015 - INFO - Found valid image for African Journal of AIDS Research: https://www.tandfonline.com/cms/asset/2a18c50c-1006-4e54-8cf8-c8f7d69c8382/raar20.v022.i04.cover.jpg
2025-01-28 20:14:18,112 - WARNING - Failed to download image for journal: African Journal of AIDS Research - Status code: 403
2025-01-28 20:14:20,742 - INFO - response: https://duckduckgo.com/?q=African+Journal+of+Alcohol+and+Drug+Abuse 200 19584
2025-01-28 20:14:22,791 - INFO - response: https://duckduckgo.com/i.js?l=wt-wt&o=json&q=African+Journal+of+Alcohol+and+Drug+Abuse&vqd=4-43225237272335690139099647715869133366&f=%2C%2C%2C%2C%2C&p=1 200 57668
2025-01-28 20:14:22,794 - INFO - Found valid image for African Journal of Alcohol and Drug Abuse: https://www.ajol.info/public/journals/767/homepageImage_en_US.png
2025-01-28 20:14:24,963 - INFO - Image saved for journal: African Journal of Alcohol and Drug Abuse
2025-01-28 20:14:27,528 - INFO - response: https://duckduckgo.com/?q=African+Journal+of+Anaesthesia+and+Intensive+Care 200 19768
2025-01-28 20:14:29,449 - INFO - response: https://duckduckgo.com/i.js?l=wt-wt&o=json&q=African+Journal+of+Anaesthesia+and+Intensive+Care&vqd=4-235245121870856073610103626710509021422&f=%2C%2C%2C%2C%2C&p=1 200 55499
2025-01-28 20:14:29,452 - INFO - Found valid image for African Journal of Anaesthesia and Intensive Care: https://www.ajol.info/public/journals/199/homepageImage_en_US.jpg
2025-01-28 20:14:30,409 - INFO - Image saved for journal: African Journal of Anaesthesia and Intensive Care
2025-01-28 20:14:33,272 - INFO - response: https://duckduckgo.com/?q=African+Journal+of+Applied+Research 200 19488
2025-01-28 20:14:35,188 - INFO - response: https://duckduckgo.com/i.js?l=wt-wt&o=json&q=African+Journal+of+Applied+Research&vqd=4-210113146082582428700875122021297463713&f=%2C%2C%2C%2C%2C&p=1 200 60826
2025-01-28 20:14:35,191 - INFO - Found valid image for African Journal of Applied Research: https://ajaronline.com/public/journals/1/homepageImage_en_US.jpg
2025-01-28 20:14:37,237 - WARNING - Failed to download image for journal: African Journal of Applied Research - Status code: 406
2025-01-28 20:14:39,893 - INFO - response: https://duckduckgo.com/?q=African+Journal+of+Applied+Zoology+and+Environmental+Biology 200 19993
2025-01-28 20:14:42,382 - INFO - response: https://duckduckgo.com/i.js?l=wt-wt&o=json&q=African+Journal+of+Applied+Zoology+and+Environmental+Biology&vqd=4-25042552574641540074518187038718668360&f=%2C%2C%2C%2C%2C&p=1 200 55236
2025-01-28 20:14:42,385 - INFO - Found valid image for African Journal of Applied Zoology and Environmental Biology: https://journals.co.za/cms/asset/e913d225-0f2f-4bb6-af3d-c994dd2cb720/default_cover.jpg
2025-01-28 20:14:42,780 - WARNING - Failed to download image for journal: African Journal of Applied Zoology and Environmental Biology - Status code: 403
2025-01-28 20:14:45,547 - INFO - response: https://duckduckgo.com/?q=African+Journal+of+Aquatic+Science 200 27168
2025-01-28 20:14:47,687 - INFO - response: https://duckduckgo.com/i.js?l=wt-wt&o=json&q=African+Journal+of+Aquatic+Science&vqd=4-240458444800869602247135943276610480486&f=%2C%2C%2C%2C%2C&p=1 200 59441
2025-01-28 20:14:47,690 - INFO - Found valid image for African Journal of Aquatic Science: https://www.nisc.co.za/media/products/2018040615229983079729653880931.jpg
2025-01-28 20:14:50,114 - INFO - Image saved for journal: African Journal of Aquatic Science
2025-01-28 20:14:52,805 - INFO - response: https://duckduckgo.com/?q=African+Journal+of+Biological+Sciences 200 19524
2025-01-28 20:14:55,148 - INFO - response: https://duckduckgo.com/i.js?l=wt-wt&o=json&q=African+Journal+of+Biological+Sciences&vqd=4-116933963766763284792710594109423694955&f=%2C%2C%2C%2C%2C&p=1 200 56377
2025-01-28 20:14:55,152 - INFO - Found valid image for African Journal of Biological Sciences: https://ajbs.journals.ekb.eg/data/new11/coversheet/head_en.jpg
2025-01-28 20:14:57,121 - INFO - Image saved for journal: African Journal of Biological Sciences
2025-01-28 20:14:59,746 - INFO - response: https://duckduckgo.com/?q=African+Journal+of+Biomedical+Research 200 25751
2025-01-28 20:15:01,907 - INFO - response: https://duckduckgo.com/i.js?l=wt-wt&o=json&q=African+Journal+of+Biomedical+Research&vqd=4-264716267528777044799060324791002251216&f=%2C%2C%2C%2C%2C&p=1 200 60594
2025-01-28 20:15:01,910 - INFO - Found valid image for African Journal of Biomedical Research: https://www.ajtmbr.org.ng/public/journals/1/cover_issue_10_en_US.jpg
2025-01-28 20:15:03,254 - INFO - Image saved for journal: African Journal of Biomedical Research
2025-01-28 20:15:05,902 - INFO - response: https://duckduckgo.com/?q=African+Journal+of+Biomedical+Research 200 25751
2025-01-28 20:15:07,850 - INFO - response: https://duckduckgo.com/i.js?l=wt-wt&o=json&q=African+Journal+of+Biomedical+Research&vqd=4-264716267528777044799060324791002251216&f=%2C%2C%2C%2C%2C&p=1 200 60594
2025-01-28 20:15:07,854 - INFO - Found valid image for African Journal of Biomedical Research: https://www.ajtmbr.org.ng/public/journals/1/cover_issue_10_en_US.jpg
2025-01-28 20:15:09,420 - INFO - Image saved for journal: African Journal of Biomedical Research
2025-01-28 20:15:12,044 - INFO - response: https://duckduckgo.com/?q=African+Journal+of+Biotechnology 200 25594
2025-01-28 20:15:14,214 - INFO - response: https://duckduckgo.com/i.js?l=wt-wt&o=json&q=African+Journal+of+Biotechnology&vqd=4-67297394806380802234836508085314774986&f=%2C%2C%2C%2C%2C&p=1 200 71343
2025-01-28 20:15:14,218 - INFO - Found valid image for African Journal of Biotechnology: https://image.isu.pub/131122092925-9229dea2bba646195e1f5962c71d966b/jpg/page_1_thumb_large.jpg
2025-01-28 20:15:14,999 - INFO - Image saved for journal: African Journal of Biotechnology
2025-01-28 20:15:17,677 - INFO - response: https://duckduckgo.com/?q=African+Journal+of+Business+and+Economic+Research 200 19768
2025-01-28 20:15:19,729 - INFO - response: https://duckduckgo.com/i.js?l=wt-wt&o=json&q=African+Journal+of+Business+and+Economic+Research&vqd=4-225234831342288755886739665657804778260&f=%2C%2C%2C%2C%2C&p=1 200 63749
2025-01-28 20:15:19,732 - INFO - Found valid image for African Journal of Business and Economic Research: https://journals.co.za/cms/asset/add1e9f1-3c3d-4174-8cd5-c06fb8530e42/default_cover.jpg
2025-01-28 20:15:19,863 - WARNING - Failed to download image for journal: African Journal of Business and Economic Research - Status code: 403
2025-01-28 20:15:22,498 - INFO - response: https://duckduckgo.com/?q=African+Journal+of+Business+and+Management+%28AJBUMA%29 200 19796
2025-01-28 20:15:24,539 - INFO - response: https://duckduckgo.com/i.js?l=wt-wt&o=json&q=African+Journal+of+Business+and+Management+%28AJBUMA%29&vqd=4-207726403947740140427170612604012149636&f=%2C%2C%2C%2C%2C&p=1 200 63101
2025-01-28 20:15:24,542 - INFO - Found valid image for African Journal of Business and Management (AJBUMA): https://business.uonbi.ac.ke/sites/default/files/2023-07/Blue+and+Pink+Professional+Business+Strategy+Presentation.jpg
2025-01-28 20:15:25,049 - WARNING - Failed to download image for journal: African Journal of Business and Management (AJBUMA) - Status code: 404
2025-01-28 20:15:27,716 - INFO - response: https://duckduckgo.com/?q=African+Journal+of+Business+Ethics 200 19472
2025-01-28 20:15:29,669 - INFO - response: https://duckduckgo.com/i.js?l=wt-wt&o=json&q=African+Journal+of+Business+Ethics&vqd=4-82898774953866246933177806280506530970&f=%2C%2C%2C%2C%2C&p=1 200 59871
2025-01-28 20:15:29,672 - INFO - Found valid image for African Journal of Business Ethics: https://ajobe.journals.ac.za/public/journals/1/cover_issue_26_en_US.jpg
2025-01-28 20:15:31,903 - INFO - Image saved for journal: African Journal of Business Ethics
2025-01-28 20:15:34,475 - INFO - response: https://duckduckgo.com/?q=African+Journal+of+Career+Development 200 19508
2025-01-28 20:15:36,522 - INFO - response: https://duckduckgo.com/i.js?l=wt-wt&o=json&q=African+Journal+of+Career+Development&vqd=4-79636696581378918629169344570829684887&f=%2C%2C%2C%2C%2C&p=1 200 59682
2025-01-28 20:15:36,525 - INFO - Found valid image for African Journal of Career Development: https://aosis.co.za/wp-content/uploads/2023/09/AJCD-2024-Special-collection-CFP-1536x864.jpg
2025-01-28 20:15:38,722 - INFO - Image saved for journal: African Journal of Career Development
2025-01-28 20:15:42,576 - INFO - response: https://duckduckgo.com/?q=African+Journal+of+Chemical+Education 200 19508
2025-01-28 20:15:44,570 - INFO - response: https://duckduckgo.com/i.js?l=wt-wt&o=json&q=African+Journal+of+Chemical+Education&vqd=4-57052833893614648165949691193157942312&f=%2C%2C%2C%2C%2C&p=1 200 56978
2025-01-28 20:15:44,574 - INFO - Found valid image for African Journal of Chemical Education: https://www.ajol.info/public/journals/480/homepageImage_en_US.jpg
2025-01-28 20:15:45,486 - INFO - Image saved for journal: African Journal of Chemical Education
2025-01-28 20:15:47,990 - INFO - response: https://duckduckgo.com/?q=African+Journal+of+Clinical+and+Experimental+Microbiology 200 19860
2025-01-28 20:15:50,053 - INFO - response: https://duckduckgo.com/i.js?l=wt-wt&o=json&q=African+Journal+of+Clinical+and+Experimental+Microbiology&vqd=4-66851382086576486596799305091712251797&f=%2C%2C%2C%2C%2C&p=1 200 72550
2025-01-28 20:15:50,057 - INFO - Found valid image for African Journal of Clinical and Experimental Microbiology: https://www.africanresearchers.org/wp-content/uploads/2023/08/African-Journal-of-Clinical-and-Experimental-Microbiology.jpg
2025-01-28 20:15:52,870 - INFO - Image saved for journal: African Journal of Clinical and Experimental Microbiology
2025-01-28 20:15:55,462 - INFO - response: https://duckduckgo.com/?q=African+Journal+of+Commercial+Studies 200 19512
2025-01-28 20:15:57,515 - INFO - response: https://duckduckgo.com/i.js?l=wt-wt&o=json&q=African+Journal+of+Commercial+Studies&vqd=4-212531265778586840593980670725598868905&f=%2C%2C%2C%2C%2C&p=1 200 66141
2025-01-28 20:15:57,518 - INFO - Found valid image for African Journal of Commercial Studies: https://i1.rgstatic.net/ii/profile.image/11431281085463988-1663775837767_Q64/African-Journal-Commercial-Studies.jpg
2025-01-28 20:15:57,796 - INFO - Image saved for journal: African Journal of Commercial Studies
2025-01-28 20:16:00,287 - INFO - response: https://duckduckgo.com/?q=African+Journal+of+Cross-Cultural+Psychology+and+Sport+Facilitation 200 29471
2025-01-28 20:16:02,324 - INFO - response: https://duckduckgo.com/i.js?l=wt-wt&o=json&q=African+Journal+of+Cross-Cultural+Psychology+and+Sport+Facilitation&vqd=4-114630906797099073486782479512140114069&f=%2C%2C%2C%2C%2C&p=1 200 59474
2025-01-28 20:16:02,328 - INFO - Found valid image for African Journal of Cross-Cultural Psychology and Sport Facilitation: https://mysubs.in/wp-content/uploads/journal-of-cross-cultural-psychology-journal-subscription-17-Dec-2019.png
2025-01-28 20:16:05,213 - INFO - Image saved for journal: African Journal of Cross-Cultural Psychology and Sport Facilitation
2025-01-28 20:19:58,561 - INFO - response: https://duckduckgo.com/?q=Acta+Classica+%3A+Proceedings+of+the+Classical+Association+of+South+Africa 200 20201
2025-01-28 20:20:00,611 - INFO - response: https://duckduckgo.com/i.js?l=wt-wt&o=json&q=Acta+Classica+%3A+Proceedings+of+the+Classical+Association+of+South+Africa&vqd=4-276558324769183794656399116721801576286&f=%2C%2C%2C%2C%2C&p=1 200 57847
2025-01-28 20:20:00,614 - INFO - Found valid image for Acta Classica : Proceedings of the Classical Association of South Africa: https://journals.co.za/cms/asset/ad477359-c9a8-4203-ab74-8c427f0ce172/default_cover.jpg
2025-01-28 20:20:00,735 - WARNING - Failed to download image for journal: Acta Classica : Proceedings of the Classical Association of South Africa - Status code: 403
2025-01-28 20:20:03,377 - INFO - response: https://duckduckgo.com/?q=Acta+Structilia+%3A+Journal+for+the+Physical+and+Development+Sciences 200 20122
2025-01-28 20:20:05,427 - INFO - response: https://duckduckgo.com/i.js?l=wt-wt&o=json&q=Acta+Structilia+%3A+Journal+for+the+Physical+and+Development+Sciences&vqd=4-99289521526427595812722533923497641750&f=%2C%2C%2C%2C%2C&p=1 200 61022
2025-01-28 20:20:05,431 - INFO - Found valid image for Acta Structilia : Journal for the Physical and Development Sciences: https://journals.co.za/cms/asset/f8729ada-2f31-4e86-820d-864b74cfd191/struct.v23.n2.cover.jpg
2025-01-28 20:20:05,640 - WARNING - Failed to download image for journal: Acta Structilia : Journal for the Physical and Development Sciences - Status code: 403
2025-01-28 20:20:08,302 - INFO - response: https://duckduckgo.com/?q=Africa+affairs 200 19102
2025-01-28 20:20:10,342 - INFO - response: https://duckduckgo.com/i.js?l=wt-wt&o=json&q=Africa+affairs&vqd=4-78409190889906184211674873164332963937&f=%2C%2C%2C%2C%2C&p=1 200 57301
2025-01-28 20:20:10,346 - INFO - Found valid image for Africa affairs: https://royalafricansociety.org/wp-content/uploads/2019/09/African-Affairs.jpg
2025-01-28 20:20:11,569 - WARNING - Failed to download image for journal: Africa affairs - Status code: 403
2025-01-28 20:20:14,343 - INFO - response: https://duckduckgo.com/?q=Africa+Development 200 25733
2025-01-28 20:20:16,393 - INFO - response: https://duckduckgo.com/i.js?l=wt-wt&o=json&q=Africa+Development&vqd=4-198650190494617579456168359025493700514&f=%2C%2C%2C%2C%2C&p=1 200 61018
2025-01-28 20:20:16,396 - INFO - Found valid image for Africa Development: https://assets.weforum.org/editor/9N2i_9ClwH1wjHuHB-8m191TvXjpfvQf9mqlxhukAK4.png
2025-01-28 20:20:17,302 - WARNING - Failed to download image for journal: Africa Development - Status code: 403
2025-01-28 20:20:19,883 - INFO - response: https://duckduckgo.com/?q=Africain+de+Chirurgie+Orthop%C3%A9dique+et+Traumatologique 200 19846
2025-01-28 20:20:21,816 - INFO - response: https://duckduckgo.com/i.js?l=wt-wt&o=json&q=Africain+de+Chirurgie+Orthop%C3%A9dique+et+Traumatologique&vqd=4-223502015553224640659645967824432840133&f=%2C%2C%2C%2C%2C&p=1 200 60831
2025-01-28 20:20:21,819 - INFO - Found valid image for Africain de Chirurgie Orthopédique et Traumatologique: https://abidjanpress.com/wp-content/uploads/2019/02/IMG_1034-600x400.jpg
2025-01-28 20:20:22,524 - WARNING - Failed to download image for journal: Africain de Chirurgie Orthopédique et Traumatologique - Status code: 403
2025-01-28 20:20:25,203 - INFO - response: https://duckduckgo.com/?q=Africa+Journal+of+Comparative+Constitutional+Law 200 19738
2025-01-28 20:20:27,955 - INFO - response: https://duckduckgo.com/i.js?l=wt-wt&o=json&q=Africa+Journal+of+Comparative+Constitutional+Law&vqd=4-79293953801938292440394147959357645504&f=%2C%2C%2C%2C%2C&p=1 200 58742
2025-01-28 20:20:27,958 - INFO - Found valid image for Africa Journal of Comparative Constitutional Law: https://journals.co.za/cms/asset/c5ab894f-de9c-46b0-95e9-fb1a916a6bbb/default_cover.jpg
2025-01-28 20:20:28,095 - WARNING - Failed to download image for journal: Africa Journal of Comparative Constitutional Law - Status code: 403
2025-01-28 20:20:30,726 - INFO - response: https://duckduckgo.com/?q=African+Arts 200 29404
2025-01-28 20:20:35,127 - INFO - response: https://duckduckgo.com/i.js?l=wt-wt&o=json&q=African+Arts&vqd=4-336864081207309028173610921347650320119&f=%2C%2C%2C%2C%2C&p=1 200 53609
2025-01-28 20:20:35,131 - INFO - Found valid image for African Arts: http://upload.wikimedia.org/wikipedia/commons/e/eb/African_Art,_Yombe_sculpture,_Louvre.jpg
2025-01-28 20:20:36,864 - WARNING - Failed to download image for journal: African Arts - Status code: 403
2025-01-28 20:20:39,531 - INFO - response: https://duckduckgo.com/?q=African+Conflict+and+Peacebuilding+Review 200 19560
2025-01-28 20:20:41,677 - INFO - response: https://duckduckgo.com/i.js?l=wt-wt&o=json&q=African+Conflict+and+Peacebuilding+Review&vqd=4-281572130121052906419702791276768954599&f=%2C%2C%2C%2C%2C&p=1 200 62365
2025-01-28 20:20:41,680 - INFO - Found valid image for African Conflict and Peacebuilding Review: https://dhjhkxawhe8q4.cloudfront.net/indiana-university-press-wp/wp-content/uploads/2019/04/21151156/African-Conflict-Peacebuilding-Review-1459x2048.png
2025-01-28 20:20:42,409 - WARNING - Failed to download image for journal: African Conflict and Peacebuilding Review - Status code: 403
2025-01-28 20:20:45,068 - INFO - response: https://duckduckgo.com/?q=African+Development+and+Europe 200 19414
2025-01-28 20:20:47,154 - INFO - response: https://duckduckgo.com/i.js?l=wt-wt&o=json&q=African+Development+and+Europe&vqd=4-224063339248165873132912564850634178759&f=%2C%2C%2C%2C%2C&p=1 200 57858
2025-01-28 20:20:47,157 - INFO - Found valid image for African Development and Europe: https://img.perlego.com/book-covers/4477903/9781483151052_300_450.webp
2025-01-28 20:20:47,315 - WARNING - Invalid content type for image URL: https://img.perlego.com/book-covers/4477903/9781483151052_300_450.webp
2025-01-28 20:20:49,984 - INFO - response: https://duckduckgo.com/?q=African+Economic+History 200 27551
2025-01-28 20:20:51,922 - INFO - response: https://duckduckgo.com/i.js?l=wt-wt&o=json&q=African+Economic+History&vqd=4-278699352900425034135692456486773395235&f=%2C%2C%2C%2C%2C&p=1 200 55256
2025-01-28 20:20:51,925 - INFO - Found valid image for African Economic History: https://nuriakenya.com/wp-content/uploads/2020/11/African-Economic-History.jpg
2025-01-28 20:20:52,133 - WARNING - Failed to download image for journal: African Economic History - Status code: 403
2025-01-28 20:20:54,800 - INFO - response: https://duckduckgo.com/?q=African+Economic+History+Review 200 27737
2025-01-28 20:20:56,942 - INFO - response: https://duckduckgo.com/i.js?l=wt-wt&o=json&q=African+Economic+History+Review&vqd=4-222421330261757283576764832909015703496&f=%2C%2C%2C%2C%2C&p=1 200 56525
2025-01-28 20:20:56,946 - INFO - Found valid image for African Economic History Review: https://nuriakenya.com/wp-content/uploads/2020/11/African-Economic-History.jpg
2025-01-28 20:20:57,164 - WARNING - Failed to download image for journal: African Economic History Review - Status code: 403
2025-01-28 20:21:00,540 - INFO - response: https://duckduckgo.com/?q=African+Environment 200 28543
2025-01-28 20:21:02,563 - INFO - response: https://duckduckgo.com/i.js?l=wt-wt&o=json&q=African+Environment&vqd=4-145266593284961328938940950716453608851&f=%2C%2C%2C%2C%2C&p=1 200 58433
2025-01-28 20:21:02,566 - INFO - Found valid image for African Environment: https://w.wallha.com/ws/3/VEJtBqoS.jpg
2025-01-28 20:21:02,722 - WARNING - Failed to download image for journal: African Environment - Status code: 403
2025-01-28 20:21:05,305 - INFO - response: https://duckduckgo.com/?q=African+Finance+Journal 200 26913
2025-01-28 20:21:07,292 - INFO - response: https://duckduckgo.com/i.js?l=wt-wt&o=json&q=African+Finance+Journal&vqd=4-40841168927839869040681390072745768952&f=%2C%2C%2C%2C%2C&p=1 200 59433
2025-01-28 20:21:07,296 - INFO - Found valid image for African Finance Journal: https://journals.co.za/cms/asset/1894e848-0771-4799-8d11-88914aec35c2/default_cover.jpg
2025-01-28 20:21:07,388 - WARNING - Failed to download image for journal: African Finance Journal - Status code: 403
2025-01-28 20:21:10,042 - INFO - response: https://duckduckgo.com/?q=African+Health+Sciences 200 26087
2025-01-28 20:21:11,993 - INFO - response: https://duckduckgo.com/i.js?l=wt-wt&o=json&q=African+Health+Sciences&vqd=4-231582322937410292939766197996417170001&f=%2C%2C%2C%2C%2C&p=1 200 62415
2025-01-28 20:21:11,996 - INFO - Found valid image for African Health Sciences: https://africanhealthsciences.org/wp-content/uploads/2024/05/logo_ahs.png
2025-01-28 20:21:12,973 - WARNING - Failed to download image for journal: African Health Sciences - Status code: 406
2025-01-28 20:21:15,570 - INFO - response: https://duckduckgo.com/?q=African+Historical+Review 200 26944
2025-01-28 20:21:17,623 - INFO - response: https://duckduckgo.com/i.js?l=wt-wt&o=json&q=African+Historical+Review&vqd=4-283629209379662129031755020669873819868&f=%2C%2C%2C%2C%2C&p=1 200 56856
2025-01-28 20:21:17,627 - INFO - Found valid image for African Historical Review: https://journals.co.za/cms/asset/b7a2d2d7-f9d7-40ad-8173-f87822d1d37f/default_cover.jpg
2025-01-28 20:21:17,798 - WARNING - Failed to download image for journal: African Historical Review - Status code: 403
2025-01-28 20:21:20,391 - INFO - response: https://duckduckgo.com/?q=African+Journal+for+Physical+Activity+and+Health+Sciences 200 27688
2025-01-28 20:21:22,431 - INFO - response: https://duckduckgo.com/i.js?l=wt-wt&o=json&q=African+Journal+for+Physical+Activity+and+Health+Sciences&vqd=4-186827469052422789795256834817118210130&f=%2C%2C%2C%2C%2C&p=1 200 55674
2025-01-28 20:21:22,434 - INFO - Found valid image for African Journal for Physical Activity and Health Sciences: https://journals.co.za/cms/asset/60299a45-c67b-4c0e-b58a-a55a75309f28/ajpherd1.v27.n3.cover.jpg
2025-01-28 20:21:22,562 - WARNING - Failed to download image for journal: African Journal for Physical Activity and Health Sciences - Status code: 403
2025-01-28 20:21:25,197 - INFO - response: https://duckduckgo.com/?q=African+Journal+for+Physical+Activity+and+Health+Sciences+%28AJPHES%29 200 20084
2025-01-28 20:21:27,268 - INFO - response: https://duckduckgo.com/i.js?l=wt-wt&o=json&q=African+Journal+for+Physical+Activity+and+Health+Sciences+%28AJPHES%29&vqd=4-66724676565058649538071569663724274738&f=%2C%2C%2C%2C%2C&p=1 200 55391
2025-01-28 20:21:27,271 - INFO - Found valid image for African Journal for Physical Activity and Health Sciences (AJPHES): https://journals.co.za/cms/asset/60299a45-c67b-4c0e-b58a-a55a75309f28/ajpherd1.v27.n3.cover.jpg
2025-01-28 20:21:27,504 - WARNING - Failed to download image for journal: African Journal for Physical Activity and Health Sciences (AJPHES) - Status code: 403
2025-01-28 20:21:30,117 - INFO - response: https://duckduckgo.com/?q=African+Journal+of+Agriculture%2C+Technology+and+Environment+%28AJATE%29+is 200 20140
2025-01-28 20:21:32,260 - INFO - response: https://duckduckgo.com/i.js?l=wt-wt&o=json&q=African+Journal+of+Agriculture%2C+Technology+and+Environment+%28AJATE%29+is&vqd=4-297921871549702889319324995616781000770&f=%2C%2C%2C%2C%2C&p=1 200 63230
2025-01-28 20:21:32,264 - INFO - Found valid image for African Journal of Agriculture, Technology and Environment (AJATE) is: http://ajate.com.ng/wp-content/uploads/2023/02/AJATE.webp
2025-01-28 20:21:33,798 - ERROR - Error saving image for journal African Journal of Agriculture, Technology and Environment (AJATE) is: ('Connection aborted.', RemoteDisconnected('Remote end closed connection without response'))
2025-01-28 20:21:36,473 - INFO - response: https://duckduckgo.com/?q=African+Journal+of+AIDS+Research 200 26853
2025-01-28 20:21:38,507 - INFO - response: https://duckduckgo.com/i.js?l=wt-wt&o=json&q=African+Journal+of+AIDS+Research&vqd=4-12026342032871505507092289651906766749&f=%2C%2C%2C%2C%2C&p=1 200 67423
2025-01-28 20:21:38,511 - INFO - Found valid image for African Journal of AIDS Research: https://www.tandfonline.com/cms/asset/2a18c50c-1006-4e54-8cf8-c8f7d69c8382/raar20.v022.i04.cover.jpg
2025-01-28 20:21:38,868 - WARNING - Failed to download image for journal: African Journal of AIDS Research - Status code: 403
2025-01-28 20:21:41,485 - INFO - response: https://duckduckgo.com/?q=African+Journal+of+Applied+Research 200 19488
2025-01-28 20:21:43,526 - INFO - response: https://duckduckgo.com/i.js?l=wt-wt&o=json&q=African+Journal+of+Applied+Research&vqd=4-210113146082582428700875122021297463713&f=%2C%2C%2C%2C%2C&p=1 200 60826
2025-01-28 20:21:43,530 - INFO - Found valid image for African Journal of Applied Research: https://ajaronline.com/public/journals/1/homepageImage_en_US.jpg
2025-01-28 20:21:44,675 - WARNING - Failed to download image for journal: African Journal of Applied Research - Status code: 406
2025-01-28 20:21:47,323 - INFO - response: https://duckduckgo.com/?q=African+Journal+of+Applied+Zoology+and+Environmental+Biology 200 19994
2025-01-28 20:21:49,294 - INFO - response: https://duckduckgo.com/i.js?l=wt-wt&o=json&q=African+Journal+of+Applied+Zoology+and+Environmental+Biology&vqd=4-25042552574641540074518187038718668360&f=%2C%2C%2C%2C%2C&p=1 200 55236
2025-01-28 20:21:49,297 - INFO - Found valid image for African Journal of Applied Zoology and Environmental Biology: https://journals.co.za/cms/asset/e913d225-0f2f-4bb6-af3d-c994dd2cb720/default_cover.jpg
2025-01-28 20:21:49,372 - WARNING - Failed to download image for journal: African Journal of Applied Zoology and Environmental Biology - Status code: 403
2025-01-28 20:21:51,833 - INFO - response: https://duckduckgo.com/?q=African+Journal+of+Business+and+Economic+Research 200 19768
2025-01-28 20:21:53,868 - INFO - response: https://duckduckgo.com/i.js?l=wt-wt&o=json&q=African+Journal+of+Business+and+Economic+Research&vqd=4-225234831342288755886739665657804778260&f=%2C%2C%2C%2C%2C&p=1 200 64474
2025-01-28 20:21:53,869 - INFO - Found valid image for African Journal of Business and Economic Research: https://journals.co.za/cms/asset/add1e9f1-3c3d-4174-8cd5-c06fb8530e42/default_cover.jpg
2025-01-28 20:21:53,952 - WARNING - Failed to download image for journal: African Journal of Business and Economic Research - Status code: 403
2025-01-28 20:21:56,531 - INFO - response: https://duckduckgo.com/?q=African+Journal+of+Business+and+Management+%28AJBUMA%29 200 19796
2025-01-28 20:21:58,588 - INFO - response: https://duckduckgo.com/i.js?l=wt-wt&o=json&q=African+Journal+of+Business+and+Management+%28AJBUMA%29&vqd=4-207726403947740140427170612604012149636&f=%2C%2C%2C%2C%2C&p=1 200 63101
2025-01-28 20:21:58,592 - INFO - Found valid image for African Journal of Business and Management (AJBUMA): https://business.uonbi.ac.ke/sites/default/files/2023-07/Blue+and+Pink+Professional+Business+Strategy+Presentation.jpg
2025-01-28 20:21:59,091 - WARNING - Failed to download image for journal: African Journal of Business and Management (AJBUMA) - Status code: 404
2025-01-28 20:22:01,760 - INFO - response: https://duckduckgo.com/?q=African+Journal+of+Current+Medical+Research 200 19598
2025-01-28 20:22:03,806 - INFO - response: https://duckduckgo.com/i.js?l=wt-wt&o=json&q=African+Journal+of+Current+Medical+Research&vqd=4-138944653610888220166038730321342606005&f=%2C%2C%2C%2C%2C&p=1 200 54273
2025-01-28 20:22:03,808 - INFO - Found valid image for African Journal of Current Medical Research: https://www.ajol.info/public/journals/602/homepageImage_en_US.jpg
2025-01-28 20:22:06,850 - INFO - Image saved for journal: African Journal of Current Medical Research
2025-01-28 20:22:09,552 - INFO - response: https://duckduckgo.com/?q=African+Journal+of+Democracy+and+Election+Research 200 19780
2025-01-28 20:22:11,704 - INFO - response: https://duckduckgo.com/i.js?l=wt-wt&o=json&q=African+Journal+of+Democracy+and+Election+Research&vqd=4-213218708072507949735906640543474646115&f=%2C%2C%2C%2C%2C&p=1 200 58922
2025-01-28 20:22:11,707 - INFO - Found valid image for African Journal of Democracy and Election Research: https://journals.co.za/pb-assets/productImages/aa.ajder_cover-1627577106367.jpg
2025-01-28 20:22:12,263 - INFO - Image saved for journal: African Journal of Democracy and Election Research
2025-01-28 20:22:14,860 - INFO - response: https://duckduckgo.com/?q=African+Journal+of+Democracy+and+Governance 200 19598
2025-01-28 20:22:16,915 - INFO - response: https://duckduckgo.com/i.js?l=wt-wt&o=json&q=African+Journal+of+Democracy+and+Governance&vqd=4-181178354901625252188807705990315274172&f=%2C%2C%2C%2C%2C&p=1 200 60683
2025-01-28 20:22:16,918 - INFO - Found valid image for African Journal of Democracy and Governance: https://journals.co.za/cms/asset/d337a4ba-ce11-4d43-b460-2c578e805c02/ajdg.v8.n1-2.cover.jpg
2025-01-28 20:22:17,002 - WARNING - Failed to download image for journal: African Journal of Democracy and Governance - Status code: 403
2025-01-28 20:22:19,680 - INFO - response: https://duckduckgo.com/?q=African+Journal+of+Democracy+and+Governance 200 19598
2025-01-28 20:22:21,825 - INFO - response: https://duckduckgo.com/i.js?l=wt-wt&o=json&q=African+Journal+of+Democracy+and+Governance&vqd=4-181178354901625252188807705990315274172&f=%2C%2C%2C%2C%2C&p=1 200 60683
2025-01-28 20:22:21,828 - INFO - Found valid image for African Journal of Democracy and Governance: https://journals.co.za/cms/asset/d337a4ba-ce11-4d43-b460-2c578e805c02/ajdg.v8.n1-2.cover.jpg
2025-01-28 20:22:21,937 - WARNING - Failed to download image for journal: African Journal of Democracy and Governance - Status code: 403
2025-01-28 20:22:25,512 - INFO - response: https://duckduckgo.com/?q=African+Journal+of+Dentistry+and+Implantology+-+Revue+de+la+M%C3%A9decine+Dentaire 200 20390
2025-01-28 20:22:27,661 - INFO - response: https://duckduckgo.com/i.js?l=wt-wt&o=json&q=African+Journal+of+Dentistry+and+Implantology+-+Revue+de+la+M%C3%A9decine+Dentaire&vqd=4-198196233836559112217054517150334536083&f=%2C%2C%2C%2C%2C&p=1 200 55823
2025-01-28 20:22:27,664 - INFO - Found valid image for African Journal of Dentistry and Implantology - Revue de la Médecine Dentaire: https://image.isu.pub/161102114400-29cf224d9ff8be0644bbe1488c83459c/jpg/page_1.jpg
2025-01-28 20:22:29,189 - INFO - Image saved for journal: African Journal of Dentistry and Implantology - Revue de la Médecine Dentaire
2025-01-28 20:22:31,877 - INFO - response: https://duckduckgo.com/?q=African+Journal+of+Development+Studies+%28formerly+AFFRIKA+Journal+of+Politics%2C+Economics+and+Society%29 200 20741
2025-01-28 20:22:34,255 - INFO - response: https://duckduckgo.com/i.js?l=wt-wt&o=json&q=African+Journal+of+Development+Studies+%28formerly+AFFRIKA+Journal+of+Politics%2C+Economics+and+Society%29&vqd=4-198329190677809654225315636444148433106&f=%2C%2C%2C%2C%2C&p=1 200 55439
2025-01-28 20:22:34,258 - INFO - Found valid image for African Journal of Development Studies (formerly AFFRIKA Journal of Politics, Economics and Society): https://journals.co.za/pb-assets/productImages/aa.affrika1_cover-1603397912977.jpg
2025-01-28 20:22:34,879 - INFO - Image saved for journal: African Journal of Development Studies (formerly AFFRIKA Journal of Politics, Economics and Society)
2025-01-28 20:22:37,500 - INFO - response: https://duckduckgo.com/?q=African+Journal+of+Diabetes+Medicine 200 19496
2025-01-28 20:22:39,541 - INFO - response: https://duckduckgo.com/i.js?l=wt-wt&o=json&q=African+Journal+of+Diabetes+Medicine&vqd=4-24972009299331900280049141928221597919&f=%2C%2C%2C%2C%2C&p=1 200 63833
2025-01-28 20:22:39,544 - INFO - Found valid image for African Journal of Diabetes Medicine: http://africa-health.com/wp-content/uploads/2015/11/AJDM-logo-1_RGB.jpg
2025-01-28 20:22:40,635 - INFO - Image saved for journal: African Journal of Diabetes Medicine
2025-01-28 20:22:43,325 - INFO - response: https://duckduckgo.com/?q=African+Journal+of+Disability 200 19398
2025-01-28 20:22:45,302 - INFO - response: https://duckduckgo.com/i.js?l=wt-wt&o=json&q=African+Journal+of+Disability&vqd=4-91380886148320763364109726192683806638&f=%2C%2C%2C%2C%2C&p=1 200 64002
2025-01-28 20:22:45,305 - INFO - Found valid image for African Journal of Disability: https://www.youfabiao.com/upload/image/202407/31/19afc_2a83.jpg
2025-01-28 20:22:57,296 - INFO - Image saved for journal: African Journal of Disability
2025-01-28 20:22:59,914 - INFO - response: https://duckduckgo.com/?q=African+Journal+of+Disability 200 19398
2025-01-28 20:23:01,963 - INFO - response: https://duckduckgo.com/i.js?l=wt-wt&o=json&q=African+Journal+of+Disability&vqd=4-91380886148320763364109726192683806638&f=%2C%2C%2C%2C%2C&p=1 200 64002
2025-01-28 20:23:01,966 - INFO - Found valid image for African Journal of Disability: https://www.youfabiao.com/upload/image/202407/31/19afc_2a83.jpg
2025-01-28 20:23:19,347 - INFO - Image saved for journal: African Journal of Disability
2025-01-28 20:23:21,931 - INFO - response: https://duckduckgo.com/?q=African+Journal+of+Drug+and+Alcohol+Studies 200 19608
2025-01-28 20:23:23,895 - INFO - response: https://duckduckgo.com/i.js?l=wt-wt&o=json&q=African+Journal+of+Drug+and+Alcohol+Studies&vqd=4-19276467263180534858522896635451222688&f=%2C%2C%2C%2C%2C&p=1 200 62272
2025-01-28 20:23:23,899 - INFO - Found valid image for African Journal of Drug and Alcohol Studies: https://i1.rgstatic.net/publication/342752331_AFRICAN_JOURNAL_OF_DRUG_AND_ALCOHOL_STUDIES_PURPOSE_AND_SCOPE/links/5f04ecbe92851c52d6205d7e/largepreview.png
2025-01-28 20:23:24,694 - INFO - Image saved for journal: African Journal of Drug and Alcohol Studies
2025-01-28 20:23:27,359 - INFO - response: https://duckduckgo.com/?q=African+Journal+of+Economic+Policy 200 26150
2025-01-28 20:23:30,125 - INFO - response: https://duckduckgo.com/i.js?l=wt-wt&o=json&q=African+Journal+of+Economic+Policy&vqd=4-235155292593424557043655972845454540676&f=%2C%2C%2C%2C%2C&p=1 200 61338
2025-01-28 20:23:30,128 - INFO - Found valid image for African Journal of Economic Policy: https://www.ajol.info/public/journals/147/homepageImage.jpg
2025-01-28 20:23:31,192 - INFO - Image saved for journal: African Journal of Economic Policy
2025-01-28 20:23:33,686 - INFO - response: https://duckduckgo.com/?q=African+Journal+of+Economic+Review 200 19476
2025-01-28 20:23:35,867 - INFO - response: https://duckduckgo.com/i.js?l=wt-wt&o=json&q=African+Journal+of+Economic+Review&vqd=4-174696376683028168329699686995811331486&f=%2C%2C%2C%2C%2C&p=1 200 60574
2025-01-28 20:23:35,870 - INFO - Found valid image for African Journal of Economic Review: https://www.ajol.info/public/journals/540/homepageImage_en_US.jpg
2025-01-28 20:23:36,960 - INFO - Image saved for journal: African Journal of Economic Review
2025-01-28 20:23:39,445 - INFO - response: https://duckduckgo.com/?q=African+Journal+of+Educational+Research+and+Development 200 19836
2025-01-28 20:23:41,520 - INFO - response: https://duckduckgo.com/i.js?l=wt-wt&o=json&q=African+Journal+of+Educational+Research+and+Development&vqd=4-55421751229243697493171845397899500868&f=%2C%2C%2C%2C%2C&p=1 200 60958
2025-01-28 20:23:41,524 - INFO - Found valid image for African Journal of Educational Research and Development: https://ercptjournal.org/wp-content/uploads/elementor/thumbs/final-cover-o9ybmrotx7lq3zlp1lizn9zq69a4ax3vv0aoztrpz4.jpg
2025-01-28 20:23:43,900 - INFO - Image saved for journal: African Journal of Educational Research and Development
2025-01-28 20:23:46,451 - INFO - response: https://duckduckgo.com/?q=African+Journal+of+Educational+Studies+in+Mathematics+and+Sciences 200 26457
2025-01-28 20:23:48,458 - INFO - response: https://duckduckgo.com/i.js?l=wt-wt&o=json&q=African+Journal+of+Educational+Studies+in+Mathematics+and+Sciences&vqd=4-221109220724136244476496942327284599458&f=%2C%2C%2C%2C%2C&p=1 200 61677
2025-01-28 20:23:48,461 - INFO - Found valid image for African Journal of Educational Studies in Mathematics and Sciences: https://www.ajol.info/public/journals/295/homepageImage_en_US.jpg
2025-01-28 20:23:49,126 - INFO - Image saved for journal: African Journal of Educational Studies in Mathematics and Sciences
2025-01-28 20:23:51,739 - INFO - response: https://duckduckgo.com/?q=African+Journal+of+Education+and+Social+Sciences 200 19756
2025-01-28 20:23:53,781 - INFO - response: https://duckduckgo.com/i.js?l=wt-wt&o=json&q=African+Journal+of+Education+and+Social+Sciences&vqd=4-294437857213449025052642402896661211763&f=%2C%2C%2C%2C%2C&p=1 200 58530
2025-01-28 20:23:53,785 - INFO - Found valid image for African Journal of Education and Social Sciences: https://journals.uew.edu.gh/public/journals/7/cover_issue_20_en_US.jpg
2025-01-28 20:23:55,236 - ERROR - Error saving image for journal African Journal of Education and Social Sciences: HTTPSConnectionPool(host='journals.uew.edu.gh', port=443): Max retries exceeded with url: /public/journals/7/cover_issue_20_en_US.jpg (Caused by SSLError(SSLCertVerificationError(1, '[SSL: CERTIFICATE_VERIFY_FAILED] certificate verify failed: certificate has expired (_ssl.c:1018)')))
2025-01-28 20:23:57,780 - INFO - response: https://duckduckgo.com/?q=African+Journal+of+Education%2C+Science+and+Technology 200 19821
2025-01-28 20:23:59,838 - INFO - response: https://duckduckgo.com/i.js?l=wt-wt&o=json&q=African+Journal+of+Education%2C+Science+and+Technology&vqd=4-296903480311141526781357180986985240392&f=%2C%2C%2C%2C%2C&p=1 200 60197
2025-01-28 20:23:59,842 - INFO - Found valid image for African Journal of Education, Science and Technology: https://ajest.info/public/journals/1/cover_issue_33_en_US.jpg
2025-01-28 20:24:02,443 - INFO - Image saved for journal: African Journal of Education, Science and Technology
2025-01-28 20:24:05,045 - INFO - response: https://duckduckgo.com/?q=african-journal-of-emergency-medicine 200 19509
2025-01-28 20:24:07,406 - INFO - response: https://duckduckgo.com/i.js?l=wt-wt&o=json&q=african-journal-of-emergency-medicine&vqd=4-42948745798952137079970640088982878008&f=%2C%2C%2C%2C%2C&p=1 200 57827
2025-01-28 20:24:07,410 - INFO - Found valid image for african-journal-of-emergency-medicine: https://secure-ecsd.elsevier.com/covers/80/Tango2/large/2211419X.jpg
2025-01-28 20:24:08,366 - INFO - Image saved for journal: african-journal-of-emergency-medicine
2025-01-28 20:24:10,984 - INFO - response: https://duckduckgo.com/?q=African+Journal+of+Emergency+Medicine 200 19512
2025-01-28 20:24:13,044 - INFO - response: https://duckduckgo.com/i.js?l=wt-wt&o=json&q=African+Journal+of+Emergency+Medicine&vqd=4-151153515594021553977181254642460456284&f=%2C%2C%2C%2C%2C&p=1 200 57785
2025-01-28 20:24:13,048 - INFO - Found valid image for African Journal of Emergency Medicine: https://secure-ecsd.elsevier.com/covers/80/Tango2/large/2211419X.jpg
2025-01-28 20:24:13,258 - INFO - Image saved for journal: African Journal of Emergency Medicine
2025-01-28 20:24:15,904 - INFO - response: https://duckduckgo.com/?q=African+Journal+of+Empirical+Research 200 19512
2025-01-28 20:24:17,959 - INFO - response: https://duckduckgo.com/i.js?l=wt-wt&o=json&q=African+Journal+of+Empirical+Research&vqd=4-117980028453335787278438495938864170785&f=%2C%2C%2C%2C%2C&p=1 200 64235
2025-01-28 20:24:17,962 - INFO - Found valid image for African Journal of Empirical Research: https://www.ajol.info/public/journals/642/homepageImage_en_US.jpg
2025-01-28 20:24:19,391 - INFO - Image saved for journal: African Journal of Empirical Research
2025-01-28 20:24:21,940 - INFO - response: https://duckduckgo.com/?q=African+Journal+of+Employee+Relations 200 19512
2025-01-28 20:24:24,199 - INFO - response: https://duckduckgo.com/i.js?l=wt-wt&o=json&q=African+Journal+of+Employee+Relations&vqd=4-280353962823589255830983433844209661978&f=%2C%2C%2C%2C%2C&p=1 200 60091
2025-01-28 20:24:24,203 - INFO - Found valid image for African Journal of Employee Relations: https://journals.co.za/cms/asset/201ba2cc-4548-43bc-803d-b0e8c2e538f9/default_cover.jpg
2025-01-28 20:24:24,294 - WARNING - Failed to download image for journal: African Journal of Employee Relations - Status code: 403
2025-01-28 20:24:26,959 - INFO - response: https://duckduckgo.com/?q=African+Journal+of+Endocrinology+and+Metabolism 200 19730
2025-01-28 20:24:29,825 - INFO - response: https://duckduckgo.com/i.js?l=wt-wt&o=json&q=African+Journal+of+Endocrinology+and+Metabolism&vqd=4-183169542139136086654118355367176433860&f=%2C%2C%2C%2C%2C&p=1 200 57307
2025-01-28 20:24:29,828 - INFO - Found valid image for African Journal of Endocrinology and Metabolism: https://medpharm.co.za/wp-content/uploads/2023/03/Journal-Cover_Online-2.jpg
2025-01-28 20:24:31,435 - INFO - Image saved for journal: African Journal of Endocrinology and Metabolism
2025-01-28 20:24:33,933 - INFO - response: https://duckduckgo.com/?q=African+Journal+of+Enology 200 19273
2025-01-28 20:24:36,078 - INFO - response: https://duckduckgo.com/i.js?l=wt-wt&o=json&q=African+Journal+of+Enology&vqd=4-80526129651620367234454239945783671557&f=%2C%2C%2C%2C%2C&p=1 200 57323
2025-01-28 20:24:36,081 - INFO - Found valid image for African Journal of Enology: https://www.journals.ac.za/public/journals/21/cover_issue_399_en_US.png
2025-01-28 20:24:45,118 - INFO - Image saved for journal: African Journal of Enology
2025-01-28 20:24:47,744 - INFO - response: https://duckduckgo.com/?q=African+Journal+of+Entrepreneurship+and+Innovations+%28AJeIN%29 200 19892
2025-01-28 20:24:49,795 - INFO - response: https://duckduckgo.com/i.js?l=wt-wt&o=json&q=African+Journal+of+Entrepreneurship+and+Innovations+%28AJeIN%29&vqd=4-254728875079106777233764650677804437866&f=%2C%2C%2C%2C%2C&p=1 200 60152
2025-01-28 20:24:49,798 - INFO - Found valid image for African Journal of Entrepreneurship and Innovations (AJeIN): https://uonjournals.uonbi.ac.ke/ojs/public/journals/25/cover_issue_269_en_US.jpg
2025-01-28 20:24:50,088 - INFO - Image saved for journal: African Journal of Entrepreneurship and Innovations (AJeIN)
2025-01-28 20:24:52,667 - INFO - response: https://duckduckgo.com/?q=African+Journal+of+Environmental+Science+and+Technology 200 19836
2025-01-28 20:24:54,817 - INFO - response: https://duckduckgo.com/i.js?l=wt-wt&o=json&q=African+Journal+of+Environmental+Science+and+Technology&vqd=4-11324331236383892139378022455052366733&f=%2C%2C%2C%2C%2C&p=1 200 68377
2025-01-28 20:24:54,821 - INFO - Found valid image for African Journal of Environmental Science and Technology: http://www.speciation.net/md/000/005/271/th_Afr_J_Env_Sci_Technol.jpg
2025-01-28 20:24:57,107 - INFO - Image saved for journal: African Journal of Environmental Science and Technology
2025-01-28 20:24:59,699 - INFO - response: https://duckduckgo.com/?q=African+Journal+of+Farm+Child+and+Youth+Development 200 19806
2025-01-28 20:25:01,885 - INFO - response: https://duckduckgo.com/i.js?l=wt-wt&o=json&q=African+Journal+of+Farm+Child+and+Youth+Development&vqd=4-276835692387937984522794939033631294509&f=%2C%2C%2C%2C%2C&p=1 200 65869
2025-01-28 20:25:01,888 - INFO - Found valid image for African Journal of Farm Child and Youth Development: https://journals.co.za/cms/asset/6e3a955e-3250-4df1-8d21-8230523405b9/default_cover.jpg
2025-01-28 20:25:01,989 - WARNING - Failed to download image for journal: African Journal of Farm Child and Youth Development - Status code: 403
2025-01-28 20:25:04,656 - INFO - response: https://duckduckgo.com/?q=African+Journal+of+Finance+and+Management 200 19574
2025-01-28 20:25:06,690 - INFO - response: https://duckduckgo.com/i.js?l=wt-wt&o=json&q=African+Journal+of+Finance+and+Management&vqd=4-135785122913399684398741822308307367741&f=%2C%2C%2C%2C%2C&p=1 200 59237
2025-01-28 20:25:06,694 - INFO - Found valid image for African Journal of Finance and Management: https://www.ajol.info/public/journals/148/homepageImage.gif
2025-01-28 20:25:07,778 - INFO - Image saved for journal: African Journal of Finance and Management
2025-01-28 20:25:10,383 - INFO - response: https://duckduckgo.com/?q=African+Journal+of+Food%2C+Agriculture%2C+Nutrition+and+Development 200 27284
2025-01-28 20:25:12,429 - INFO - response: https://duckduckgo.com/i.js?l=wt-wt&o=json&q=African+Journal+of+Food%2C+Agriculture%2C+Nutrition+and+Development&vqd=4-267210063272657026681241457825526465647&f=%2C%2C%2C%2C%2C&p=1 200 61873
2025-01-28 20:25:12,432 - INFO - Found valid image for African Journal of Food, Agriculture, Nutrition and Development: https://www.ajol.info/public/journals/110/homepageImage.jpg
2025-01-28 20:25:13,457 - INFO - Image saved for journal: African Journal of Food, Agriculture, Nutrition and Development
2025-01-28 20:25:16,120 - INFO - response: https://duckduckgo.com/?q=African+Journal+of+Food%2CAgriculture%2CNutrition+and+Development 200 20014
2025-01-28 20:25:18,162 - INFO - response: https://duckduckgo.com/i.js?l=wt-wt&o=json&q=African+Journal+of+Food%2CAgriculture%2CNutrition+and+Development&vqd=4-137714963637915053976845180294050864215&f=%2C%2C%2C%2C%2C&p=1 200 62326
2025-01-28 20:25:18,166 - INFO - Found valid image for African Journal of Food,Agriculture,Nutrition and Development: https://www.ajol.info/public/journals/110/homepageImage.jpg
2025-01-28 20:25:19,191 - INFO - Image saved for journal: African Journal of Food,Agriculture,Nutrition and Development
2025-01-28 20:25:21,695 - INFO - response: https://duckduckgo.com/?q=African+Journal+of+Food+and+Nutritional+Security 200 19752
2025-01-28 20:25:23,789 - INFO - response: https://duckduckgo.com/i.js?l=wt-wt&o=json&q=African+Journal+of+Food+and+Nutritional+Security&vqd=4-40621466500407671757415903581426787056&f=%2C%2C%2C%2C%2C&p=1 200 56599
2025-01-28 20:25:23,792 - INFO - Found valid image for African Journal of Food and Nutritional Security: https://najfnr.com/public/journals/1/submission_114_114_coverImage_en_US.jpg
2025-01-28 20:25:26,088 - INFO - Image saved for journal: African Journal of Food and Nutritional Security
2025-01-28 20:25:29,027 - INFO - response: https://duckduckgo.com/?q=African+Journal+of+Gastroenterology+and+Hepatology 200 19762
2025-01-28 20:25:31,248 - INFO - response: https://duckduckgo.com/i.js?l=wt-wt&o=json&q=African+Journal+of+Gastroenterology+and+Hepatology&vqd=4-14266037823806919985225224301698648662&f=%2C%2C%2C%2C%2C&p=1 200 53812
2025-01-28 20:25:31,251 - INFO - Found valid image for African Journal of Gastroenterology and Hepatology: https://ajgh.journals.ekb.eg/data/ajgh/coversheet/cover_en.jpg
2025-01-28 20:25:33,483 - INFO - Image saved for journal: African Journal of Gastroenterology and Hepatology
2025-01-28 20:25:36,295 - INFO - response: https://duckduckgo.com/?q=African+Journal+of+Gender%2C+Society+and+Development+%28formerly+Journal+of+Gender%2C+Information+and+Development+in+Africa%29 200 21099
2025-01-28 20:25:38,433 - INFO - response: https://duckduckgo.com/i.js?l=wt-wt&o=json&q=African+Journal+of+Gender%2C+Society+and+Development+%28formerly+Journal+of+Gender%2C+Information+and+Development+in+Africa%29&vqd=4-273995722285847005062209104907767354191&f=%2C%2C%2C%2C%2C&p=1 200 55789
2025-01-28 20:25:38,437 - INFO - Found valid image for African Journal of Gender, Society and Development (formerly Journal of Gender, Information and Development in Africa): https://journals.co.za/cms/asset/1b7edf60-9410-45fd-81bf-42a21ec62625/default_cover.jpg
2025-01-28 20:25:38,569 - WARNING - Failed to download image for journal: African Journal of Gender, Society and Development (formerly Journal of Gender, Information and Development in Africa) - Status code: 403
2025-01-28 20:25:41,168 - INFO - response: https://duckduckgo.com/?q=African+Journal+of+Governance+and+Development 200 19707
2025-01-28 20:25:43,248 - INFO - response: https://duckduckgo.com/i.js?l=wt-wt&o=json&q=African+Journal+of+Governance+and+Development&vqd=4-131654945877404659318256310360411951359&f=%2C%2C%2C%2C%2C&p=1 200 57663
2025-01-28 20:25:43,251 - INFO - Found valid image for African Journal of Governance and Development: https://ajgd.journalofgovernance.com/public/journals/1/homepageImage_en.jpg
2025-01-28 20:25:44,900 - WARNING - Failed to download image for journal: African Journal of Governance and Development - Status code: 406
2025-01-28 20:25:47,659 - INFO - response: https://duckduckgo.com/?q=African+Journal+of+Health+Economics 200 19484
2025-01-28 20:25:49,697 - INFO - response: https://duckduckgo.com/i.js?l=wt-wt&o=json&q=African+Journal+of+Health+Economics&vqd=4-18038127066602362779760809743063413093&f=%2C%2C%2C%2C%2C&p=1 200 55274
2025-01-28 20:25:49,701 - INFO - Found valid image for African Journal of Health Economics: http://www.unn.edu.ng/wp-content/uploads/2015/12/AJHE-215x300.jpg
2025-01-28 20:25:51,527 - INFO - Image saved for journal: African Journal of Health Economics
2025-01-28 20:25:54,204 - INFO - response: https://duckduckgo.com/?q=African+Journal+of+Health+Issues 200 19449
2025-01-28 20:25:56,459 - INFO - response: https://duckduckgo.com/i.js?l=wt-wt&o=json&q=African+Journal+of+Health+Issues&vqd=4-89590863233026037188841982388693144825&f=%2C%2C%2C%2C%2C&p=1 200 54819
2025-01-28 20:25:56,460 - INFO - Found valid image for African Journal of Health Issues: https://www.afjhms.com/public/journals/1/cover_issue_2_en_US.jpg
2025-01-28 20:25:58,490 - INFO - Image saved for journal: African Journal of Health Issues
2025-01-28 20:26:01,371 - INFO - response: https://duckduckgo.com/?q=African+Journal+of+Health+Professions+Education 200 19730
2025-01-28 20:26:03,416 - INFO - response: https://duckduckgo.com/i.js?l=wt-wt&o=json&q=African+Journal+of+Health+Professions+Education&vqd=4-217127559076858412638084814892480763579&f=%2C%2C%2C%2C%2C&p=1 200 59768
2025-01-28 20:26:03,420 - INFO - Found valid image for African Journal of Health Professions Education: https://journals.co.za/cms/asset/1f81b394-45ce-45d8-901b-7f714e26238b/m.ajhpe.v14.n1.cover.jpg
2025-01-28 20:26:03,538 - WARNING - Failed to download image for journal: African Journal of Health Professions Education - Status code: 403
2025-01-28 20:26:06,183 - INFO - response: https://duckduckgo.com/?q=African+Journal+of+Health+Professions+Education 200 19730
2025-01-28 20:26:08,238 - INFO - response: https://duckduckgo.com/i.js?l=wt-wt&o=json&q=African+Journal+of+Health+Professions+Education&vqd=4-217127559076858412638084814892480763579&f=%2C%2C%2C%2C%2C&p=1 200 59768
2025-01-28 20:26:08,241 - INFO - Found valid image for African Journal of Health Professions Education: https://journals.co.za/cms/asset/1f81b394-45ce-45d8-901b-7f714e26238b/m.ajhpe.v14.n1.cover.jpg
2025-01-28 20:26:08,321 - WARNING - Failed to download image for journal: African Journal of Health Professions Education - Status code: 403
2025-01-28 20:26:11,105 - INFO - response: https://duckduckgo.com/?q=African+journal+of+Health+Proffessions+education 200 19738
2025-01-28 20:26:13,148 - INFO - response: https://duckduckgo.com/i.js?l=wt-wt&o=json&q=African+journal+of+Health+Proffessions+education&vqd=4-27867179295425170437292242201858644149&f=%2C%2C%2C%2C%2C&p=1 200 58506
2025-01-28 20:26:13,151 - INFO - Found valid image for African journal of Health Proffessions education: https://journals.co.za/cms/asset/1f81b394-45ce-45d8-901b-7f714e26238b/m.ajhpe.v14.n1.cover.jpg
2025-01-28 20:26:13,239 - WARNING - Failed to download image for journal: African journal of Health Proffessions education - Status code: 403
2025-01-28 20:26:15,819 - INFO - response: https://duckduckgo.com/?q=African+Journal+of+Health+Sciences 200 25737
2025-01-28 20:26:17,985 - INFO - response: https://duckduckgo.com/i.js?l=wt-wt&o=json&q=African+Journal+of+Health+Sciences&vqd=4-161530699938370593727381314303502066128&f=%2C%2C%2C%2C%2C&p=1 200 55734
2025-01-28 20:26:17,988 - INFO - Found valid image for African Journal of Health Sciences: https://ojs.ajhsjournal.or.ke/public/journals/1/homepageImage_en_US.png
2025-01-28 20:26:20,475 - INFO - Image saved for journal: African Journal of Health Sciences
2025-01-28 20:26:23,053 - INFO - response: https://duckduckgo.com/?q=African+Journal+of+Herpetology 200 26805
2025-01-28 20:26:25,129 - INFO - response: https://duckduckgo.com/i.js?l=wt-wt&o=json&q=African+Journal+of+Herpetology&vqd=4-113169195909877210466544393134152483186&f=%2C%2C%2C%2C%2C&p=1 200 59778
2025-01-28 20:26:25,132 - INFO - Found valid image for African Journal of Herpetology: https://www.tandfonline.com/cms/asset/b6ca5861-7640-4b5b-ab3d-e8651aac1082/ther20.v072.i02.cover.jpg
2025-01-28 20:26:25,210 - WARNING - Failed to download image for journal: African Journal of Herpetology - Status code: 403
2025-01-28 20:26:27,897 - INFO - response: https://duckduckgo.com/?q=African+Journal+of+Hospitality%2CTourism+and+Leisure 200 19782
2025-01-28 20:26:29,941 - INFO - response: https://duckduckgo.com/i.js?l=wt-wt&o=json&q=African+Journal+of+Hospitality%2CTourism+and+Leisure&vqd=4-234448157637151331164560317675611242139&f=%2C%2C%2C%2C%2C&p=1 200 66609
2025-01-28 20:26:29,944 - INFO - Found valid image for African Journal of Hospitality,Tourism and Leisure: https://i1.rgstatic.net/publication/348035927_African_Journal_of_Hospitality_Tourism_and_Leisure_ISSN_2223-814X_The_Nature_of_Cultural_and_Heritage_Tourism_in_Greater_Polokwane_Limpopo_South_Africa/links/5fed9ed2a6fdccdcb81b5e76/largepreview.png
2025-01-28 20:26:30,965 - INFO - Image saved for journal: African Journal of Hospitality,Tourism and Leisure
2025-01-28 20:26:33,636 - INFO - response: https://duckduckgo.com/?q=African+Journal+of+Infectious+Diseases 200 26238
2025-01-28 20:26:35,779 - INFO - response: https://duckduckgo.com/i.js?l=wt-wt&o=json&q=African+Journal+of+Infectious+Diseases&vqd=4-192556407897311990377545616286124312512&f=%2C%2C%2C%2C%2C&p=1 200 61191
2025-01-28 20:26:35,783 - INFO - Found valid image for African Journal of Infectious Diseases: https://www.internationalscholarsjournals.com/admin/flyers/african-journal-of-infectious-diseases-research-flyer.JPG
2025-01-28 20:26:36,837 - INFO - Image saved for journal: African Journal of Infectious Diseases
2025-01-28 20:26:39,068 - INFO - response: https://duckduckgo.com/?q=African+Journal+of+Infectious+Diseases+Research 200 19731
2025-01-28 20:26:41,220 - INFO - response: https://duckduckgo.com/i.js?l=wt-wt&o=json&q=African+Journal+of+Infectious+Diseases+Research&vqd=4-212261541931588617718285546576199517199&f=%2C%2C%2C%2C%2C&p=1 200 58599
2025-01-28 20:26:41,223 - INFO - Found valid image for African Journal of Infectious Diseases Research: https://www.internationalscholarsjournals.com/admin/flyers/african-journal-of-infectious-diseases-research-flyer.JPG
2025-01-28 20:26:41,696 - INFO - Image saved for journal: African Journal of Infectious Diseases Research
2025-01-28 20:26:44,159 - INFO - response: https://duckduckgo.com/?q=African+Journal+of+Inter-multidisciplinary+Studies 200 19762
2025-01-28 20:26:46,017 - INFO - response: https://duckduckgo.com/i.js?l=wt-wt&o=json&q=African+Journal+of+Inter-multidisciplinary+Studies&vqd=4-55273959367332976148982999139109713855&f=%2C%2C%2C%2C%2C&p=1 200 55100
2025-01-28 20:26:46,020 - INFO - Found valid image for African Journal of Inter-multidisciplinary Studies: https://journals.co.za/cms/asset/3d3c8d9e-0a56-472c-a118-0db632163c70/ajims.v2.n1.cover.jpg
2025-01-28 20:26:46,222 - WARNING - Failed to download image for journal: African Journal of Inter-multidisciplinary Studies - Status code: 403
2025-01-28 20:26:48,606 - INFO - response: https://duckduckgo.com/?q=African+Journal+of+Inter%2FMultidisciplinary+Studies 200 19769
2025-01-28 20:26:50,511 - INFO - response: https://duckduckgo.com/i.js?l=wt-wt&o=json&q=African+Journal+of+Inter%2FMultidisciplinary+Studies&vqd=4-194606603510121948325348655932486491769&f=%2C%2C%2C%2C%2C&p=1 200 55103
2025-01-28 20:26:50,515 - INFO - Found valid image for African Journal of Inter/Multidisciplinary Studies: https://journals.co.za/cms/asset/3d3c8d9e-0a56-472c-a118-0db632163c70/ajims.v2.n1.cover.jpg
2025-01-28 20:26:50,610 - WARNING - Failed to download image for journal: African Journal of Inter/Multidisciplinary Studies - Status code: 403
2025-01-28 20:26:52,878 - INFO - response: https://duckduckgo.com/?q=African+Journal+of+International+Affairs+and+Development 200 27199
2025-01-28 20:26:54,792 - INFO - response: https://duckduckgo.com/i.js?l=wt-wt&o=json&q=African+Journal+of+International+Affairs+and+Development&vqd=4-43824093911421870238801771034578740103&f=%2C%2C%2C%2C%2C&p=1 200 58751
2025-01-28 20:26:54,797 - INFO - Found valid image for African Journal of International Affairs and Development: https://journals.lcu.edu.ng/public/journals/1/cover_issue_52_en.jpg
2025-01-28 20:26:55,953 - ERROR - Error saving image for journal African Journal of International Affairs and Development: HTTPSConnectionPool(host='journals.lcu.edu.ng', port=443): Max retries exceeded with url: /public/journals/1/cover_issue_52_en.jpg (Caused by SSLError(SSLCertVerificationError(1, '[SSL: CERTIFICATE_VERIFY_FAILED] certificate verify failed: certificate has expired (_ssl.c:1018)')))
2025-01-28 20:26:58,210 - INFO - response: https://duckduckgo.com/?q=African+Journal+of+Laboratory+Haematology+and+Transfusion+Science 200 20058
2025-01-28 20:27:00,267 - INFO - response: https://duckduckgo.com/i.js?l=wt-wt&o=json&q=African+Journal+of+Laboratory+Haematology+and+Transfusion+Science&vqd=4-190645871280971093300598204963160172118&f=%2C%2C%2C%2C%2C&p=1 200 61010
2025-01-28 20:27:00,270 - INFO - Found valid image for African Journal of Laboratory Haematology and Transfusion Science: https://www.nigerianmedlabscientist.com.ng/wp-content/uploads/2023/07/African-journal-of-laboratory-haematology-and-transfusion-science.jpg
2025-01-28 20:27:02,973 - INFO - Image saved for journal: African Journal of Laboratory Haematology and Transfusion Science
2025-01-28 20:27:05,380 - INFO - response: https://duckduckgo.com/?q=African+Journal+of+Laboratory+Medicine 200 19524
2025-01-28 20:27:07,318 - INFO - response: https://duckduckgo.com/i.js?l=wt-wt&o=json&q=African+Journal+of+Laboratory+Medicine&vqd=4-165047721520582507636839773832558247331&f=%2C%2C%2C%2C%2C&p=1 200 62007
2025-01-28 20:27:07,322 - INFO - Found valid image for African Journal of Laboratory Medicine: https://aosis.co.za/wp-content/uploads/2023/09/Publish-with-AJLM_Impact-Factor_Why-publish-with-us_V2-1.jpg
2025-01-28 20:27:09,737 - INFO - Image saved for journal: African Journal of Laboratory Medicine
2025-01-28 20:27:12,042 - INFO - response: https://duckduckgo.com/?q=African+Journal+of+Laboratory.Medicine 200 19510
2025-01-28 20:27:14,076 - INFO - response: https://duckduckgo.com/i.js?l=wt-wt&o=json&q=African+Journal+of+Laboratory.Medicine&vqd=4-100276930070584277150280590062694104599&f=%2C%2C%2C%2C%2C&p=1 200 62395
2025-01-28 20:27:14,079 - INFO - Found valid image for African Journal of Laboratory.Medicine: https://aosis.co.za/wp-content/uploads/2023/09/Publish-with-AJLM_Impact-Factor_Why-publish-with-us_V2-1.jpg
2025-01-28 20:27:15,881 - INFO - Image saved for journal: African Journal of Laboratory.Medicine
2025-01-28 20:27:18,180 - INFO - response: https://duckduckgo.com/?q=African+Journal+of+Library%2C+Archives+and+Information+Science 200 26827
2025-01-28 20:27:20,431 - INFO - response: https://duckduckgo.com/i.js?l=wt-wt&o=json&q=African+Journal+of+Library%2C+Archives+and+Information+Science&vqd=4-166485730719839173143169969145297081647&f=%2C%2C%2C%2C%2C&p=1 200 60607
2025-01-28 20:27:20,435 - INFO - Found valid image for African Journal of Library, Archives and Information Science: https://www.ajol.info/public/journals/158/homepageImage.gif
2025-01-28 20:27:21,814 - INFO - Image saved for journal: African Journal of Library, Archives and Information Science
2025-01-28 20:27:24,115 - INFO - response: https://duckduckgo.com/?q=African+Journal+of+Livestock+Extension 200 19524
2025-01-28 20:27:26,064 - INFO - response: https://duckduckgo.com/i.js?l=wt-wt&o=json&q=African+Journal+of+Livestock+Extension&vqd=4-210897041982180266092987507297465996464&f=%2C%2C%2C%2C%2C&p=1 200 63142
2025-01-28 20:27:26,068 - INFO - Found valid image for African Journal of Livestock Extension: https://www.ajol.info/public/journals/2/homepageImage.jpg
2025-01-28 20:27:27,017 - INFO - Image saved for journal: African Journal of Livestock Extension
2025-01-28 20:27:29,241 - INFO - response: https://duckduckgo.com/?q=African+Journal+of+Management+Research 200 19512
2025-01-28 20:27:31,074 - INFO - response: https://duckduckgo.com/i.js?l=wt-wt&o=json&q=African+Journal+of+Management+Research&vqd=4-510554573772882228275451127901570639&f=%2C%2C%2C%2C%2C&p=1 200 61716
2025-01-28 20:27:31,078 - INFO - Found valid image for African Journal of Management Research: https://journals.ug.edu.gh/public/journals/3/homepageImage_en_US.png
2025-01-28 20:27:34,678 - INFO - Image saved for journal: African Journal of Management Research
2025-01-28 20:27:36,931 - INFO - response: https://duckduckgo.com/?q=African+Journal+of+Marine+Science 200 27083
2025-01-28 20:27:38,857 - INFO - response: https://duckduckgo.com/i.js?l=wt-wt&o=json&q=African+Journal+of+Marine+Science&vqd=4-14198251005299908745241010957917854699&f=%2C%2C%2C%2C%2C&p=1 200 55091
2025-01-28 20:27:38,860 - INFO - Found valid image for African Journal of Marine Science: https://www.ajol.info/public/journals/230/homepageImage_en_US.jpg
2025-01-28 20:27:40,035 - INFO - Image saved for journal: African Journal of Marine Science
2025-01-28 20:27:42,544 - INFO - response: https://duckduckgo.com/?q=African+Journal+of+Medical+Practice 200 19488
2025-01-28 20:27:44,486 - INFO - response: https://duckduckgo.com/i.js?l=wt-wt&o=json&q=African+Journal+of+Medical+Practice&vqd=4-133297129814295413441577257077267651663&f=%2C%2C%2C%2C%2C&p=1 200 54294
2025-01-28 20:27:44,490 - INFO - Found valid image for African Journal of Medical Practice: https://www.abbreviationfinder.org/images/entry_pdf/aj/mp/ajmp_african-journal-of-medical-practice.png
2025-01-28 20:27:46,168 - INFO - Image saved for journal: African Journal of Medical Practice
2025-01-28 20:27:48,487 - INFO - response: https://duckduckgo.com/?q=African+Journal+of+Medicine+and+Medical+Sciences 200 19752
2025-01-28 20:27:50,425 - INFO - response: https://duckduckgo.com/i.js?l=wt-wt&o=json&q=African+Journal+of+Medicine+and+Medical+Sciences&vqd=4-25396154628428293764689530917897146671&f=%2C%2C%2C%2C%2C&p=1 200 57493
2025-01-28 20:27:50,429 - INFO - Found valid image for African Journal of Medicine and Medical Sciences: https://speciation.net/md/000/004/545/th_ajmms.jpg
2025-01-28 20:27:51,615 - INFO - Image saved for journal: African Journal of Medicine and Medical Sciences
2025-01-28 20:27:54,024 - INFO - response: https://duckduckgo.com/?q=African+Journal+of+Medicine+and+Medical+Sciences 200 19752
2025-01-28 20:27:55,926 - INFO - response: https://duckduckgo.com/i.js?l=wt-wt&o=json&q=African+Journal+of+Medicine+and+Medical+Sciences&vqd=4-25396154628428293764689530917897146671&f=%2C%2C%2C%2C%2C&p=1 200 57493
2025-01-28 20:27:55,932 - INFO - Found valid image for African Journal of Medicine and Medical Sciences: https://speciation.net/md/000/004/545/th_ajmms.jpg
2025-01-28 20:27:57,117 - INFO - Image saved for journal: African Journal of Medicine and Medical Sciences
2025-01-28 20:27:59,404 - INFO - response: https://duckduckgo.com/?q=African+Journal+of+Midwifery+and+Women%27s+Health+%28AJM%29 200 19870
2025-01-28 20:28:01,399 - INFO - response: https://duckduckgo.com/i.js?l=wt-wt&o=json&q=African+Journal+of+Midwifery+and+Women%27s+Health+%28AJM%29&vqd=4-318739637457374679240616843970707666470&f=%2C%2C%2C%2C%2C&p=1 200 55670
2025-01-28 20:28:01,402 - INFO - Found valid image for African Journal of Midwifery and Women's Health (AJM): https://www.isubscribe.co.uk/images/covers/uk/13051/37591/large/African-Journal-of-Midwifery-and--May-2022.jpg
2025-01-28 20:28:02,961 - INFO - Image saved for journal: African Journal of Midwifery and Women's Health (AJM)
2025-01-28 20:28:05,289 - INFO - response: https://duckduckgo.com/?q=African+Journal+of+Nephrology 200 19398
2025-01-28 20:28:07,428 - INFO - response: https://duckduckgo.com/i.js?l=wt-wt&o=json&q=African+Journal+of+Nephrology&vqd=4-49911455149954735648013528370857020180&f=%2C%2C%2C%2C%2C&p=1 200 57737
2025-01-28 20:28:07,432 - INFO - Found valid image for African Journal of Nephrology: https://i1.rgstatic.net/publication/362806308_Renal_palliative_and_supportive_care_in_South_Africa_-_a_consensus_statement_african_Journal_of_nephrology/links/630001bbceb9764f720d17ab/largepreview.png
2025-01-28 20:28:08,297 - INFO - Image saved for journal: African Journal of Nephrology
2025-01-28 20:28:10,714 - INFO - response: https://duckduckgo.com/?q=African+Journal+of+Neurological+Sciences 200 26653
2025-01-28 20:28:13,583 - INFO - response: https://duckduckgo.com/i.js?l=wt-wt&o=json&q=African+Journal+of+Neurological+Sciences&vqd=4-209881031060641800934190795705928737805&f=%2C%2C%2C%2C%2C&p=1 200 56104
2025-01-28 20:28:13,587 - INFO - Found valid image for African Journal of Neurological Sciences: https://s1.studylibfr.com/store/data/001024266_1-d22ca91c3c3ab17ccad2ef5beeee5260-768x994.png
2025-01-28 20:28:15,360 - INFO - Image saved for journal: African Journal of Neurological Sciences
2025-01-28 20:28:17,667 - INFO - response: https://duckduckgo.com/?q=African+Journal+of+Nursing+and+Midwifery 200 19562
2025-01-28 20:28:19,515 - INFO - response: https://duckduckgo.com/i.js?l=wt-wt&o=json&q=African+Journal+of+Nursing+and+Midwifery&vqd=4-157844834226115946949861365084018583435&f=%2C%2C%2C%2C%2C&p=1 200 66200
2025-01-28 20:28:19,518 - INFO - Found valid image for African Journal of Nursing and Midwifery: https://i1.rgstatic.net/publication/273765479_Africa_Journal_of_Nursing_and_Midwifery_Cover/links/550b6a360cf265693cef7935/largepreview.png
2025-01-28 20:28:20,275 - INFO - Image saved for journal: African Journal of Nursing and Midwifery
2025-01-28 20:28:22,786 - INFO - response: https://duckduckgo.com/?q=African+Journal+of+Operations+and+Management+Science+%28AJOMAS%29 200 20014
2025-01-28 20:28:25,142 - INFO - response: https://duckduckgo.com/i.js?l=wt-wt&o=json&q=African+Journal+of+Operations+and+Management+Science+%28AJOMAS%29&vqd=4-141953889493662579799677107014286422966&f=%2C%2C%2C%2C%2C&p=1 200 56924
2025-01-28 20:28:25,146 - INFO - Found valid image for African Journal of Operations and Management Science (AJOMAS): https://onlinelibrary.wiley.com/pb-assets/assets/18731317/JOM+Open+Research+Badges-1617220067380.jpg
2025-01-28 20:28:25,592 - WARNING - Failed to download image for journal: African Journal of Operations and Management Science (AJOMAS) - Status code: 403
2025-01-28 20:28:27,809 - INFO - response: https://duckduckgo.com/?q=African+Journal+of+Oral+Health 200 19428
2025-01-28 20:28:29,647 - INFO - response: https://duckduckgo.com/i.js?l=wt-wt&o=json&q=African+Journal+of+Oral+Health&vqd=4-185973923676370311466159340273445390572&f=%2C%2C%2C%2C%2C&p=1 200 56880
2025-01-28 20:28:29,651 - INFO - Found valid image for African Journal of Oral Health: https://ajoh.oauife.edu.ng/public/journals/1/cover_issue_18_en_US.jpg
2025-01-28 20:28:31,522 - INFO - Image saved for journal: African Journal of Oral Health
2025-01-28 20:28:33,748 - INFO - response: https://duckduckgo.com/?q=African+Journal+of+Oral+Health+Sciences 200 19551
2025-01-28 20:28:35,689 - INFO - response: https://duckduckgo.com/i.js?l=wt-wt&o=json&q=African+Journal+of+Oral+Health+Sciences&vqd=4-299067166959385529508919053047243107873&f=%2C%2C%2C%2C%2C&p=1 200 55279
2025-01-28 20:28:35,692 - INFO - Found valid image for African Journal of Oral Health Sciences: https://academicjournals.org/banners/journal1629450726_AJOHS.png
2025-01-28 20:28:37,943 - INFO - Image saved for journal: African Journal of Oral Health Sciences
2025-01-28 20:28:40,721 - INFO - response: https://duckduckgo.com/?q=African+Journal+of+Paediatric+Nephrology 200 19547
2025-01-28 20:28:43,385 - INFO - response: https://duckduckgo.com/i.js?l=wt-wt&o=json&q=African+Journal+of+Paediatric+Nephrology&vqd=4-207677993518884464401591707570929600820&f=%2C%2C%2C%2C%2C&p=1 200 57914
2025-01-28 20:28:43,388 - INFO - Found valid image for African Journal of Paediatric Nephrology: https://www.ajol.info/public/journals/558/homepageImage_en_US.jpg
2025-01-28 20:28:45,282 - INFO - Image saved for journal: African Journal of Paediatric Nephrology
2025-01-28 20:28:47,882 - INFO - response: https://duckduckgo.com/?q=African+Journal+of+Paediatric+Surgery 200 26969
2025-01-28 20:28:49,691 - INFO - response: https://duckduckgo.com/i.js?l=wt-wt&o=json&q=African+Journal+of+Paediatric+Surgery&vqd=4-263513017000979250219640039790346498192&f=%2C%2C%2C%2C%2C&p=1 200 57539
2025-01-28 20:28:49,694 - INFO - Found valid image for African Journal of Paediatric Surgery: https://i1.rgstatic.net/publication/371400833_African_Journal_of_Paediatric_Surgery/links/6481f96dd702370600dc280e/largepreview.png
2025-01-28 20:28:50,419 - INFO - Image saved for journal: African Journal of Paediatric Surgery
2025-01-28 20:28:52,794 - INFO - response: https://duckduckgo.com/?q=African+Journal+of+Pathology+and+Microbiology 200 19706
2025-01-28 20:28:54,741 - INFO - response: https://duckduckgo.com/i.js?l=wt-wt&o=json&q=African+Journal+of+Pathology+and+Microbiology&vqd=4-209137409283346762229340924503849592961&f=%2C%2C%2C%2C%2C&p=1 200 56773
2025-01-28 20:28:54,744 - INFO - Found valid image for African Journal of Pathology and Microbiology: https://i1.rgstatic.net/publication/316788078_African_Journal_of_Microbiology_Research_Prevalence_and_antibiotics_resistance_patterns_of_Salmonella_isolated_from_kitchen_sponges_at_Jimma_town_Ethiopia/links/59119c140f7e9bfa06def7ab/largepreview.png
2025-01-28 20:28:55,676 - INFO - Image saved for journal: African Journal of Pathology and Microbiology
2025-01-28 20:28:57,915 - INFO - response: https://duckduckgo.com/?q=African+Journal+of+Peace+and+Conflict+Studies+%28formerly+Ubuntu+%3A+Journal+of+Conflict+and+Social+Transformation%29 200 20999
2025-01-28 20:28:59,860 - INFO - response: https://duckduckgo.com/i.js?l=wt-wt&o=json&q=African+Journal+of+Peace+and+Conflict+Studies+%28formerly+Ubuntu+%3A+Journal+of+Conflict+and+Social+Transformation%29&vqd=4-334026455698759833151345976483729648061&f=%2C%2C%2C%2C%2C&p=1 200 56987
2025-01-28 20:28:59,861 - INFO - Found valid image for African Journal of Peace and Conflict Studies (formerly Ubuntu : Journal of Conflict and Social Transformation): https://journals.co.za/pb-assets/productImages/aa.ubuntu1_cover-1603397910913.jpg
2025-01-28 20:29:00,448 - INFO - Image saved for journal: African Journal of Peace and Conflict Studies (formerly Ubuntu : Journal of Conflict and Social Transformation)
2025-01-28 20:29:02,838 - INFO - response: https://duckduckgo.com/?q=African+Journal+of+Pharmacology+and+Therapeutics 200 19742
2025-01-28 20:29:04,778 - INFO - response: https://duckduckgo.com/i.js?l=wt-wt&o=json&q=African+Journal+of+Pharmacology+and+Therapeutics&vqd=4-154966357840153062602381593148538667009&f=%2C%2C%2C%2C%2C&p=1 200 61300
2025-01-28 20:29:04,781 - INFO - Found valid image for African Journal of Pharmacology and Therapeutics: https://i1.rgstatic.net/publication/333719648_African_Journal_of_Pharmacy_and_Pharmacology_Review_Nanotechnology_A_non-invasive_diagnosis_and_therapeutic_tool_for_brain_disorders/links/5d00bf74299bf13a384eac25/largepreview.png
2025-01-28 20:29:05,606 - INFO - Image saved for journal: African Journal of Pharmacology and Therapeutics
2025-01-28 20:29:08,063 - INFO - response: https://duckduckgo.com/?q=African+Journal+of+Pharmacy+and+Pharmacology 200 19691
2025-01-28 20:29:10,097 - INFO - response: https://duckduckgo.com/i.js?l=wt-wt&o=json&q=African+Journal+of+Pharmacy+and+Pharmacology&vqd=4-17115462194345711795067839288596777369&f=%2C%2C%2C%2C%2C&p=1 200 71889
2025-01-28 20:29:10,101 - INFO - Found valid image for African Journal of Pharmacy and Pharmacology: https://academicjournals.org/banners/journal1623673342_AJPP.png
2025-01-28 20:29:13,644 - INFO - Image saved for journal: African Journal of Pharmacy and Pharmacology
2025-01-28 20:29:15,938 - INFO - response: https://duckduckgo.com/?q=African+Journal+of+Physiotherapy+and+Rehabilitation+Sciences 200 19980
2025-01-28 20:29:17,989 - INFO - response: https://duckduckgo.com/i.js?l=wt-wt&o=json&q=African+Journal+of+Physiotherapy+and+Rehabilitation+Sciences&vqd=4-64343326570993469404466505408672295566&f=%2C%2C%2C%2C%2C&p=1 200 62576
2025-01-28 20:29:17,992 - INFO - Found valid image for African Journal of Physiotherapy and Rehabilitation Sciences: http://www.ajol.info/public/journals/412/homepageImage_en_US.jpg
2025-01-28 20:29:19,234 - INFO - Image saved for journal: African Journal of Physiotherapy and Rehabilitation Sciences
2025-01-28 20:29:21,473 - INFO - response: https://duckduckgo.com/?q=African+Journal+of+Political+Economy+%2F+Revue+Africaine+d%27Economie+Politique 200 20256
2025-01-28 20:29:23,422 - INFO - response: https://duckduckgo.com/i.js?l=wt-wt&o=json&q=African+Journal+of+Political+Economy+%2F+Revue+Africaine+d%27Economie+Politique&vqd=4-71837371966396336570703948222993236280&f=%2C%2C%2C%2C%2C&p=1 200 59576
2025-01-28 20:29:23,426 - INFO - Found valid image for African Journal of Political Economy / Revue Africaine d'Economie Politique: https://www.cairn.info/vign_rev/REDP/REDP_302.jpg
2025-01-28 20:29:25,872 - WARNING - Failed to download image for journal: African Journal of Political Economy / Revue Africaine d'Economie Politique - Status code: 403
2025-01-28 20:29:28,127 - INFO - response: https://duckduckgo.com/?q=African+Journal+of+Political+Science 200 19500
2025-01-28 20:29:30,124 - INFO - response: https://duckduckgo.com/i.js?l=wt-wt&o=json&q=African+Journal+of+Political+Science&vqd=4-151371871695075088410086687910553225388&f=%2C%2C%2C%2C%2C&p=1 200 59074
2025-01-28 20:29:30,127 - INFO - Found valid image for African Journal of Political Science: https://journals.uj.ac.za/public/journals/17/cover_issue_223_en_US.jpg
2025-01-28 20:29:36,569 - INFO - Image saved for journal: African Journal of Political Science
2025-01-28 20:29:38,877 - INFO - response: https://duckduckgo.com/?q=African+Journal+of+Politics+and+Administrative+Studies 200 19828
2025-01-28 20:29:40,824 - INFO - response: https://duckduckgo.com/i.js?l=wt-wt&o=json&q=African+Journal+of+Politics+and+Administrative+Studies&vqd=4-177961519960746403708622524258651321477&f=%2C%2C%2C%2C%2C&p=1 200 62107
2025-01-28 20:29:40,828 - INFO - Found valid image for African Journal of Politics and Administrative Studies: https://www.ajol.info/public/journals/677/homepageImage_en_US.jpg
2025-01-28 20:29:42,016 - INFO - Image saved for journal: African Journal of Politics and Administrative Studies
2025-01-28 20:29:44,323 - INFO - response: https://duckduckgo.com/?q=African+Journal+of+Primary+Health+care+%26AMP%3B+Family+Medicine 200 20060
2025-01-28 20:29:46,251 - INFO - response: https://duckduckgo.com/i.js?l=wt-wt&o=json&q=African+Journal+of+Primary+Health+care+%26AMP%3B+Family+Medicine&vqd=4-127296616630853634913318707779425475684&f=%2C%2C%2C%2C%2C&p=1 200 58218
2025-01-28 20:29:46,254 - INFO - Found valid image for African Journal of Primary Health care &AMP; Family Medicine: https://i1.sndcdn.com/artworks-000383540874-e849qr-t500x500.jpg
2025-01-28 20:29:47,120 - INFO - Image saved for journal: African Journal of Primary Health care &AMP; Family Medicine
2025-01-28 20:29:49,329 - INFO - response: https://duckduckgo.com/?q=African+journal+of+Primary+Health+Care+and+Family+Medicine 200 19904
2025-01-28 20:29:51,375 - INFO - response: https://duckduckgo.com/i.js?l=wt-wt&o=json&q=African+journal+of+Primary+Health+Care+and+Family+Medicine&vqd=4-327131242181117712789682955718687938192&f=%2C%2C%2C%2C%2C&p=1 200 59659
2025-01-28 20:29:51,378 - INFO - Found valid image for African journal of Primary Health Care and Family Medicine: https://i1.sndcdn.com/artworks-000383540874-e849qr-t500x500.jpg
2025-01-28 20:29:51,835 - INFO - Image saved for journal: African journal of Primary Health Care and Family Medicine
2025-01-28 20:29:54,242 - INFO - response: https://duckduckgo.com/?q=African+Journal+of+Primary+Health+Care+and+Family+Medicine 200 19904
2025-01-28 20:29:56,178 - INFO - response: https://duckduckgo.com/i.js?l=wt-wt&o=json&q=African+Journal+of+Primary+Health+Care+and+Family+Medicine&vqd=4-260132306658786988712888456654581461060&f=%2C%2C%2C%2C%2C&p=1 200 59659
2025-01-28 20:29:56,182 - INFO - Found valid image for African Journal of Primary Health Care and Family Medicine: https://i1.sndcdn.com/artworks-000383540874-e849qr-t500x500.jpg
2025-01-28 20:29:56,462 - INFO - Image saved for journal: African Journal of Primary Health Care and Family Medicine
2025-01-28 20:29:59,157 - INFO - response: https://duckduckgo.com/?q=African+Journal+of+Primary+Health+Care+%26+Family+Medicine 200 19908
2025-01-28 20:30:01,305 - INFO - response: https://duckduckgo.com/i.js?l=wt-wt&o=json&q=African+Journal+of+Primary+Health+Care+%26+Family+Medicine&vqd=4-27782198356674509644237011725967075407&f=%2C%2C%2C%2C%2C&p=1 200 64098
2025-01-28 20:30:01,309 - INFO - Found valid image for African Journal of Primary Health Care & Family Medicine: https://i1.sndcdn.com/artworks-000383540874-e849qr-t500x500.jpg
2025-01-28 20:30:01,510 - INFO - Image saved for journal: African Journal of Primary Health Care & Family Medicine
2025-01-28 20:30:03,755 - INFO - response: https://duckduckgo.com/?q=African+Journal+of+Project+Planning+and+Management+%28AJPLAM%29 200 19899
2025-01-28 20:30:05,818 - INFO - response: https://duckduckgo.com/i.js?l=wt-wt&o=json&q=African+Journal+of+Project+Planning+and+Management+%28AJPLAM%29&vqd=4-1868953982261314157359310321956916571&f=%2C%2C%2C%2C%2C&p=1 200 59600
2025-01-28 20:30:05,821 - INFO - Found valid image for African Journal of Project Planning and Management (AJPLAM): https://i1.rgstatic.net/publication/272378555_Introduction_to_the_Africa_Journal_of_Management_The_Journey_Begins/links/5645f2ba08aef646e6cd862c/largepreview.png
2025-01-28 20:30:07,145 - INFO - Image saved for journal: African Journal of Project Planning and Management (AJPLAM)
2025-01-28 20:35:39,839 - INFO - response: https://duckduckgo.com/?q=Abia+State+University+Medical+Students%27+Association+Journal 200 19920
2025-01-28 20:35:41,579 - INFO - response: https://duckduckgo.com/i.js?l=wt-wt&o=json&q=Abia+State+University+Medical+Students%27+Association+Journal&vqd=4-59993802039004582699619349272796996146&f=%2C%2C%2C%2C%2C&p=1 200 53751
2025-01-28 20:35:41,584 - INFO - Found valid image for Abia State University Medical Students' Association Journal: https://www.ajol.info/public/journals/372/homepageImage_en_US.jpg
2025-01-28 20:35:43,763 - INFO - Image saved for journal: Abia State University Medical Students' Association Journal
2025-01-28 20:35:45,983 - INFO - response: https://duckduckgo.com/?q=Abraka+Humanities+Review 200 19235
2025-01-28 20:35:47,718 - INFO - response: https://duckduckgo.com/i.js?l=wt-wt&o=json&q=Abraka+Humanities+Review&vqd=4-38570294144066798029251981299951578250&f=%2C%2C%2C%2C%2C&p=1 200 60088
2025-01-28 20:35:47,721 - INFO - Found valid image for Abraka Humanities Review: https://www.ajol.info/public/journals/664/homepageImage_en_US.jpg
2025-01-28 20:35:49,132 - INFO - Image saved for journal: Abraka Humanities Review
2025-01-28 20:35:51,304 - INFO - response: https://duckduckgo.com/?q=ABUAD+Journal+of+Engineering+Research+and+Development 200 19816
2025-01-28 20:35:53,153 - INFO - response: https://duckduckgo.com/i.js?l=wt-wt&o=json&q=ABUAD+Journal+of+Engineering+Research+and+Development&vqd=4-219764024469003321252262376252888067745&f=%2C%2C%2C%2C%2C&p=1 200 64157
2025-01-28 20:35:53,156 - INFO - Found valid image for ABUAD Journal of Engineering Research and Development: https://ajerd.abuad.edu.ng/wp-content/uploads/2018/06/ABUADLogo.png
2025-01-28 20:35:55,043 - INFO - Image saved for journal: ABUAD Journal of Engineering Research and Development
2025-01-28 20:35:57,242 - INFO - response: https://duckduckgo.com/?q=Abyssinia+Journal+of+Engineering+and+Computing 200 19718
2025-01-28 20:35:59,091 - INFO - response: https://duckduckgo.com/i.js?l=wt-wt&o=json&q=Abyssinia+Journal+of+Engineering+and+Computing&vqd=4-313512262660904637633867336376832468705&f=%2C%2C%2C%2C%2C&p=1 200 53784
2025-01-28 20:35:59,094 - INFO - Found valid image for Abyssinia Journal of Engineering and Computing: https://www.ajol.info/public/journals/788/homepageImage_en_US.jpg
2025-01-28 20:36:00,069 - INFO - Image saved for journal: Abyssinia Journal of Engineering and Computing
2025-01-28 20:36:02,164 - INFO - response: https://duckduckgo.com/?q=Abyssinia+Journal+of+Science+and+Technology 200 19598
2025-01-28 20:36:03,905 - INFO - response: https://duckduckgo.com/i.js?l=wt-wt&o=json&q=Abyssinia+Journal+of+Science+and+Technology&vqd=4-132166274193791465082447111043628590912&f=%2C%2C%2C%2C%2C&p=1 200 54582
2025-01-28 20:36:03,909 - INFO - Found valid image for Abyssinia Journal of Science and Technology: https://abjol.org.et/public/journals/3/journalThumbnail_en_US.jpg
2025-01-28 20:36:07,065 - INFO - Image saved for journal: Abyssinia Journal of Science and Technology
2025-01-28 20:36:09,237 - INFO - response: https://duckduckgo.com/?q=Academic+Web+Journal+of+Medical+Science 200 19550
2025-01-28 20:36:10,965 - INFO - response: https://duckduckgo.com/i.js?l=wt-wt&o=json&q=Academic+Web+Journal+of+Medical+Science&vqd=4-170195703382218023614939414616117736271&f=%2C%2C%2C%2C%2C&p=1 200 54846
2025-01-28 20:36:10,967 - INFO - Found valid image for Academic Web Journal of Medical Science: https://jmedsci.com/public/journals/1/cover_issue_62_en_US.jpg
2025-01-28 20:36:12,789 - INFO - Image saved for journal: Academic Web Journal of Medical Science
2025-01-28 20:36:14,963 - INFO - response: https://duckduckgo.com/?q=Academy+Journal+of+Science+and+Engineering 200 19586
2025-01-28 20:36:16,904 - INFO - response: https://duckduckgo.com/i.js?l=wt-wt&o=json&q=Academy+Journal+of+Science+and+Engineering&vqd=4-281843012741163958610374607471769079564&f=%2C%2C%2C%2C%2C&p=1 200 54273
2025-01-28 20:36:16,907 - INFO - Found valid image for Academy Journal of Science and Engineering: https://www.ajol.info/public/journals/635/homepageImage_en_US.png
2025-01-28 20:36:19,165 - INFO - Image saved for journal: Academy Journal of Science and Engineering
2025-01-28 20:36:21,621 - INFO - response: https://duckduckgo.com/?q=ACCORD+Occasional+Paper 200 19229
2025-01-28 20:36:23,769 - INFO - response: https://duckduckgo.com/i.js?l=wt-wt&o=json&q=ACCORD+Occasional+Paper&vqd=4-118227671958983236654139247281374102604&f=%2C%2C%2C%2C%2C&p=1 200 55016
2025-01-28 20:36:23,772 - INFO - Found valid image for ACCORD Occasional Paper: https://www.accord.org.za/wp-content/uploads/2012/11/ACCORD-Occasional-Paper-2012-1-Justice-and-peacebuilding-in-post-conflict-situations.jpg
2025-01-28 20:36:25,574 - INFO - Image saved for journal: ACCORD Occasional Paper
2025-01-28 20:36:27,668 - INFO - response: https://duckduckgo.com/?q=Acta+Academica 200 19106
2025-01-28 20:36:29,301 - INFO - response: https://duckduckgo.com/i.js?l=wt-wt&o=json&q=Acta+Academica&vqd=4-256618082862677706949219615072883051081&f=%2C%2C%2C%2C%2C&p=1 200 55723
2025-01-28 20:36:29,303 - INFO - Found valid image for Acta Academica: https://i1.rgstatic.net/publication/347770349_Acta_Academica_FORO_NACIONAL/links/5fe3c260299bf140883a455e/largepreview.png
2025-01-28 20:36:30,069 - INFO - Image saved for journal: Acta Academica
2025-01-28 20:36:32,270 - INFO - response: https://duckduckgo.com/?q=Acta+Classica+%3A+Proceedings+of+the+Classical+Association+of+South+Africa 200 20201
2025-01-28 20:36:33,825 - INFO - response: https://duckduckgo.com/i.js?l=wt-wt&o=json&q=Acta+Classica+%3A+Proceedings+of+the+Classical+Association+of+South+Africa&vqd=4-276558324769183794656399116721801576286&f=%2C%2C%2C%2C%2C&p=1 200 57847
2025-01-28 20:36:33,828 - INFO - Found valid image for Acta Classica : Proceedings of the Classical Association of South Africa: https://journals.co.za/cms/asset/ad477359-c9a8-4203-ab74-8c427f0ce172/default_cover.jpg
2025-01-28 20:36:33,923 - WARNING - Failed to download image for journal: Acta Classica : Proceedings of the Classical Association of South Africa - Status code: 403
2025-01-28 20:36:36,698 - INFO - response: https://duckduckgo.com/?q=Acta+Commercii 200 19122
2025-01-28 20:36:38,514 - INFO - response: https://duckduckgo.com/i.js?l=wt-wt&o=json&q=Acta+Commercii&vqd=4-164119060300958983154343718913631315380&f=%2C%2C%2C%2C%2C&p=1 200 59011
2025-01-28 20:36:38,517 - INFO - Found valid image for Acta Commercii: https://i1.rgstatic.net/publication/366602172_Acta_Commercii_22nd_edition/links/63aa42a3c3c99660eba9f6d5/largepreview.png
2025-01-28 20:36:39,290 - INFO - Image saved for journal: Acta Commercii
2025-01-28 20:36:41,377 - INFO - response: https://duckduckgo.com/?q=Acta+Criminologica+%3A+African+Journal+of+Criminology+%26+Victimology 200 20115
2025-01-28 20:36:43,328 - INFO - response: https://duckduckgo.com/i.js?l=wt-wt&o=json&q=Acta+Criminologica+%3A+African+Journal+of+Criminology+%26+Victimology&vqd=4-12993398524999920043746932732116699382&f=%2C%2C%2C%2C%2C&p=1 200 60209
2025-01-28 20:36:43,331 - INFO - Found valid image for Acta Criminologica : African Journal of Criminology & Victimology: https://i1.rgstatic.net/publication/365621654_ACTA_CRIMINOLOGICA_AFRICAN_JOURNAL_OF_CRIMINOLOGY_AND_VICTIMOLOGY_2022_EDITORIAL_COMMITTEE/links/637b8c721766b34c5443505d/largepreview.png
2025-01-28 20:36:44,117 - INFO - Image saved for journal: Acta Criminologica : African Journal of Criminology & Victimology
2025-01-28 20:36:46,327 - INFO - response: https://duckduckgo.com/?q=Acta+Germanica+%3A+German+Studies+in+Africa 200 19604
2025-01-28 20:36:48,038 - INFO - response: https://duckduckgo.com/i.js?l=wt-wt&o=json&q=Acta+Germanica+%3A+German+Studies+in+Africa&vqd=4-158115290056662615335506852319361062995&f=%2C%2C%2C%2C%2C&p=1 200 57332
2025-01-28 20:36:48,040 - INFO - Found valid image for Acta Germanica : German Studies in Africa: https://m.media-amazon.com/images/I/81pufX-Cw-L._SL1500_.jpg
2025-01-28 20:36:49,132 - INFO - Image saved for journal: Acta Germanica : German Studies in Africa
2025-01-28 20:36:51,214 - INFO - response: https://duckduckgo.com/?q=Acta+Juridica 200 24124
2025-01-28 20:36:52,952 - INFO - response: https://duckduckgo.com/i.js?l=wt-wt&o=json&q=Acta+Juridica&vqd=4-86809118596055499023452770839736770387&f=%2C%2C%2C%2C%2C&p=1 200 57740
2025-01-28 20:36:52,955 - INFO - Found valid image for Acta Juridica: https://s2.studylib.es/store/data/009016660_1-e5a3ccb9a510ac448b7fa4fd0b006ed7-768x994.png
2025-01-28 20:36:53,272 - INFO - Image saved for journal: Acta Juridica
2025-01-28 20:36:55,513 - INFO - response: https://duckduckgo.com/?q=Acta+Patristica+et+Byzantina 200 19386
2025-01-28 20:36:57,357 - INFO - response: https://duckduckgo.com/i.js?l=wt-wt&o=json&q=Acta+Patristica+et+Byzantina&vqd=4-63736193086855168932105474468527393017&f=%2C%2C%2C%2C%2C&p=1 200 61099
2025-01-28 20:36:57,359 - INFO - Found valid image for Acta Patristica et Byzantina: https://journals.co.za/pb-assets/productImages/patris_cover-1601823443347.jpg
2025-01-28 20:36:57,633 - INFO - Image saved for journal: Acta Patristica et Byzantina
2025-01-28 20:36:59,827 - INFO - response: https://duckduckgo.com/?q=Acta+Structilia 200 19114
2025-01-28 20:37:02,162 - INFO - response: https://duckduckgo.com/i.js?l=wt-wt&o=json&q=Acta+Structilia&vqd=4-75258604092004753003266266712654945001&f=%2C%2C%2C%2C%2C&p=1 200 64187
2025-01-28 20:37:02,165 - INFO - Found valid image for Acta Structilia: https://www.ajol.info/public/journals/468/homepageImage_en_US.jpg
2025-01-28 20:37:05,393 - INFO - Image saved for journal: Acta Structilia
2025-01-28 20:37:07,577 - INFO - response: https://duckduckgo.com/?q=Acta+Structilia+%3A+Journal+for+the+Physical+and+Development+Sciences 200 20123
2025-01-28 20:37:09,434 - INFO - response: https://duckduckgo.com/i.js?l=wt-wt&o=json&q=Acta+Structilia+%3A+Journal+for+the+Physical+and+Development+Sciences&vqd=4-99289521526427595812722533923497641750&f=%2C%2C%2C%2C%2C&p=1 200 61022
2025-01-28 20:37:09,438 - INFO - Found valid image for Acta Structilia : Journal for the Physical and Development Sciences: https://journals.co.za/cms/asset/f8729ada-2f31-4e86-820d-864b74cfd191/struct.v23.n2.cover.jpg
2025-01-28 20:37:09,538 - WARNING - Failed to download image for journal: Acta Structilia : Journal for the Physical and Development Sciences - Status code: 403
2025-01-28 20:37:11,650 - INFO - response: https://duckduckgo.com/?q=Acta+Structilla 200 19118
2025-01-28 20:37:13,537 - INFO - response: https://duckduckgo.com/i.js?l=wt-wt&o=json&q=Acta+Structilla&vqd=4-148028219639354955754387706607803456192&f=%2C%2C%2C%2C%2C&p=1 200 61235
2025-01-28 20:37:13,540 - INFO - Found valid image for Acta Structilla: https://www.ajol.info/public/journals/468/homepageImage_en_US.jpg
2025-01-28 20:37:17,083 - INFO - Image saved for journal: Acta Structilla
2025-01-28 20:37:19,280 - INFO - response: https://duckduckgo.com/?q=Acta+Theologica 200 25663
2025-01-28 20:37:21,422 - INFO - response: https://duckduckgo.com/i.js?l=wt-wt&o=json&q=Acta+Theologica&vqd=4-142937443149190629864468980518801091497&f=%2C%2C%2C%2C%2C&p=1 200 57855
2025-01-28 20:37:21,425 - INFO - Found valid image for Acta Theologica: https://www.eunsa.es/media/universidad_navarra/images/edition-91593.jpg
2025-01-28 20:37:26,604 - INFO - Image saved for journal: Acta Theologica
2025-01-28 20:37:28,792 - INFO - response: https://duckduckgo.com/?q=Advanced+Dental+Journal 200 19228
2025-01-28 20:37:30,542 - INFO - response: https://duckduckgo.com/i.js?l=wt-wt&o=json&q=Advanced+Dental+Journal&vqd=4-298015479330415993728688123879267227114&f=%2C%2C%2C%2C%2C&p=1 200 53978
2025-01-28 20:37:30,546 - INFO - Found valid image for Advanced Dental Journal: https://adjc.journals.ekb.eg/data/adjc/coversheet/cover_en.jpg
2025-01-28 20:37:32,637 - INFO - Image saved for journal: Advanced Dental Journal
2025-01-28 20:37:34,841 - INFO - response: https://duckduckgo.com/?q=Advanced+Research+in+Economics+and+Business+Strategy+Journal 200 19997
2025-01-28 20:37:36,875 - INFO - response: https://duckduckgo.com/i.js?l=wt-wt&o=json&q=Advanced+Research+in+Economics+and+Business+Strategy+Journal&vqd=4-153726386672148262653733489661833880569&f=%2C%2C%2C%2C%2C&p=1 200 54839
2025-01-28 20:37:36,877 - INFO - Found valid image for Advanced Research in Economics and Business Strategy Journal: https://www.ajol.info/public/journals/775/homepageImage_en_US.jpg
2025-01-28 20:37:41,559 - INFO - Image saved for journal: Advanced Research in Economics and Business Strategy Journal
2025-01-28 20:37:43,756 - INFO - response: https://duckduckgo.com/?q=Advances+in+Computing+and+Engineering 200 19512
2025-01-28 20:37:45,579 - INFO - response: https://duckduckgo.com/i.js?l=wt-wt&o=json&q=Advances+in+Computing+and+Engineering&vqd=4-303736067177417538409163825629962092919&f=%2C%2C%2C%2C%2C&p=1 200 57449
2025-01-28 20:37:45,582 - INFO - Found valid image for Advances in Computing and Engineering: http://vita.vision.org.in/wp-content/uploads/2020/02/emerging-tech-trends-in-2018-750x445.jpg
2025-01-28 20:37:49,641 - INFO - Image saved for journal: Advances in Computing and Engineering
2025-01-28 20:37:51,832 - INFO - response: https://duckduckgo.com/?q=Advances+in+Medical%2C+Pharmaceutical+and+Dental+Research 200 19851
2025-01-28 20:37:53,670 - INFO - response: https://duckduckgo.com/i.js?l=wt-wt&o=json&q=Advances+in+Medical%2C+Pharmaceutical+and+Dental+Research&vqd=4-68788090886950913375553164375192314850&f=%2C%2C%2C%2C%2C&p=1 200 58388
2025-01-28 20:37:53,673 - INFO - Found valid image for Advances in Medical, Pharmaceutical and Dental Research: https://www.mdpi.com/BDCC/BDCC-07-00010/article_deploy/html/images/BDCC-07-00010-g001.png
2025-01-28 20:37:54,821 - INFO - Image saved for journal: Advances in Medical, Pharmaceutical and Dental Research
2025-01-28 20:37:57,263 - INFO - response: https://duckduckgo.com/?q=Advocate 200 19947
2025-01-28 20:37:59,202 - INFO - response: https://duckduckgo.com/i.js?l=wt-wt&o=json&q=Advocate&vqd=4-144574065235468638670058635326475523663&f=%2C%2C%2C%2C%2C&p=1 200 52031
2025-01-28 20:37:59,205 - INFO - Found valid image for Advocate: https://www.lawinsider.in/wp-content/uploads/2022/05/role-of-advocates-Law-Insider.jpg
2025-01-28 20:38:01,097 - INFO - Image saved for journal: Advocate
2025-01-28 20:38:03,303 - INFO - response: https://duckduckgo.com/?q=Afak+For+Sciences 200 19152
2025-01-28 20:38:05,036 - INFO - response: https://duckduckgo.com/i.js?l=wt-wt&o=json&q=Afak+For+Sciences&vqd=4-20792388022572235261368127222608661016&f=%2C%2C%2C%2C%2C&p=1 200 52490
2025-01-28 20:38:05,039 - INFO - Found valid image for Afak For Sciences: http://www.afak-revues.com/public/site/images/tatohaoua/d9989616d528abd7b1a6800f21cf75b9f34e894b.png
2025-01-28 20:38:06,234 - INFO - Image saved for journal: Afak For Sciences
2025-01-28 20:38:08,417 - INFO - response: https://duckduckgo.com/?q=Afak%27s+magazine+for+political+and+legal+researches 200 19812
2025-01-28 20:38:10,467 - INFO - response: https://duckduckgo.com/i.js?l=wt-wt&o=json&q=Afak%27s+magazine+for+political+and+legal+researches&vqd=4-19537895847804544258418545152680690534&f=%2C%2C%2C%2C%2C&p=1 200 58444
2025-01-28 20:38:10,471 - INFO - Found valid image for Afak's magazine for political and legal researches: https://www.yumpu.com/ar/image/facebook/62182641.jpg
2025-01-28 20:38:12,290 - INFO - Image saved for journal: Afak's magazine for political and legal researches
2025-01-28 20:38:14,460 - INFO - response: https://duckduckgo.com/?q=AFFRIKA+Journal+of+Politics%2C+Economics+and+Society 200 19792
2025-01-28 20:38:16,169 - INFO - response: https://duckduckgo.com/i.js?l=wt-wt&o=json&q=AFFRIKA+Journal+of+Politics%2C+Economics+and+Society&vqd=4-96935398594108955013534488966240708426&f=%2C%2C%2C%2C%2C&p=1 200 55669
2025-01-28 20:38:16,172 - INFO - Found valid image for AFFRIKA Journal of Politics, Economics and Society: https://journals.co.za/pb-assets/productImages/aa.affrika_cover-1601825746717.jpg
2025-01-28 20:38:16,728 - INFO - Image saved for journal: AFFRIKA Journal of Politics, Economics and Society
2025-01-28 20:38:18,668 - INFO - response: https://duckduckgo.com/?q=AFMA+Matrix 200 18986
2025-01-28 20:38:20,399 - INFO - response: https://duckduckgo.com/i.js?l=wt-wt&o=json&q=AFMA+Matrix&vqd=4-136503878342009170894373070811461318918&f=%2C%2C%2C%2C%2C&p=1 200 52299
2025-01-28 20:38:20,403 - INFO - Found valid image for AFMA Matrix: https://img.yumpu.com/43244333/1/500x640/j03017-afma-afma-matrix-march-2009-layoutqxd.jpg
2025-01-28 20:38:20,703 - INFO - Image saved for journal: AFMA Matrix
2025-01-28 20:38:22,959 - INFO - response: https://duckduckgo.com/?q=Africa+affairs 200 19102
2025-01-28 20:38:24,802 - INFO - response: https://duckduckgo.com/i.js?l=wt-wt&o=json&q=Africa+affairs&vqd=4-78409190889906184211674873164332963937&f=%2C%2C%2C%2C%2C&p=1 200 57301
2025-01-28 20:38:24,805 - INFO - Found valid image for Africa affairs: https://royalafricansociety.org/wp-content/uploads/2019/09/African-Affairs.jpg
2025-01-28 20:38:25,721 - WARNING - Failed to download image for journal: Africa affairs - Status code: 403
2025-01-28 20:38:27,668 - INFO - response: https://duckduckgo.com/?q=Africa+Conflict+Monitor 200 19228
2025-01-28 20:38:29,409 - INFO - response: https://duckduckgo.com/i.js?l=wt-wt&o=json&q=Africa+Conflict+Monitor&vqd=4-254454254441062270230265217079841714854&f=%2C%2C%2C%2C%2C&p=1 200 57164
2025-01-28 20:38:29,412 - INFO - Found valid image for Africa Conflict Monitor: https://www.inonafrica.com/wp-content/uploads/2017/01/ACM.jpg
2025-01-28 20:38:30,821 - INFO - Image saved for journal: Africa Conflict Monitor
2025-01-28 20:38:33,004 - INFO - response: https://duckduckgo.com/?q=Africa+Conflict+Monthly+Monitor 200 19426
2025-01-28 20:38:34,755 - INFO - response: https://duckduckgo.com/i.js?l=wt-wt&o=json&q=Africa+Conflict+Monthly+Monitor&vqd=4-131627909697046826707165158539536819932&f=%2C%2C%2C%2C%2C&p=1 200 58172
2025-01-28 20:38:34,758 - INFO - Found valid image for Africa Conflict Monthly Monitor: https://journals.co.za/pb-assets/productImages/acmm_cover-1601825804003.jpg
2025-01-28 20:38:35,083 - INFO - Image saved for journal: Africa Conflict Monthly Monitor
2025-01-28 20:38:37,410 - INFO - response: https://duckduckgo.com/?q=Africa+Country+Benchmark+Report+%28ACBR%29 200 19528
2025-01-28 20:38:39,139 - INFO - response: https://duckduckgo.com/i.js?l=wt-wt&o=json&q=Africa+Country+Benchmark+Report+%28ACBR%29&vqd=4-107372915352211140365440401313129192699&f=%2C%2C%2C%2C%2C&p=1 200 57362
2025-01-28 20:38:39,143 - INFO - Found valid image for Africa Country Benchmark Report (ACBR): https://www.inonafrica.com/wp-content/uploads/2019/08/ACBR-purchase-banner-2019.png
2025-01-28 20:38:42,622 - INFO - Image saved for journal: Africa Country Benchmark Report (ACBR)
2025-01-28 20:38:44,878 - INFO - response: https://duckduckgo.com/?q=Africa+Design+Review+Journal 200 19390
2025-01-28 20:38:46,731 - INFO - response: https://duckduckgo.com/i.js?l=wt-wt&o=json&q=Africa+Design+Review+Journal&vqd=4-322171553266476452929827969614343592498&f=%2C%2C%2C%2C%2C&p=1 200 55932
2025-01-28 20:38:46,734 - INFO - Found valid image for Africa Design Review Journal: http://uonjournals.uonbi.ac.ke/ojs/public/journals/23/pageHeaderLogoImage_en_US.jpg
2025-01-28 20:38:47,105 - INFO - Image saved for journal: Africa Design Review Journal
2025-01-28 20:38:49,274 - INFO - response: https://duckduckgo.com/?q=Africa+Development 200 25732
2025-01-28 20:38:51,021 - INFO - response: https://duckduckgo.com/i.js?l=wt-wt&o=json&q=Africa+Development&vqd=4-198650190494617579456168359025493700514&f=%2C%2C%2C%2C%2C&p=1 200 61018
2025-01-28 20:38:51,022 - INFO - Found valid image for Africa Development: https://assets.weforum.org/editor/9N2i_9ClwH1wjHuHB-8m191TvXjpfvQf9mqlxhukAK4.png
2025-01-28 20:38:52,087 - WARNING - Failed to download image for journal: Africa Development - Status code: 403
2025-01-28 20:38:54,294 - INFO - response: https://duckduckgo.com/?q=Africa+Dialogue+Monograph+Series 200 19438
2025-01-28 20:38:56,228 - INFO - response: https://duckduckgo.com/i.js?l=wt-wt&o=json&q=Africa+Dialogue+Monograph+Series&vqd=4-301537896429825585890251513256430172665&f=%2C%2C%2C%2C%2C&p=1 200 58912
2025-01-28 20:38:56,231 - INFO - Found valid image for Africa Dialogue Monograph Series: https://journals.co.za/pb-assets/productImages/accordm_cover-1601825797150.jpg
2025-01-28 20:38:56,636 - INFO - Image saved for journal: Africa Dialogue Monograph Series
2025-01-28 20:38:58,799 - INFO - response: https://duckduckgo.com/?q=Africa+Education+Review 200 24795
2025-01-28 20:39:00,751 - INFO - response: https://duckduckgo.com/i.js?l=wt-wt&o=json&q=Africa+Education+Review&vqd=4-128130458769517695529156443119946403227&f=%2C%2C%2C%2C%2C&p=1 200 57989
2025-01-28 20:39:00,754 - INFO - Found valid image for Africa Education Review: https://i1.rgstatic.net/publication/358752631_Africa_Education_Review/links/6213f0d8f02286737cb29e40/largepreview.png
2025-01-28 20:39:01,562 - INFO - Image saved for journal: Africa Education Review
2025-01-28 20:39:04,840 - INFO - response: https://duckduckgo.com/?q=Africa+Growth+Agenda 200 19191
2025-01-28 20:39:06,493 - INFO - response: https://duckduckgo.com/i.js?l=wt-wt&o=json&q=Africa+Growth+Agenda&vqd=4-184259489533565100130023701707567985684&f=%2C%2C%2C%2C%2C&p=1 200 58702
2025-01-28 20:39:06,497 - INFO - Found valid image for Africa Growth Agenda: https://www.globalcidef.com/wp-content/uploads/2018/10/cover13-724x1024.png
2025-01-28 20:39:10,341 - INFO - Image saved for journal: Africa Growth Agenda
2025-01-28 20:39:13,339 - INFO - response: https://duckduckgo.com/?q=Africa+Health 200 19090
2025-01-28 20:39:15,301 - INFO - response: https://duckduckgo.com/i.js?l=wt-wt&o=json&q=Africa+Health&vqd=4-45016555885811465542685121501407655934&f=%2C%2C%2C%2C%2C&p=1 200 55910
2025-01-28 20:39:15,304 - INFO - Found valid image for Africa Health: https://healthcareworld.com/wp-content/uploads/2021/09/aid-image-1-scaled.jpg
2025-01-28 20:39:17,902 - INFO - Image saved for journal: Africa Health
2025-01-28 20:39:19,994 - INFO - response: https://duckduckgo.com/?q=Africain+de+Chirurgie+Orthop%C3%A9dique+et+Traumatologique 200 19846
2025-01-28 20:39:21,939 - INFO - response: https://duckduckgo.com/i.js?l=wt-wt&o=json&q=Africain+de+Chirurgie+Orthop%C3%A9dique+et+Traumatologique&vqd=4-223502015553224640659645967824432840133&f=%2C%2C%2C%2C%2C&p=1 200 60925
2025-01-28 20:39:21,943 - INFO - Found valid image for Africain de Chirurgie Orthopédique et Traumatologique: https://abidjanpress.com/wp-content/uploads/2019/02/IMG_1034-600x400.jpg
2025-01-28 20:39:22,514 - WARNING - Failed to download image for journal: Africain de Chirurgie Orthopédique et Traumatologique - Status code: 403
2025-01-28 20:39:24,704 - INFO - response: https://duckduckgo.com/?q=Africa+Insight 200 28483
2025-01-28 20:39:26,547 - INFO - response: https://duckduckgo.com/i.js?l=wt-wt&o=json&q=Africa+Insight&vqd=4-100353200163699835908308185077800398346&f=%2C%2C%2C%2C%2C&p=1 200 49732
2025-01-28 20:39:26,549 - INFO - Found valid image for Africa Insight: http://africainsight.org/wp-content/uploads/2018/12/mission-01.jpg
2025-01-28 20:39:49,586 - INFO - Image saved for journal: Africa Insight
2025-01-28 20:39:51,840 - INFO - response: https://duckduckgo.com/?q=Africa+Institute+Occasional+Paper 200 19450
2025-01-28 20:39:53,581 - INFO - response: https://duckduckgo.com/i.js?l=wt-wt&o=json&q=Africa+Institute+Occasional+Paper&vqd=4-135206152410582116827804633891152827727&f=%2C%2C%2C%2C%2C&p=1 200 57009
2025-01-28 20:39:53,585 - INFO - Found valid image for Africa Institute Occasional Paper: https://pictures.abebooks.com/isbn/9780798300728-us.jpg
2025-01-28 20:39:54,256 - INFO - Image saved for journal: Africa Institute Occasional Paper
2025-01-28 20:39:56,448 - INFO - response: https://duckduckgo.com/?q=Africa+Journal+of+Comparative+Constitutional+Law 200 19738
2025-01-28 20:39:58,393 - INFO - response: https://duckduckgo.com/i.js?l=wt-wt&o=json&q=Africa+Journal+of+Comparative+Constitutional+Law&vqd=4-79293953801938292440394147959357645504&f=%2C%2C%2C%2C%2C&p=1 200 58742
2025-01-28 20:39:58,396 - INFO - Found valid image for Africa Journal of Comparative Constitutional Law: https://journals.co.za/cms/asset/c5ab894f-de9c-46b0-95e9-fb1a916a6bbb/default_cover.jpg
2025-01-28 20:39:58,516 - WARNING - Failed to download image for journal: Africa Journal of Comparative Constitutional Law - Status code: 403
2025-01-28 20:40:00,750 - INFO - response: https://duckduckgo.com/?q=Africa+Journal+of+Nursing+and+Midwifery 200 19550
2025-01-28 20:40:02,592 - INFO - response: https://duckduckgo.com/i.js?l=wt-wt&o=json&q=Africa+Journal+of+Nursing+and+Midwifery&vqd=4-138779779154669298485674447300814032757&f=%2C%2C%2C%2C%2C&p=1 200 67626
2025-01-28 20:40:02,595 - INFO - Found valid image for Africa Journal of Nursing and Midwifery: https://i1.rgstatic.net/publication/273765479_Africa_Journal_of_Nursing_and_Midwifery_Cover/links/550b6a360cf265693cef7935/largepreview.png
2025-01-28 20:40:03,256 - INFO - Image saved for journal: Africa Journal of Nursing and Midwifery
2025-01-28 20:40:05,313 - INFO - response: https://duckduckgo.com/?q=Africa+Journal+of+Physical+Sciences 200 19487
2025-01-28 20:40:07,316 - INFO - response: https://duckduckgo.com/i.js?l=wt-wt&o=json&q=Africa+Journal+of+Physical+Sciences&vqd=4-117475695737590361066737746818994468794&f=%2C%2C%2C%2C%2C&p=1 200 56243
2025-01-28 20:40:07,320 - INFO - Found valid image for Africa Journal of Physical Sciences: https://www.pdffiller.com/preview/492/78/492078327.png
2025-01-28 20:40:07,562 - INFO - Image saved for journal: Africa Journal of Physical Sciences
2025-01-28 20:40:09,768 - INFO - response: https://duckduckgo.com/?q=Africa+Journal+of+Public+Sector+Development+and+Governance 200 19890
2025-01-28 20:40:12,232 - INFO - response: https://duckduckgo.com/i.js?l=wt-wt&o=json&q=Africa+Journal+of+Public+Sector+Development+and+Governance&vqd=4-148332297284007773741948341877988906318&f=%2C%2C%2C%2C%2C&p=1 200 56336
2025-01-28 20:40:12,235 - INFO - Found valid image for Africa Journal of Public Sector Development and Governance: https://amdin.africa/wp-content/uploads/2019/07/jourN-560x416.png
2025-01-28 20:40:13,661 - INFO - Image saved for journal: Africa Journal of Public Sector Development and Governance
2025-01-28 20:40:15,911 - INFO - response: https://duckduckgo.com/?q=Africa%3A+Journal+of+the+International+African+Institute 200 27187
2025-01-28 20:40:17,646 - INFO - response: https://duckduckgo.com/i.js?l=wt-wt&o=json&q=Africa%3A+Journal+of+the+International+African+Institute&vqd=4-34599725429213452365726523406987822144&f=%2C%2C%2C%2C%2C&p=1 200 56042
2025-01-28 20:40:17,649 - INFO - Found valid image for Africa: Journal of the International African Institute: https://reseau-mirabel.info/images/titres-couvertures/000007457.png
2025-01-28 20:40:19,285 - INFO - Image saved for journal: Africa: Journal of the International African Institute
2025-01-28 20:40:21,646 - INFO - response: https://duckduckgo.com/?q=African+Anthropologist 200 25186
2025-01-28 20:40:23,484 - INFO - response: https://duckduckgo.com/i.js?l=wt-wt&o=json&q=African+Anthropologist&vqd=4-32287167082006835552627730519442563258&f=%2C%2C%2C%2C%2C&p=1 200 56832
2025-01-28 20:40:23,488 - INFO - Found valid image for African Anthropologist: https://blerds.atlantablackstar.com/wp-content/uploads/2015/07/WhitneyBB_crop2.jpg.jpeg
2025-01-28 20:40:24,012 - INFO - Image saved for journal: African Anthropologist
2025-01-28 20:40:26,254 - INFO - response: https://duckduckgo.com/?q=African+Arts 200 29422
2025-01-28 20:40:28,091 - INFO - response: https://duckduckgo.com/i.js?l=wt-wt&o=json&q=African+Arts&vqd=4-336864081207309028173610921347650320119&f=%2C%2C%2C%2C%2C&p=1 200 53609
2025-01-28 20:40:28,092 - INFO - Found valid image for African Arts: http://upload.wikimedia.org/wikipedia/commons/e/eb/African_Art,_Yombe_sculpture,_Louvre.jpg
2025-01-28 20:40:29,317 - WARNING - Failed to download image for journal: African Arts - Status code: 403
2025-01-28 20:40:31,414 - INFO - response: https://duckduckgo.com/?q=African+Association+of+Physiological+Sciences+Journal 200 19790
2025-01-28 20:40:33,113 - INFO - response: https://duckduckgo.com/i.js?l=wt-wt&o=json&q=African+Association+of+Physiological+Sciences+Journal&vqd=4-196733195433584258998323663481189121&f=%2C%2C%2C%2C%2C&p=1 200 61138
2025-01-28 20:40:33,117 - INFO - Found valid image for African Association of Physiological Sciences Journal: https://www.ajol.info/public/journals/557/homepageImage_en_US.jpg
2025-01-28 20:40:35,617 - INFO - Image saved for journal: African Association of Physiological Sciences Journal
2025-01-28 20:40:38,031 - INFO - response: https://duckduckgo.com/?q=Africa+Nazarene+University+Law+Journal 200 19524
2025-01-28 20:40:39,764 - INFO - response: https://duckduckgo.com/i.js?l=wt-wt&o=json&q=Africa+Nazarene+University+Law+Journal&vqd=4-138754866909012062660100577374121807802&f=%2C%2C%2C%2C%2C&p=1 200 61748
2025-01-28 20:40:39,767 - INFO - Found valid image for Africa Nazarene University Law Journal: https://journals.co.za/pb-assets/productImages/jlc.anulj_cover-1601826180797.jpg
2025-01-28 20:40:40,097 - INFO - Image saved for journal: Africa Nazarene University Law Journal
2025-01-28 20:40:42,330 - INFO - response: https://duckduckgo.com/?q=African+Community+Health+Newsletter 200 19474
2025-01-28 20:40:44,168 - INFO - response: https://duckduckgo.com/i.js?l=wt-wt&o=json&q=African+Community+Health+Newsletter&vqd=4-164564355548766302082876842019607424466&f=%2C%2C%2C%2C%2C&p=1 200 51727
2025-01-28 20:40:44,172 - INFO - Found valid image for African Community Health Newsletter: https://africacdc.org/wp-content/uploads/2022/02/Newsletter-Feb-2022.jpg
2025-01-28 20:40:45,804 - INFO - Image saved for journal: African Community Health Newsletter
2025-01-28 20:40:48,069 - INFO - response: https://duckduckgo.com/?q=African+Conflict+and+Peacebuilding+Review 200 19559
2025-01-28 20:40:49,908 - INFO - response: https://duckduckgo.com/i.js?l=wt-wt&o=json&q=African+Conflict+and+Peacebuilding+Review&vqd=4-281572130121052906419702791276768954599&f=%2C%2C%2C%2C%2C&p=1 200 62365
2025-01-28 20:40:49,911 - INFO - Found valid image for African Conflict and Peacebuilding Review: https://dhjhkxawhe8q4.cloudfront.net/indiana-university-press-wp/wp-content/uploads/2019/04/21151156/African-Conflict-Peacebuilding-Review-1459x2048.png
2025-01-28 20:40:50,723 - WARNING - Failed to download image for journal: African Conflict and Peacebuilding Review - Status code: 403
2025-01-28 20:40:52,872 - INFO - response: https://duckduckgo.com/?q=African+Crop+Science+Journal 200 26024
2025-01-28 20:40:54,715 - INFO - response: https://duckduckgo.com/i.js?l=wt-wt&o=json&q=African+Crop+Science+Journal&vqd=4-200581160850153279917919000006220310921&f=%2C%2C%2C%2C%2C&p=1 200 56849
2025-01-28 20:40:54,718 - INFO - Found valid image for African Crop Science Journal: https://www.ajol.info/public/journals/176/homepageImage.jpg
2025-01-28 20:40:55,794 - INFO - Image saved for journal: African Crop Science Journal
2025-01-28 20:40:58,008 - INFO - response: https://duckduckgo.com/?q=African+Development+and+Europe 200 19414
2025-01-28 20:40:59,735 - INFO - response: https://duckduckgo.com/i.js?l=wt-wt&o=json&q=African+Development+and+Europe&vqd=4-224063339248165873132912564850634178759&f=%2C%2C%2C%2C%2C&p=1 200 57858
2025-01-28 20:40:59,738 - INFO - Found valid image for African Development and Europe: https://img.perlego.com/book-covers/4477903/9781483151052_300_450.webp
2025-01-28 20:40:59,853 - WARNING - Invalid content type for image URL: https://img.perlego.com/book-covers/4477903/9781483151052_300_450.webp
2025-01-28 20:41:02,095 - INFO - response: https://duckduckgo.com/?q=African+Development+Finance+Journal 200 19473
2025-01-28 20:41:03,868 - INFO - response: https://duckduckgo.com/i.js?l=wt-wt&o=json&q=African+Development+Finance+Journal&vqd=4-201398627361951665112701476398964898974&f=%2C%2C%2C%2C%2C&p=1 200 63549
2025-01-28 20:41:03,871 - INFO - Found valid image for African Development Finance Journal: http://uonjournals.uonbi.ac.ke/ojs/public/journals/8/cover_issue_140_en_US.jpg
2025-01-28 20:41:04,373 - INFO - Image saved for journal: African Development Finance Journal
2025-01-28 20:41:06,595 - INFO - response: https://duckduckgo.com/?q=African+Economic+History 200 27551
2025-01-28 20:41:08,439 - INFO - response: https://duckduckgo.com/i.js?l=wt-wt&o=json&q=African+Economic+History&vqd=4-278699352900425034135692456486773395235&f=%2C%2C%2C%2C%2C&p=1 200 55256
2025-01-28 20:41:08,442 - INFO - Found valid image for African Economic History: https://nuriakenya.com/wp-content/uploads/2020/11/African-Economic-History.jpg
2025-01-28 20:41:08,554 - WARNING - Failed to download image for journal: African Economic History - Status code: 403
2025-01-28 20:41:10,896 - INFO - response: https://duckduckgo.com/?q=African+Economic+History+Review 200 27737
2025-01-28 20:41:13,251 - INFO - response: https://duckduckgo.com/i.js?l=wt-wt&o=json&q=African+Economic+History+Review&vqd=4-222421330261757283576764832909015703496&f=%2C%2C%2C%2C%2C&p=1 200 56525
2025-01-28 20:41:13,254 - INFO - Found valid image for African Economic History Review: https://nuriakenya.com/wp-content/uploads/2020/11/African-Economic-History.jpg
2025-01-28 20:41:13,437 - WARNING - Failed to download image for journal: African Economic History Review - Status code: 403
2025-01-28 20:41:16,073 - INFO - response: https://duckduckgo.com/?q=African+Entomology 200 25109
2025-01-28 20:41:17,961 - INFO - response: https://duckduckgo.com/i.js?l=wt-wt&o=json&q=African+Entomology&vqd=4-29829576915698321900320285901739498781&f=%2C%2C%2C%2C%2C&p=1 200 57953
2025-01-28 20:41:17,964 - INFO - Found valid image for African Entomology: https://entsocsa.co.za/wp-content/uploads/2023/07/African-Entomology-Cover-Volume-31-issue-1-Final.jpg
2025-01-28 20:41:19,905 - INFO - Image saved for journal: African Entomology
2025-01-28 20:41:22,181 - INFO - response: https://duckduckgo.com/?q=African+Environment 200 28543
2025-01-28 20:41:23,800 - INFO - response: https://duckduckgo.com/i.js?l=wt-wt&o=json&q=African+Environment&vqd=4-145266593284961328938940950716453608851&f=%2C%2C%2C%2C%2C&p=1 200 58433
2025-01-28 20:41:23,803 - INFO - Found valid image for African Environment: https://w.wallha.com/ws/3/VEJtBqoS.jpg
2025-01-28 20:41:23,916 - WARNING - Failed to download image for journal: African Environment - Status code: 403
2025-01-28 20:41:26,160 - INFO - response: https://duckduckgo.com/?q=African+Evaluation+Journal 200 19264
2025-01-28 20:41:27,901 - INFO - response: https://duckduckgo.com/i.js?l=wt-wt&o=json&q=African+Evaluation+Journal&vqd=4-237687606885880550564926376412278217894&f=%2C%2C%2C%2C%2C&p=1 200 65737
2025-01-28 20:41:27,904 - INFO - Found valid image for African Evaluation Journal: https://aosis.co.za/wp-content/uploads/2019/07/AEJ-3D-COVER-no-year.png
2025-01-28 20:41:30,964 - INFO - Image saved for journal: African Evaluation Journal
2025-01-28 20:41:33,026 - INFO - response: https://duckduckgo.com/?q=African+Evaluation+Journal 200 19264
2025-01-28 20:41:34,760 - INFO - response: https://duckduckgo.com/i.js?l=wt-wt&o=json&q=African+Evaluation+Journal&vqd=4-237687606885880550564926376412278217894&f=%2C%2C%2C%2C%2C&p=1 200 65737
2025-01-28 20:41:34,764 - INFO - Found valid image for African Evaluation Journal: https://aosis.co.za/wp-content/uploads/2019/07/AEJ-3D-COVER-no-year.png
2025-01-28 20:41:37,739 - INFO - Image saved for journal: African Evaluation Journal
2025-01-28 20:41:40,046 - INFO - response: https://duckduckgo.com/?q=African+Finance+Journal 200 26914
2025-01-28 20:41:41,834 - INFO - response: https://duckduckgo.com/i.js?l=wt-wt&o=json&q=African+Finance+Journal&vqd=4-40841168927839869040681390072745768952&f=%2C%2C%2C%2C%2C&p=1 200 59433
2025-01-28 20:41:41,838 - INFO - Found valid image for African Finance Journal: https://journals.co.za/cms/asset/1894e848-0771-4799-8d11-88914aec35c2/default_cover.jpg
2025-01-28 20:41:42,004 - WARNING - Failed to download image for journal: African Finance Journal - Status code: 403
2025-01-28 20:41:44,180 - INFO - response: https://duckduckgo.com/?q=African+Health+Monitor 200 19216
2025-01-28 20:41:46,021 - INFO - response: https://duckduckgo.com/i.js?l=wt-wt&o=json&q=African+Health+Monitor&vqd=4-226252123808024976834384638351567614611&f=%2C%2C%2C%2C%2C&p=1 200 59470
2025-01-28 20:41:46,024 - INFO - Found valid image for African Health Monitor: https://www.afro.who.int/sites/default/files/2017-06/african-health.png
2025-01-28 20:41:49,086 - INFO - Image saved for journal: African Health Monitor
2025-01-28 20:41:51,163 - INFO - response: https://duckduckgo.com/?q=African+Health+Sciences 200 26087
2025-01-28 20:41:52,887 - INFO - response: https://duckduckgo.com/i.js?l=wt-wt&o=json&q=African+Health+Sciences&vqd=4-231582322937410292939766197996417170001&f=%2C%2C%2C%2C%2C&p=1 200 62415
2025-01-28 20:41:52,889 - INFO - Found valid image for African Health Sciences: https://africanhealthsciences.org/wp-content/uploads/2024/05/logo_ahs.png
2025-01-28 20:41:54,212 - WARNING - Failed to download image for journal: African Health Sciences - Status code: 406
2025-01-28 20:41:56,463 - INFO - response: https://duckduckgo.com/?q=African+Historical+Review 200 26944
2025-01-28 20:41:58,409 - INFO - response: https://duckduckgo.com/i.js?l=wt-wt&o=json&q=African+Historical+Review&vqd=4-283629209379662129031755020669873819868&f=%2C%2C%2C%2C%2C&p=1 200 56856
2025-01-28 20:41:58,411 - INFO - Found valid image for African Historical Review: https://journals.co.za/cms/asset/b7a2d2d7-f9d7-40ad-8173-f87822d1d37f/default_cover.jpg
2025-01-28 20:41:58,547 - WARNING - Failed to download image for journal: African Historical Review - Status code: 403
2025-01-28 20:42:00,765 - INFO - response: https://duckduckgo.com/?q=African+Historical+Studies 200 25679
2025-01-28 20:42:02,409 - INFO - response: https://duckduckgo.com/i.js?l=wt-wt&o=json&q=African+Historical+Studies&vqd=4-294403674853775533980047851776950444229&f=%2C%2C%2C%2C%2C&p=1 200 57395
2025-01-28 20:42:02,412 - INFO - Found valid image for African Historical Studies: http://www.bu.edu/africa/files/2012/02/IJAHS-small.jpg
2025-01-28 20:42:05,502 - INFO - Image saved for journal: African Historical Studies
2025-01-28 20:42:07,626 - INFO - response: https://duckduckgo.com/?q=African+Human+Mobility+Review 200 19402
2025-01-28 20:42:09,375 - INFO - response: https://duckduckgo.com/i.js?l=wt-wt&o=json&q=African+Human+Mobility+Review&vqd=4-135991320932207032608035141933514082893&f=%2C%2C%2C%2C%2C&p=1 200 58623
2025-01-28 20:42:09,379 - INFO - Found valid image for African Human Mobility Review: https://mmica.uwc.ac.za/wp-content/uploads/2023/08/AHMR-9-1-cover-image_Page_001-1.jpg
2025-01-28 20:42:10,971 - INFO - Image saved for journal: African Human Mobility Review
2025-01-28 20:42:13,471 - INFO - response: https://duckduckgo.com/?q=African+Human+Morbility+Review 200 19414
2025-01-28 20:42:15,313 - INFO - response: https://duckduckgo.com/i.js?l=wt-wt&o=json&q=African+Human+Morbility+Review&vqd=4-262014482073521398358429498987060942145&f=%2C%2C%2C%2C%2C&p=1 200 59653
2025-01-28 20:42:15,316 - INFO - Found valid image for African Human Morbility Review: https://mmica.uwc.ac.za/wp-content/uploads/2023/08/AHMR-9-1-cover-image_Page_001-1.jpg
2025-01-28 20:42:17,026 - INFO - Image saved for journal: African Human Morbility Review
2025-01-28 20:42:19,204 - INFO - response: https://duckduckgo.com/?q=African+Human+Rights+law+Journal 200 26470
2025-01-28 20:42:20,945 - INFO - response: https://duckduckgo.com/i.js?l=wt-wt&o=json&q=African+Human+Rights+law+Journal&vqd=4-97482325590550070145849628255122682043&f=%2C%2C%2C%2C%2C&p=1 200 64957
2025-01-28 20:42:20,948 - INFO - Found valid image for African Human Rights law Journal: https://www.chr.up.ac.za/images/publications/AHRLJ-2_2020_special_edition.jpg
2025-01-28 20:42:21,454 - INFO - Image saved for journal: African Human Rights law Journal
2025-01-28 20:42:23,708 - INFO - response: https://duckduckgo.com/?q=African+Human+Rights+Law+Journal 200 26470
2025-01-28 20:42:25,449 - INFO - response: https://duckduckgo.com/i.js?l=wt-wt&o=json&q=African+Human+Rights+Law+Journal&vqd=4-39811944814019067098440158186507464447&f=%2C%2C%2C%2C%2C&p=1 200 64957
2025-01-28 20:42:25,450 - INFO - Found valid image for African Human Rights Law Journal: https://www.chr.up.ac.za/images/publications/AHRLJ-2_2020_special_edition.jpg
2025-01-28 20:42:25,871 - INFO - Image saved for journal: African Human Rights Law Journal
2025-01-28 20:42:28,110 - INFO - response: https://duckduckgo.com/?q=African+Human+Rights+Yearbook 200 19403
2025-01-28 20:42:29,847 - INFO - response: https://duckduckgo.com/i.js?l=wt-wt&o=json&q=African+Human+Rights+Yearbook&vqd=4-147169564417019957029212634317140027587&f=%2C%2C%2C%2C%2C&p=1 200 55027
2025-01-28 20:42:29,850 - INFO - Found valid image for African Human Rights Yearbook: https://www.chr.up.ac.za/images/publications/African_Human_Rights_Yearbook/2018-AHRY_cover.jpg
2025-01-28 20:42:31,462 - INFO - Image saved for journal: African Human Rights Yearbook
2025-01-28 20:42:35,072 - INFO - response: https://duckduckgo.com/?q=African+Invertebrates 200 27253
2025-01-28 20:42:37,946 - INFO - response: https://duckduckgo.com/i.js?l=wt-wt&o=json&q=African+Invertebrates&vqd=4-225040694059409694371836366694836028943&f=%2C%2C%2C%2C%2C&p=1 200 64665
2025-01-28 20:42:37,950 - INFO - Found valid image for African Invertebrates: https://i.pinimg.com/originals/9a/f7/fc/9af7fc52b7cdd0771fc4396ecc62c1c6.jpg
2025-01-28 20:42:38,480 - INFO - Image saved for journal: African Invertebrates
2025-01-28 20:42:40,510 - INFO - response: https://duckduckgo.com/?q=African+Invertebrates 200 27253
2025-01-28 20:42:42,391 - INFO - response: https://duckduckgo.com/i.js?l=wt-wt&o=json&q=African+Invertebrates&vqd=4-225040694059409694371836366694836028943&f=%2C%2C%2C%2C%2C&p=1 200 64665
2025-01-28 20:42:42,394 - INFO - Found valid image for African Invertebrates: https://i.pinimg.com/originals/9a/f7/fc/9af7fc52b7cdd0771fc4396ecc62c1c6.jpg
2025-01-28 20:42:43,218 - INFO - Image saved for journal: African Invertebrates
2025-01-28 20:42:45,412 - INFO - response: https://duckduckgo.com/?q=African+Issues 200 19106
2025-01-28 20:42:47,297 - INFO - response: https://duckduckgo.com/i.js?l=wt-wt&o=json&q=African+Issues&vqd=4-332290337942364855994418328981558227964&f=%2C%2C%2C%2C%2C&p=1 200 58103
2025-01-28 20:42:47,301 - INFO - Found valid image for African Issues: https://assets.bwbx.io/images/users/iqjWHBFdfxIU/ikKTnYVGcyuc/v5/-1x-1.png
2025-01-28 20:42:48,730 - INFO - Image saved for journal: African Issues
2025-01-28 20:42:50,946 - INFO - response: https://duckduckgo.com/?q=African+Journal+for+Physical+Activity+and+Health+Sciences 200 27704
2025-01-28 20:42:52,608 - INFO - response: https://duckduckgo.com/i.js?l=wt-wt&o=json&q=African+Journal+for+Physical+Activity+and+Health+Sciences&vqd=4-186827469052422789795256834817118210130&f=%2C%2C%2C%2C%2C&p=1 200 55674
2025-01-28 20:42:52,608 - INFO - Found valid image for African Journal for Physical Activity and Health Sciences: https://journals.co.za/cms/asset/60299a45-c67b-4c0e-b58a-a55a75309f28/ajpherd1.v27.n3.cover.jpg
2025-01-28 20:42:52,686 - WARNING - Failed to download image for journal: African Journal for Physical Activity and Health Sciences - Status code: 403
2025-01-28 20:42:55,001 - INFO - response: https://duckduckgo.com/?q=African+Journal+for+Physical+Activity+and+Health+Sciences+%28AJPHES%29 200 20084
2025-01-28 20:42:56,792 - INFO - response: https://duckduckgo.com/i.js?l=wt-wt&o=json&q=African+Journal+for+Physical+Activity+and+Health+Sciences+%28AJPHES%29&vqd=4-66724676565058649538071569663724274738&f=%2C%2C%2C%2C%2C&p=1 200 55391
2025-01-28 20:42:56,796 - INFO - Found valid image for African Journal for Physical Activity and Health Sciences (AJPHES): https://journals.co.za/cms/asset/60299a45-c67b-4c0e-b58a-a55a75309f28/ajpherd1.v27.n3.cover.jpg
2025-01-28 20:42:56,888 - WARNING - Failed to download image for journal: African Journal for Physical Activity and Health Sciences (AJPHES) - Status code: 403
2025-01-28 20:42:59,209 - INFO - response: https://duckduckgo.com/?q=African+Journal+for+Physical+Health+Education%2C+Recreation+and+Dance 200 27666
2025-01-28 20:43:01,192 - INFO - response: https://duckduckgo.com/i.js?l=wt-wt&o=json&q=African+Journal+for+Physical+Health+Education%2C+Recreation+and+Dance&vqd=4-148899386034638272789089147730213978622&f=%2C%2C%2C%2C%2C&p=1 200 66514
2025-01-28 20:43:01,195 - INFO - Found valid image for African Journal for Physical Health Education, Recreation and Dance: https://image.slidesharecdn.com/6a2d7f80-9bbd-459b-b169-d05393ebb3c6-160202114338/75/African-Journal-for-Physical-Health-Education-Recreation-and-Dance_Mar15-1-2048.jpg
2025-01-28 20:43:02,425 - INFO - Image saved for journal: African Journal for Physical Health Education, Recreation and Dance
2025-01-28 20:43:04,671 - INFO - response: https://duckduckgo.com/?q=African+Journal+for+Physical%2C+Health+Education%2C+Recreation+and+Dance 200 27694
2025-01-28 20:43:06,508 - INFO - response: https://duckduckgo.com/i.js?l=wt-wt&o=json&q=African+Journal+for+Physical%2C+Health+Education%2C+Recreation+and+Dance&vqd=4-334877703901236873652242885949128696750&f=%2C%2C%2C%2C%2C&p=1 200 72149
2025-01-28 20:43:06,512 - INFO - Found valid image for African Journal for Physical, Health Education, Recreation and Dance: https://image.slidesharecdn.com/6a2d7f80-9bbd-459b-b169-d05393ebb3c6-160202114338/75/African-Journal-for-Physical-Health-Education-Recreation-and-Dance_Mar15-1-2048.jpg
2025-01-28 20:43:07,860 - INFO - Image saved for journal: African Journal for Physical, Health Education, Recreation and Dance
2025-01-28 20:43:10,091 - INFO - response: https://duckduckgo.com/?q=African+Journal+for+the+Psychological+Study+of+Social+Issues 200 26863
2025-01-28 20:43:12,037 - INFO - response: https://duckduckgo.com/i.js?l=wt-wt&o=json&q=African+Journal+for+the+Psychological+Study+of+Social+Issues&vqd=4-66055752908169794347857873116207267777&f=%2C%2C%2C%2C%2C&p=1 200 59015
2025-01-28 20:43:12,041 - INFO - Found valid image for African Journal for the Psychological Study of Social Issues: http://www.ajol.info/public/journals/237/homepageImage.gif
2025-01-28 20:43:13,860 - INFO - Image saved for journal: African Journal for the Psychological Study of Social Issues
2025-01-28 20:43:16,236 - INFO - response: https://duckduckgo.com/?q=African+Journal+of+Accounting+and+Social+Science+Studies 200 19866
2025-01-28 20:43:18,353 - INFO - response: https://duckduckgo.com/i.js?l=wt-wt&o=json&q=African+Journal+of+Accounting+and+Social+Science+Studies&vqd=4-286508003717276044560917360975948486033&f=%2C%2C%2C%2C%2C&p=1 200 58577
2025-01-28 20:43:18,356 - INFO - Found valid image for African Journal of Accounting and Social Science Studies: https://www.ajol.info/public/journals/622/homepageImage_en_US.png
2025-01-28 20:43:20,535 - INFO - Image saved for journal: African Journal of Accounting and Social Science Studies
2025-01-28 20:43:23,306 - INFO - response: https://duckduckgo.com/?q=African+Journal+of+Agriculture%2C+Technology+and+Environment+%28AJATE%29+is 200 20140
2025-01-28 20:43:25,352 - INFO - response: https://duckduckgo.com/i.js?l=wt-wt&o=json&q=African+Journal+of+Agriculture%2C+Technology+and+Environment+%28AJATE%29+is&vqd=4-297921871549702889319324995616781000770&f=%2C%2C%2C%2C%2C&p=1 200 63187
2025-01-28 20:43:25,355 - INFO - Found valid image for African Journal of Agriculture, Technology and Environment (AJATE) is: http://ajate.com.ng/wp-content/uploads/2023/02/AJATE.webp
2025-01-28 20:43:25,927 - ERROR - Error saving image for journal African Journal of Agriculture, Technology and Environment (AJATE) is: ('Connection aborted.', RemoteDisconnected('Remote end closed connection without response'))
2025-01-28 20:43:28,015 - INFO - response: https://duckduckgo.com/?q=African+Journal+of+AIDS+and+HIV+Research 200 19576
2025-01-28 20:43:29,958 - INFO - response: https://duckduckgo.com/i.js?l=wt-wt&o=json&q=African+Journal+of+AIDS+and+HIV+Research&vqd=4-234902925692288388876649728248878418913&f=%2C%2C%2C%2C%2C&p=1 200 67888
2025-01-28 20:43:29,961 - INFO - Found valid image for African Journal of AIDS and HIV Research: https://www.nisc.co.za/media/products/201404011396359638.jpg
2025-01-28 20:43:31,295 - INFO - Image saved for journal: African Journal of AIDS and HIV Research
2025-01-28 20:43:33,557 - INFO - response: https://duckduckgo.com/?q=African+Journal+of+AIDS+Research 200 26851
2025-01-28 20:43:35,295 - INFO - response: https://duckduckgo.com/i.js?l=wt-wt&o=json&q=African+Journal+of+AIDS+Research&vqd=4-12026342032871505507092289651906766749&f=%2C%2C%2C%2C%2C&p=1 200 67524
2025-01-28 20:43:35,298 - INFO - Found valid image for African Journal of AIDS Research: https://www.nisc.co.za/media/products/201404011396359638.jpg
2025-01-28 20:43:36,620 - INFO - Image saved for journal: African Journal of AIDS Research
2025-01-28 20:43:38,907 - INFO - response: https://duckduckgo.com/?q=African+Journal+of+Alcohol+and+Drug+Abuse 200 19584
2025-01-28 20:43:41,637 - INFO - response: https://duckduckgo.com/i.js?l=wt-wt&o=json&q=African+Journal+of+Alcohol+and+Drug+Abuse&vqd=4-43225237272335690139099647715869133366&f=%2C%2C%2C%2C%2C&p=1 200 57668
2025-01-28 20:43:41,640 - INFO - Found valid image for African Journal of Alcohol and Drug Abuse: https://www.ajol.info/public/journals/767/homepageImage_en_US.png
2025-01-28 20:43:44,214 - INFO - Image saved for journal: African Journal of Alcohol and Drug Abuse
2025-01-28 20:43:46,451 - INFO - response: https://duckduckgo.com/?q=African+Journal+of+Anaesthesia+and+Intensive+Care 200 19768
2025-01-28 20:43:48,296 - INFO - response: https://duckduckgo.com/i.js?l=wt-wt&o=json&q=African+Journal+of+Anaesthesia+and+Intensive+Care&vqd=4-235245121870856073610103626710509021422&f=%2C%2C%2C%2C%2C&p=1 200 55499
2025-01-28 20:43:48,299 - INFO - Found valid image for African Journal of Anaesthesia and Intensive Care: https://www.ajol.info/public/journals/199/homepageImage_en_US.jpg
2025-01-28 20:43:49,273 - INFO - Image saved for journal: African Journal of Anaesthesia and Intensive Care
2025-01-28 20:43:51,569 - INFO - response: https://duckduckgo.com/?q=African+Journal+of+Applied+Research 200 19487
2025-01-28 20:43:53,444 - INFO - response: https://duckduckgo.com/i.js?l=wt-wt&o=json&q=African+Journal+of+Applied+Research&vqd=4-210113146082582428700875122021297463713&f=%2C%2C%2C%2C%2C&p=1 200 60826
2025-01-28 20:43:53,447 - INFO - Found valid image for African Journal of Applied Research: https://ajaronline.com/public/journals/1/homepageImage_en_US.jpg
2025-01-28 20:43:54,635 - WARNING - Failed to download image for journal: African Journal of Applied Research - Status code: 406
2025-01-28 20:43:56,800 - INFO - response: https://duckduckgo.com/?q=African+Journal+of+Applied+Zoology+and+Environmental+Biology 200 19993
2025-01-28 20:43:58,633 - INFO - response: https://duckduckgo.com/i.js?l=wt-wt&o=json&q=African+Journal+of+Applied+Zoology+and+Environmental+Biology&vqd=4-25042552574641540074518187038718668360&f=%2C%2C%2C%2C%2C&p=1 200 55236
2025-01-28 20:43:58,636 - INFO - Found valid image for African Journal of Applied Zoology and Environmental Biology: https://journals.co.za/cms/asset/e913d225-0f2f-4bb6-af3d-c994dd2cb720/default_cover.jpg
2025-01-28 20:43:58,759 - WARNING - Failed to download image for journal: African Journal of Applied Zoology and Environmental Biology - Status code: 403
2025-01-28 20:44:01,103 - INFO - response: https://duckduckgo.com/?q=African+Journal+of+Aquatic+Science 200 27168
2025-01-28 20:44:03,037 - INFO - response: https://duckduckgo.com/i.js?l=wt-wt&o=json&q=African+Journal+of+Aquatic+Science&vqd=4-240458444800869602247135943276610480486&f=%2C%2C%2C%2C%2C&p=1 200 59441
2025-01-28 20:44:03,040 - INFO - Found valid image for African Journal of Aquatic Science: https://www.nisc.co.za/media/products/2018040615229983079729653880931.jpg
2025-01-28 20:44:04,937 - INFO - Image saved for journal: African Journal of Aquatic Science
2025-01-28 20:44:07,066 - INFO - response: https://duckduckgo.com/?q=African+Journal+of+Biological+Sciences 200 19524
2025-01-28 20:44:08,879 - INFO - response: https://duckduckgo.com/i.js?l=wt-wt&o=json&q=African+Journal+of+Biological+Sciences&vqd=4-116933963766763284792710594109423694955&f=%2C%2C%2C%2C%2C&p=1 200 56377
2025-01-28 20:44:08,882 - INFO - Found valid image for African Journal of Biological Sciences: https://ajbs.journals.ekb.eg/data/new11/coversheet/head_en.jpg
2025-01-28 20:44:10,881 - INFO - Image saved for journal: African Journal of Biological Sciences
2025-01-28 20:44:13,390 - INFO - response: https://duckduckgo.com/?q=African+Journal+of+Biomedical+Research 200 25752
2025-01-28 20:44:15,219 - INFO - response: https://duckduckgo.com/i.js?l=wt-wt&o=json&q=African+Journal+of+Biomedical+Research&vqd=4-264716267528777044799060324791002251216&f=%2C%2C%2C%2C%2C&p=1 200 60594
2025-01-28 20:44:15,222 - INFO - Found valid image for African Journal of Biomedical Research: https://www.ajtmbr.org.ng/public/journals/1/cover_issue_10_en_US.jpg
2025-01-28 20:44:16,516 - INFO - Image saved for journal: African Journal of Biomedical Research
2025-01-28 20:44:19,132 - INFO - response: https://duckduckgo.com/?q=African+Journal+of+Biomedical+Research 200 25752
2025-01-28 20:44:20,862 - INFO - response: https://duckduckgo.com/i.js?l=wt-wt&o=json&q=African+Journal+of+Biomedical+Research&vqd=4-264716267528777044799060324791002251216&f=%2C%2C%2C%2C%2C&p=1 200 60594
2025-01-28 20:44:20,864 - INFO - Found valid image for African Journal of Biomedical Research: https://www.ajtmbr.org.ng/public/journals/1/cover_issue_10_en_US.jpg
2025-01-28 20:44:22,018 - INFO - Image saved for journal: African Journal of Biomedical Research
2025-01-28 20:44:24,307 - INFO - response: https://duckduckgo.com/?q=African+Journal+of+Biotechnology 200 25594
2025-01-28 20:44:27,113 - INFO - response: https://duckduckgo.com/i.js?l=wt-wt&o=json&q=African+Journal+of+Biotechnology&vqd=4-67297394806380802234836508085314774986&f=%2C%2C%2C%2C%2C&p=1 200 71343
2025-01-28 20:44:27,116 - INFO - Found valid image for African Journal of Biotechnology: https://image.isu.pub/131122092925-9229dea2bba646195e1f5962c71d966b/jpg/page_1_thumb_large.jpg
2025-01-28 20:44:27,885 - INFO - Image saved for journal: African Journal of Biotechnology
2025-01-28 20:44:29,866 - INFO - response: https://duckduckgo.com/?q=African+Journal+of+Business+and+Economic+Research 200 19768
2025-01-28 20:44:31,709 - INFO - response: https://duckduckgo.com/i.js?l=wt-wt&o=json&q=African+Journal+of+Business+and+Economic+Research&vqd=4-225234831342288755886739665657804778260&f=%2C%2C%2C%2C%2C&p=1 200 63749
2025-01-28 20:44:31,713 - INFO - Found valid image for African Journal of Business and Economic Research: https://journals.co.za/cms/asset/add1e9f1-3c3d-4174-8cd5-c06fb8530e42/default_cover.jpg
2025-01-28 20:44:31,792 - WARNING - Failed to download image for journal: African Journal of Business and Economic Research - Status code: 403
2025-01-28 20:44:33,802 - INFO - response: https://duckduckgo.com/?q=African+Journal+of+Business+and+Management+%28AJBUMA%29 200 19796
2025-01-28 20:44:35,636 - INFO - response: https://duckduckgo.com/i.js?l=wt-wt&o=json&q=African+Journal+of+Business+and+Management+%28AJBUMA%29&vqd=4-207726403947740140427170612604012149636&f=%2C%2C%2C%2C%2C&p=1 200 63101
2025-01-28 20:44:35,640 - INFO - Found valid image for African Journal of Business and Management (AJBUMA): https://business.uonbi.ac.ke/sites/default/files/2023-07/Blue+and+Pink+Professional+Business+Strategy+Presentation.jpg
2025-01-28 20:44:36,111 - WARNING - Failed to download image for journal: African Journal of Business and Management (AJBUMA) - Status code: 404
2025-01-28 20:44:38,370 - INFO - response: https://duckduckgo.com/?q=African+Journal+of+Business+Ethics 200 19472
2025-01-28 20:44:40,322 - INFO - response: https://duckduckgo.com/i.js?l=wt-wt&o=json&q=African+Journal+of+Business+Ethics&vqd=4-82898774953866246933177806280506530970&f=%2C%2C%2C%2C%2C&p=1 200 59871
2025-01-28 20:44:40,326 - INFO - Found valid image for African Journal of Business Ethics: https://ajobe.journals.ac.za/public/journals/1/cover_issue_26_en_US.jpg
2025-01-28 20:44:42,509 - INFO - Image saved for journal: African Journal of Business Ethics
2025-01-28 20:44:45,170 - INFO - response: https://duckduckgo.com/?q=African+Journal+of+Career+Development 200 19507
2025-01-28 20:44:47,062 - INFO - response: https://duckduckgo.com/i.js?l=wt-wt&o=json&q=African+Journal+of+Career+Development&vqd=4-79636696581378918629169344570829684887&f=%2C%2C%2C%2C%2C&p=1 200 59682
2025-01-28 20:44:47,066 - INFO - Found valid image for African Journal of Career Development: https://aosis.co.za/wp-content/uploads/2023/09/AJCD-2024-Special-collection-CFP-1536x864.jpg
2025-01-28 20:44:49,162 - INFO - Image saved for journal: African Journal of Career Development
2025-01-28 20:44:51,364 - INFO - response: https://duckduckgo.com/?q=African+Journal+of+Chemical+Education 200 19508
2025-01-28 20:44:53,210 - INFO - response: https://duckduckgo.com/i.js?l=wt-wt&o=json&q=African+Journal+of+Chemical+Education&vqd=4-57052833893614648165949691193157942312&f=%2C%2C%2C%2C%2C&p=1 200 56978
2025-01-28 20:44:53,214 - INFO - Found valid image for African Journal of Chemical Education: https://www.ajol.info/public/journals/480/homepageImage_en_US.jpg
2025-01-28 20:44:53,988 - INFO - Image saved for journal: African Journal of Chemical Education
2025-01-28 20:44:56,176 - INFO - response: https://duckduckgo.com/?q=African+Journal+of+Clinical+and+Experimental+Microbiology 200 19860
2025-01-28 20:44:58,022 - INFO - response: https://duckduckgo.com/i.js?l=wt-wt&o=json&q=African+Journal+of+Clinical+and+Experimental+Microbiology&vqd=4-66851382086576486596799305091712251797&f=%2C%2C%2C%2C%2C&p=1 200 72550
2025-01-28 20:44:58,025 - INFO - Found valid image for African Journal of Clinical and Experimental Microbiology: https://www.africanresearchers.org/wp-content/uploads/2023/08/African-Journal-of-Clinical-and-Experimental-Microbiology.jpg
2025-01-28 20:45:00,000 - INFO - Image saved for journal: African Journal of Clinical and Experimental Microbiology
2025-01-28 20:45:02,227 - INFO - response: https://duckduckgo.com/?q=African+Journal+of+Commercial+Studies 200 19512
2025-01-28 20:45:03,996 - INFO - response: https://duckduckgo.com/i.js?l=wt-wt&o=json&q=African+Journal+of+Commercial+Studies&vqd=4-212531265778586840593980670725598868905&f=%2C%2C%2C%2C%2C&p=1 200 66141
2025-01-28 20:45:04,000 - INFO - Found valid image for African Journal of Commercial Studies: https://i1.rgstatic.net/ii/profile.image/11431281085463988-1663775837767_Q64/African-Journal-Commercial-Studies.jpg
2025-01-28 20:45:04,936 - INFO - Image saved for journal: African Journal of Commercial Studies
2025-01-28 20:45:07,545 - INFO - response: https://duckduckgo.com/?q=African+Journal+of+Cross-Cultural+Psychology+and+Sport+Facilitation 200 29473
2025-01-28 20:45:09,490 - INFO - response: https://duckduckgo.com/i.js?l=wt-wt&o=json&q=African+Journal+of+Cross-Cultural+Psychology+and+Sport+Facilitation&vqd=4-114630906797099073486782479512140114069&f=%2C%2C%2C%2C%2C&p=1 200 59474
2025-01-28 20:45:09,493 - INFO - Found valid image for African Journal of Cross-Cultural Psychology and Sport Facilitation: https://mysubs.in/wp-content/uploads/journal-of-cross-cultural-psychology-journal-subscription-17-Dec-2019.png
2025-01-28 20:45:12,342 - INFO - Image saved for journal: African Journal of Cross-Cultural Psychology and Sport Facilitation
2025-01-28 20:45:14,512 - INFO - response: https://duckduckgo.com/?q=African+Journal+of+Current+Medical+Research 200 19598
2025-01-28 20:45:16,352 - INFO - response: https://duckduckgo.com/i.js?l=wt-wt&o=json&q=African+Journal+of+Current+Medical+Research&vqd=4-138944653610888220166038730321342606005&f=%2C%2C%2C%2C%2C&p=1 200 54273
2025-01-28 20:45:16,356 - INFO - Found valid image for African Journal of Current Medical Research: https://www.ajol.info/public/journals/602/homepageImage_en_US.jpg
2025-01-28 20:45:19,206 - INFO - Image saved for journal: African Journal of Current Medical Research
2025-01-28 20:45:21,368 - INFO - response: https://duckduckgo.com/?q=African+Journal+of+Democracy+and+Election+Research 200 19780
2025-01-28 20:45:23,234 - INFO - response: https://duckduckgo.com/i.js?l=wt-wt&o=json&q=African+Journal+of+Democracy+and+Election+Research&vqd=4-213218708072507949735906640543474646115&f=%2C%2C%2C%2C%2C&p=1 200 59156
2025-01-28 20:45:23,238 - INFO - Found valid image for African Journal of Democracy and Election Research: https://journals.co.za/pb-assets/productImages/aa.ajder_cover-1627577106367.jpg
2025-01-28 20:45:27,586 - INFO - Image saved for journal: African Journal of Democracy and Election Research
2025-01-28 20:45:29,768 - INFO - response: https://duckduckgo.com/?q=African+Journal+of+Democracy+and+Governance 200 19600
2025-01-28 20:45:31,818 - INFO - response: https://duckduckgo.com/i.js?l=wt-wt&o=json&q=African+Journal+of+Democracy+and+Governance&vqd=4-181178354901625252188807705990315274172&f=%2C%2C%2C%2C%2C&p=1 200 60683
2025-01-28 20:45:31,822 - INFO - Found valid image for African Journal of Democracy and Governance: https://journals.co.za/cms/asset/d337a4ba-ce11-4d43-b460-2c578e805c02/ajdg.v8.n1-2.cover.jpg
2025-01-28 20:45:31,891 - WARNING - Failed to download image for journal: African Journal of Democracy and Governance - Status code: 403
2025-01-28 20:45:34,989 - INFO - response: https://duckduckgo.com/?q=African+Journal+of+Democracy+and+Governance 200 19599
2025-01-28 20:45:36,836 - INFO - response: https://duckduckgo.com/i.js?l=wt-wt&o=json&q=African+Journal+of+Democracy+and+Governance&vqd=4-181178354901625252188807705990315274172&f=%2C%2C%2C%2C%2C&p=1 200 60683
2025-01-28 20:45:36,838 - INFO - Found valid image for African Journal of Democracy and Governance: https://journals.co.za/cms/asset/d337a4ba-ce11-4d43-b460-2c578e805c02/ajdg.v8.n1-2.cover.jpg
2025-01-28 20:45:36,903 - WARNING - Failed to download image for journal: African Journal of Democracy and Governance - Status code: 403
2025-01-28 20:45:39,083 - INFO - response: https://duckduckgo.com/?q=African+Journal+of+Dentistry+and+Implantology+-+Revue+de+la+M%C3%A9decine+Dentaire 200 20390
2025-01-28 20:45:41,036 - INFO - response: https://duckduckgo.com/i.js?l=wt-wt&o=json&q=African+Journal+of+Dentistry+and+Implantology+-+Revue+de+la+M%C3%A9decine+Dentaire&vqd=4-198196233836559112217054517150334536083&f=%2C%2C%2C%2C%2C&p=1 200 55823
2025-01-28 20:45:41,038 - INFO - Found valid image for African Journal of Dentistry and Implantology - Revue de la Médecine Dentaire: https://image.isu.pub/161102114400-29cf224d9ff8be0644bbe1488c83459c/jpg/page_1.jpg
2025-01-28 20:45:42,409 - INFO - Image saved for journal: African Journal of Dentistry and Implantology - Revue de la Médecine Dentaire
2025-01-28 20:45:44,618 - INFO - response: https://duckduckgo.com/?q=African+Journal+of+Development+Studies+%28formerly+AFFRIKA+Journal+of+Politics%2C+Economics+and+Society%29 200 20741
2025-01-28 20:45:46,462 - INFO - response: https://duckduckgo.com/i.js?l=wt-wt&o=json&q=African+Journal+of+Development+Studies+%28formerly+AFFRIKA+Journal+of+Politics%2C+Economics+and+Society%29&vqd=4-198329190677809654225315636444148433106&f=%2C%2C%2C%2C%2C&p=1 200 55439
2025-01-28 20:45:46,466 - INFO - Found valid image for African Journal of Development Studies (formerly AFFRIKA Journal of Politics, Economics and Society): https://journals.co.za/pb-assets/productImages/aa.affrika1_cover-1603397912977.jpg
2025-01-28 20:45:46,781 - INFO - Image saved for journal: African Journal of Development Studies (formerly AFFRIKA Journal of Politics, Economics and Society)
2025-01-28 20:45:49,028 - INFO - response: https://duckduckgo.com/?q=African+Journal+of+Diabetes+Medicine 200 19496
2025-01-28 20:45:50,871 - INFO - response: https://duckduckgo.com/i.js?l=wt-wt&o=json&q=African+Journal+of+Diabetes+Medicine&vqd=4-24972009299331900280049141928221597919&f=%2C%2C%2C%2C%2C&p=1 200 63833
2025-01-28 20:45:50,874 - INFO - Found valid image for African Journal of Diabetes Medicine: http://africa-health.com/wp-content/uploads/2015/11/AJDM-logo-1_RGB.jpg
2025-01-28 20:45:52,372 - INFO - Image saved for journal: African Journal of Diabetes Medicine
2025-01-28 20:45:54,854 - INFO - response: https://duckduckgo.com/?q=African+Journal+of+Disability 200 19398
2025-01-28 20:45:56,593 - INFO - response: https://duckduckgo.com/i.js?l=wt-wt&o=json&q=African+Journal+of+Disability&vqd=4-91380886148320763364109726192683806638&f=%2C%2C%2C%2C%2C&p=1 200 64002
2025-01-28 20:45:56,596 - INFO - Found valid image for African Journal of Disability: https://www.youfabiao.com/upload/image/202407/31/19afc_2a83.jpg
2025-01-28 20:46:01,328 - INFO - Image saved for journal: African Journal of Disability
2025-01-28 20:46:03,351 - INFO - response: https://duckduckgo.com/?q=African+Journal+of+Disability 200 19398
2025-01-28 20:46:05,195 - INFO - response: https://duckduckgo.com/i.js?l=wt-wt&o=json&q=African+Journal+of+Disability&vqd=4-91380886148320763364109726192683806638&f=%2C%2C%2C%2C%2C&p=1 200 64002
2025-01-28 20:46:05,198 - INFO - Found valid image for African Journal of Disability: https://www.youfabiao.com/upload/image/202407/31/19afc_2a83.jpg
2025-01-28 20:46:09,874 - INFO - Image saved for journal: African Journal of Disability
2025-01-28 20:46:12,669 - INFO - response: https://duckduckgo.com/?q=African+Journal+of+Drug+and+Alcohol+Studies 200 19608
2025-01-28 20:46:14,637 - INFO - response: https://duckduckgo.com/i.js?l=wt-wt&o=json&q=African+Journal+of+Drug+and+Alcohol+Studies&vqd=4-19276467263180534858522896635451222688&f=%2C%2C%2C%2C%2C&p=1 200 57712
2025-01-28 20:46:14,641 - INFO - Found valid image for African Journal of Drug and Alcohol Studies: https://www.mrc.ac.za/sites/default/files/attachments/2022-07/AfricanJournal.jpg
2025-01-28 20:46:15,356 - ERROR - Error saving image for journal African Journal of Drug and Alcohol Studies: HTTPSConnectionPool(host='www.mrc.ac.za', port=443): Max retries exceeded with url: /sites/default/files/attachments/2022-07/AfricanJournal.jpg (Caused by SSLError(SSLCertVerificationError(1, "[SSL: CERTIFICATE_VERIFY_FAILED] certificate verify failed: Hostname mismatch, certificate is not valid for 'www.mrc.ac.za'. (_ssl.c:1018)")))
2025-01-28 20:46:17,585 - INFO - response: https://duckduckgo.com/?q=African+Journal+of+Economic+Policy 200 26150
2025-01-28 20:46:19,428 - INFO - response: https://duckduckgo.com/i.js?l=wt-wt&o=json&q=African+Journal+of+Economic+Policy&vqd=4-235155292593424557043655972845454540676&f=%2C%2C%2C%2C%2C&p=1 200 61338
2025-01-28 20:46:19,431 - INFO - Found valid image for African Journal of Economic Policy: https://www.ajol.info/public/journals/147/homepageImage.jpg
2025-01-28 20:46:20,711 - INFO - Image saved for journal: African Journal of Economic Policy
2025-01-28 20:46:22,909 - INFO - response: https://duckduckgo.com/?q=African+Journal+of+Economic+Review 200 19476
2025-01-28 20:46:24,548 - INFO - response: https://duckduckgo.com/i.js?l=wt-wt&o=json&q=African+Journal+of+Economic+Review&vqd=4-174696376683028168329699686995811331486&f=%2C%2C%2C%2C%2C&p=1 200 60574
2025-01-28 20:46:24,551 - INFO - Found valid image for African Journal of Economic Review: https://www.ajol.info/public/journals/540/homepageImage_en_US.jpg
2025-01-28 20:46:25,803 - INFO - Image saved for journal: African Journal of Economic Review
2025-01-28 20:46:28,030 - INFO - response: https://duckduckgo.com/?q=African+Journal+of+Educational+Research+and+Development 200 19836
2025-01-28 20:46:29,873 - INFO - response: https://duckduckgo.com/i.js?l=wt-wt&o=json&q=African+Journal+of+Educational+Research+and+Development&vqd=4-55421751229243697493171845397899500868&f=%2C%2C%2C%2C%2C&p=1 200 60958
2025-01-28 20:46:29,876 - INFO - Found valid image for African Journal of Educational Research and Development: https://ercptjournal.org/wp-content/uploads/elementor/thumbs/final-cover-o9ybmrotx7lq3zlp1lizn9zq69a4ax3vv0aoztrpz4.jpg
2025-01-28 20:46:32,024 - INFO - Image saved for journal: African Journal of Educational Research and Development
2025-01-28 20:46:33,983 - INFO - response: https://duckduckgo.com/?q=African+Journal+of+Educational+Studies+in+Mathematics+and+Sciences 200 26441
2025-01-28 20:46:35,833 - INFO - response: https://duckduckgo.com/i.js?l=wt-wt&o=json&q=African+Journal+of+Educational+Studies+in+Mathematics+and+Sciences&vqd=4-221109220724136244476496942327284599458&f=%2C%2C%2C%2C%2C&p=1 200 61677
2025-01-28 20:46:35,837 - INFO - Found valid image for African Journal of Educational Studies in Mathematics and Sciences: https://www.ajol.info/public/journals/295/homepageImage_en_US.jpg
2025-01-28 20:46:36,696 - INFO - Image saved for journal: African Journal of Educational Studies in Mathematics and Sciences
2025-01-28 20:46:38,783 - INFO - response: https://duckduckgo.com/?q=African+Journal+of+Education+and+Social+Sciences 200 19756
2025-01-28 20:46:40,671 - INFO - response: https://duckduckgo.com/i.js?l=wt-wt&o=json&q=African+Journal+of+Education+and+Social+Sciences&vqd=4-294437857213449025052642402896661211763&f=%2C%2C%2C%2C%2C&p=1 200 58530
2025-01-28 20:46:40,674 - INFO - Found valid image for African Journal of Education and Social Sciences: https://journals.uew.edu.gh/public/journals/7/cover_issue_20_en_US.jpg
2025-01-28 20:46:43,085 - ERROR - Error saving image for journal African Journal of Education and Social Sciences: HTTPSConnectionPool(host='journals.uew.edu.gh', port=443): Max retries exceeded with url: /public/journals/7/cover_issue_20_en_US.jpg (Caused by SSLError(SSLCertVerificationError(1, '[SSL: CERTIFICATE_VERIFY_FAILED] certificate verify failed: certificate has expired (_ssl.c:1018)')))
2025-01-28 20:46:45,234 - INFO - response: https://duckduckgo.com/?q=African+Journal+of+Education%2C+Science+and+Technology 200 19821
2025-01-28 20:46:47,281 - INFO - response: https://duckduckgo.com/i.js?l=wt-wt&o=json&q=African+Journal+of+Education%2C+Science+and+Technology&vqd=4-296903480311141526781357180986985240392&f=%2C%2C%2C%2C%2C&p=1 200 60197
2025-01-28 20:46:47,284 - INFO - Found valid image for African Journal of Education, Science and Technology: https://ajest.info/public/journals/1/cover_issue_33_en_US.jpg
2025-01-28 20:46:49,814 - INFO - Image saved for journal: African Journal of Education, Science and Technology
2025-01-28 20:46:51,992 - INFO - response: https://duckduckgo.com/?q=african-journal-of-emergency-medicine 200 19508
2025-01-28 20:46:53,835 - INFO - response: https://duckduckgo.com/i.js?l=wt-wt&o=json&q=african-journal-of-emergency-medicine&vqd=4-42948745798952137079970640088982878008&f=%2C%2C%2C%2C%2C&p=1 200 57827
2025-01-28 20:46:53,838 - INFO - Found valid image for african-journal-of-emergency-medicine: https://secure-ecsd.elsevier.com/covers/80/Tango2/large/2211419X.jpg
2025-01-28 20:46:54,120 - INFO - Image saved for journal: african-journal-of-emergency-medicine
2025-01-28 20:46:56,292 - INFO - response: https://duckduckgo.com/?q=African+Journal+of+Emergency+Medicine 200 19511
2025-01-28 20:46:58,136 - INFO - response: https://duckduckgo.com/i.js?l=wt-wt&o=json&q=African+Journal+of+Emergency+Medicine&vqd=4-151153515594021553977181254642460456284&f=%2C%2C%2C%2C%2C&p=1 200 57785
2025-01-28 20:46:58,139 - INFO - Found valid image for African Journal of Emergency Medicine: https://secure-ecsd.elsevier.com/covers/80/Tango2/large/2211419X.jpg
2025-01-28 20:46:58,438 - INFO - Image saved for journal: African Journal of Emergency Medicine
2025-01-28 20:47:00,594 - INFO - response: https://duckduckgo.com/?q=African+Journal+of+Empirical+Research 200 19511
2025-01-28 20:47:02,544 - INFO - response: https://duckduckgo.com/i.js?l=wt-wt&o=json&q=African+Journal+of+Empirical+Research&vqd=4-117980028453335787278438495938864170785&f=%2C%2C%2C%2C%2C&p=1 200 64235
2025-01-28 20:47:02,548 - INFO - Found valid image for African Journal of Empirical Research: https://www.ajol.info/public/journals/642/homepageImage_en_US.jpg
2025-01-28 20:47:03,940 - INFO - Image saved for journal: African Journal of Empirical Research
2025-01-28 20:47:06,660 - INFO - response: https://duckduckgo.com/?q=African+Journal+of+Employee+Relations 200 19512
2025-01-28 20:47:09,008 - INFO - response: https://duckduckgo.com/i.js?l=wt-wt&o=json&q=African+Journal+of+Employee+Relations&vqd=4-280353962823589255830983433844209661978&f=%2C%2C%2C%2C%2C&p=1 200 60091
2025-01-28 20:47:09,011 - INFO - Found valid image for African Journal of Employee Relations: https://journals.co.za/cms/asset/201ba2cc-4548-43bc-803d-b0e8c2e538f9/default_cover.jpg
2025-01-28 20:47:09,574 - WARNING - Failed to download image for journal: African Journal of Employee Relations - Status code: 403
2025-01-28 20:47:11,761 - INFO - response: https://duckduckgo.com/?q=African+Journal+of+Endocrinology+and+Metabolism 200 19730
2025-01-28 20:47:13,605 - INFO - response: https://duckduckgo.com/i.js?l=wt-wt&o=json&q=African+Journal+of+Endocrinology+and+Metabolism&vqd=4-183169542139136086654118355367176433860&f=%2C%2C%2C%2C%2C&p=1 200 57307
2025-01-28 20:47:13,608 - INFO - Found valid image for African Journal of Endocrinology and Metabolism: https://medpharm.co.za/wp-content/uploads/2023/03/Journal-Cover_Online-2.jpg
2025-01-28 20:47:15,209 - INFO - Image saved for journal: African Journal of Endocrinology and Metabolism
2025-01-28 20:47:17,394 - INFO - response: https://duckduckgo.com/?q=African+Journal+of+Enology 200 19274
2025-01-28 20:47:19,143 - INFO - response: https://duckduckgo.com/i.js?l=wt-wt&o=json&q=African+Journal+of+Enology&vqd=4-80526129651620367234454239945783671557&f=%2C%2C%2C%2C%2C&p=1 200 57323
2025-01-28 20:47:19,147 - INFO - Found valid image for African Journal of Enology: https://www.journals.ac.za/public/journals/21/cover_issue_399_en_US.png
2025-01-28 20:47:21,696 - INFO - Image saved for journal: African Journal of Enology
2025-01-28 20:47:23,943 - INFO - response: https://duckduckgo.com/?q=African+Journal+of+Entrepreneurship+and+Innovations+%28AJeIN%29 200 19892
2025-01-28 20:47:25,787 - INFO - response: https://duckduckgo.com/i.js?l=wt-wt&o=json&q=African+Journal+of+Entrepreneurship+and+Innovations+%28AJeIN%29&vqd=4-254728875079106777233764650677804437866&f=%2C%2C%2C%2C%2C&p=1 200 60286
2025-01-28 20:47:25,791 - INFO - Found valid image for African Journal of Entrepreneurship and Innovations (AJeIN): https://uonjournals.uonbi.ac.ke/ojs/public/journals/25/cover_issue_269_en_US.jpg
2025-01-28 20:47:26,090 - INFO - Image saved for journal: African Journal of Entrepreneurship and Innovations (AJeIN)
2025-01-28 20:47:28,346 - INFO - response: https://duckduckgo.com/?q=African+Journal+of+Environmental+Science+and+Technology 200 19835
2025-01-28 20:47:30,709 - INFO - response: https://duckduckgo.com/i.js?l=wt-wt&o=json&q=African+Journal+of+Environmental+Science+and+Technology&vqd=4-11324331236383892139378022455052366733&f=%2C%2C%2C%2C%2C&p=1 200 68377
2025-01-28 20:47:30,712 - INFO - Found valid image for African Journal of Environmental Science and Technology: http://www.speciation.net/md/000/005/271/th_Afr_J_Env_Sci_Technol.jpg
2025-01-28 20:47:34,294 - INFO - Image saved for journal: African Journal of Environmental Science and Technology
2025-01-28 20:47:36,338 - INFO - response: https://duckduckgo.com/?q=African+Journal+of+Farm+Child+and+Youth+Development 200 19806
2025-01-28 20:47:38,122 - INFO - response: https://duckduckgo.com/i.js?l=wt-wt&o=json&q=African+Journal+of+Farm+Child+and+Youth+Development&vqd=4-276835692387937984522794939033631294509&f=%2C%2C%2C%2C%2C&p=1 200 66178
2025-01-28 20:47:38,125 - INFO - Found valid image for African Journal of Farm Child and Youth Development: https://journals.co.za/cms/asset/6e3a955e-3250-4df1-8d21-8230523405b9/default_cover.jpg
2025-01-28 20:47:38,212 - WARNING - Failed to download image for journal: African Journal of Farm Child and Youth Development - Status code: 403
2025-01-28 20:47:40,122 - INFO - response: https://duckduckgo.com/?q=African+Journal+of+Finance+and+Management 200 19574
2025-01-28 20:47:42,048 - INFO - response: https://duckduckgo.com/i.js?l=wt-wt&o=json&q=African+Journal+of+Finance+and+Management&vqd=4-135785122913399684398741822308307367741&f=%2C%2C%2C%2C%2C&p=1 200 59237
2025-01-28 20:47:42,052 - INFO - Found valid image for African Journal of Finance and Management: https://www.ajol.info/public/journals/148/homepageImage.gif
2025-01-28 20:47:43,072 - INFO - Image saved for journal: African Journal of Finance and Management
2025-01-28 20:47:45,248 - INFO - response: https://duckduckgo.com/?q=African+Journal+of+Food%2C+Agriculture%2C+Nutrition+and+Development 200 27284
2025-01-28 20:47:47,090 - INFO - response: https://duckduckgo.com/i.js?l=wt-wt&o=json&q=African+Journal+of+Food%2C+Agriculture%2C+Nutrition+and+Development&vqd=4-267210063272657026681241457825526465647&f=%2C%2C%2C%2C%2C&p=1 200 61873
2025-01-28 20:47:47,093 - INFO - Found valid image for African Journal of Food, Agriculture, Nutrition and Development: https://www.ajol.info/public/journals/110/homepageImage.jpg
2025-01-28 20:47:48,176 - INFO - Image saved for journal: African Journal of Food, Agriculture, Nutrition and Development
2025-01-28 20:47:50,392 - INFO - response: https://duckduckgo.com/?q=African+Journal+of+Food%2CAgriculture%2CNutrition+and+Development 200 20030
2025-01-28 20:47:52,203 - INFO - response: https://duckduckgo.com/i.js?l=wt-wt&o=json&q=African+Journal+of+Food%2CAgriculture%2CNutrition+and+Development&vqd=4-137714963637915053976845180294050864215&f=%2C%2C%2C%2C%2C&p=1 200 62326
2025-01-28 20:47:52,207 - INFO - Found valid image for African Journal of Food,Agriculture,Nutrition and Development: https://www.ajol.info/public/journals/110/homepageImage.jpg
2025-01-28 20:47:53,357 - INFO - Image saved for journal: African Journal of Food,Agriculture,Nutrition and Development
2025-01-28 20:47:55,480 - INFO - response: https://duckduckgo.com/?q=African+Journal+of+Food+and+Nutritional+Security 200 19752
2025-01-28 20:47:57,118 - INFO - response: https://duckduckgo.com/i.js?l=wt-wt&o=json&q=African+Journal+of+Food+and+Nutritional+Security&vqd=4-40621466500407671757415903581426787056&f=%2C%2C%2C%2C%2C&p=1 200 56599
2025-01-28 20:47:57,121 - INFO - Found valid image for African Journal of Food and Nutritional Security: https://najfnr.com/public/journals/1/submission_114_114_coverImage_en_US.jpg
2025-01-28 20:47:59,323 - INFO - Image saved for journal: African Journal of Food and Nutritional Security
2025-01-28 20:48:01,523 - INFO - response: https://duckduckgo.com/?q=African+Journal+of+Gastroenterology+and+Hepatology 200 19763
2025-01-28 20:48:03,262 - INFO - response: https://duckduckgo.com/i.js?l=wt-wt&o=json&q=African+Journal+of+Gastroenterology+and+Hepatology&vqd=4-14266037823806919985225224301698648662&f=%2C%2C%2C%2C%2C&p=1 200 53812
2025-01-28 20:48:03,266 - INFO - Found valid image for African Journal of Gastroenterology and Hepatology: https://ajgh.journals.ekb.eg/data/ajgh/coversheet/cover_en.jpg
2025-01-28 20:48:05,356 - INFO - Image saved for journal: African Journal of Gastroenterology and Hepatology
2025-01-28 20:48:07,461 - INFO - response: https://duckduckgo.com/?q=African+Journal+of+Gender%2C+Society+and+Development+%28formerly+Journal+of+Gender%2C+Information+and+Development+in+Africa%29 200 21099
2025-01-28 20:48:09,183 - INFO - response: https://duckduckgo.com/i.js?l=wt-wt&o=json&q=African+Journal+of+Gender%2C+Society+and+Development+%28formerly+Journal+of+Gender%2C+Information+and+Development+in+Africa%29&vqd=4-273995722285847005062209104907767354191&f=%2C%2C%2C%2C%2C&p=1 200 55789
2025-01-28 20:48:09,186 - INFO - Found valid image for African Journal of Gender, Society and Development (formerly Journal of Gender, Information and Development in Africa): https://journals.co.za/cms/asset/1b7edf60-9410-45fd-81bf-42a21ec62625/default_cover.jpg
2025-01-28 20:48:09,297 - WARNING - Failed to download image for journal: African Journal of Gender, Society and Development (formerly Journal of Gender, Information and Development in Africa) - Status code: 403
2025-01-28 20:48:12,075 - INFO - response: https://duckduckgo.com/?q=African+Journal+of+Governance+and+Development 200 19706
2025-01-28 20:48:13,718 - INFO - response: https://duckduckgo.com/i.js?l=wt-wt&o=json&q=African+Journal+of+Governance+and+Development&vqd=4-131654945877404659318256310360411951359&f=%2C%2C%2C%2C%2C&p=1 200 57663
2025-01-28 20:48:13,722 - INFO - Found valid image for African Journal of Governance and Development: https://ajgd.journalofgovernance.com/public/journals/1/homepageImage_en.jpg
2025-01-28 20:48:15,665 - WARNING - Failed to download image for journal: African Journal of Governance and Development - Status code: 406
2025-01-28 20:48:17,819 - INFO - response: https://duckduckgo.com/?q=African+Journal+of+Health+Economics 200 19483
2025-01-28 20:48:19,750 - INFO - response: https://duckduckgo.com/i.js?l=wt-wt&o=json&q=African+Journal+of+Health+Economics&vqd=4-18038127066602362779760809743063413093&f=%2C%2C%2C%2C%2C&p=1 200 55274
2025-01-28 20:48:19,753 - INFO - Found valid image for African Journal of Health Economics: https://www.afjhms.com/public/journals/1/cover_issue_1_en_US.jpg
2025-01-28 20:48:22,305 - INFO - Image saved for journal: African Journal of Health Economics
2025-01-28 20:48:24,460 - INFO - response: https://duckduckgo.com/?q=African+Journal+of+Health+Issues 200 19448
2025-01-28 20:48:26,302 - INFO - response: https://duckduckgo.com/i.js?l=wt-wt&o=json&q=African+Journal+of+Health+Issues&vqd=4-89590863233026037188841982388693144825&f=%2C%2C%2C%2C%2C&p=1 200 54819
2025-01-28 20:48:26,305 - INFO - Found valid image for African Journal of Health Issues: https://www.afjhms.com/public/journals/1/cover_issue_2_en_US.jpg
2025-01-28 20:48:28,271 - INFO - Image saved for journal: African Journal of Health Issues
2025-01-28 20:48:30,501 - INFO - response: https://duckduckgo.com/?q=African+Journal+of+Health+Professions+Education 200 19731
2025-01-28 20:48:32,344 - INFO - response: https://duckduckgo.com/i.js?l=wt-wt&o=json&q=African+Journal+of+Health+Professions+Education&vqd=4-217127559076858412638084814892480763579&f=%2C%2C%2C%2C%2C&p=1 200 59768
2025-01-28 20:48:32,348 - INFO - Found valid image for African Journal of Health Professions Education: https://journals.co.za/cms/asset/1f81b394-45ce-45d8-901b-7f714e26238b/m.ajhpe.v14.n1.cover.jpg
2025-01-28 20:48:32,426 - WARNING - Failed to download image for journal: African Journal of Health Professions Education - Status code: 403
2025-01-28 20:48:34,604 - INFO - response: https://duckduckgo.com/?q=African+Journal+of+Health+Professions+Education 200 19730
2025-01-28 20:48:36,555 - INFO - response: https://duckduckgo.com/i.js?l=wt-wt&o=json&q=African+Journal+of+Health+Professions+Education&vqd=4-217127559076858412638084814892480763579&f=%2C%2C%2C%2C%2C&p=1 200 59768
2025-01-28 20:48:36,558 - INFO - Found valid image for African Journal of Health Professions Education: https://journals.co.za/cms/asset/1f81b394-45ce-45d8-901b-7f714e26238b/m.ajhpe.v14.n1.cover.jpg
2025-01-28 20:48:36,688 - WARNING - Failed to download image for journal: African Journal of Health Professions Education - Status code: 403
2025-01-28 20:48:38,916 - INFO - response: https://duckduckgo.com/?q=African+journal+of+Health+Proffessions+education 200 19739
2025-01-28 20:48:40,965 - INFO - response: https://duckduckgo.com/i.js?l=wt-wt&o=json&q=African+journal+of+Health+Proffessions+education&vqd=4-27867179295425170437292242201858644149&f=%2C%2C%2C%2C%2C&p=1 200 58506
2025-01-28 20:48:40,968 - INFO - Found valid image for African journal of Health Proffessions education: https://journals.co.za/cms/asset/1f81b394-45ce-45d8-901b-7f714e26238b/m.ajhpe.v14.n1.cover.jpg
2025-01-28 20:48:41,065 - WARNING - Failed to download image for journal: African journal of Health Proffessions education - Status code: 403
2025-01-28 20:48:43,309 - INFO - response: https://duckduckgo.com/?q=African+Journal+of+Health+Sciences 200 25736
2025-01-28 20:48:45,155 - INFO - response: https://duckduckgo.com/i.js?l=wt-wt&o=json&q=African+Journal+of+Health+Sciences&vqd=4-161530699938370593727381314303502066128&f=%2C%2C%2C%2C%2C&p=1 200 55734
2025-01-28 20:48:45,158 - INFO - Found valid image for African Journal of Health Sciences: https://ojs.ajhsjournal.or.ke/public/journals/1/homepageImage_en_US.png
2025-01-28 20:48:47,677 - INFO - Image saved for journal: African Journal of Health Sciences
2025-01-28 20:48:49,872 - INFO - response: https://duckduckgo.com/?q=African+Journal+of+Herpetology 200 26805
2025-01-28 20:48:51,598 - INFO - response: https://duckduckgo.com/i.js?l=wt-wt&o=json&q=African+Journal+of+Herpetology&vqd=4-113169195909877210466544393134152483186&f=%2C%2C%2C%2C%2C&p=1 200 59778
2025-01-28 20:48:51,601 - INFO - Found valid image for African Journal of Herpetology: https://www.tandfonline.com/cms/asset/b6ca5861-7640-4b5b-ab3d-e8651aac1082/ther20.v072.i02.cover.jpg
2025-01-28 20:48:51,743 - WARNING - Failed to download image for journal: African Journal of Herpetology - Status code: 403
2025-01-28 20:48:53,963 - INFO - response: https://duckduckgo.com/?q=African+Journal+of+Hospitality%2CTourism+and+Leisure 200 19782
2025-01-28 20:48:55,724 - INFO - response: https://duckduckgo.com/i.js?l=wt-wt&o=json&q=African+Journal+of+Hospitality%2CTourism+and+Leisure&vqd=4-234448157637151331164560317675611242139&f=%2C%2C%2C%2C%2C&p=1 200 66609
2025-01-28 20:48:55,728 - INFO - Found valid image for African Journal of Hospitality,Tourism and Leisure: https://i1.rgstatic.net/publication/348035927_African_Journal_of_Hospitality_Tourism_and_Leisure_ISSN_2223-814X_The_Nature_of_Cultural_and_Heritage_Tourism_in_Greater_Polokwane_Limpopo_South_Africa/links/5fed9ed2a6fdccdcb81b5e76/largepreview.png
2025-01-28 20:48:56,766 - INFO - Image saved for journal: African Journal of Hospitality,Tourism and Leisure
2025-01-28 20:48:58,987 - INFO - response: https://duckduckgo.com/?q=African+Journal+of+Infectious+Diseases 200 26238
2025-01-28 20:49:00,824 - INFO - response: https://duckduckgo.com/i.js?l=wt-wt&o=json&q=African+Journal+of+Infectious+Diseases&vqd=4-192556407897311990377545616286124312512&f=%2C%2C%2C%2C%2C&p=1 200 59860
2025-01-28 20:49:00,827 - INFO - Found valid image for African Journal of Infectious Diseases: https://www.internationalscholarsjournals.com/admin/flyers/african-journal-of-infectious-diseases-research-flyer.JPG
2025-01-28 20:49:01,193 - INFO - Image saved for journal: African Journal of Infectious Diseases
2025-01-28 20:49:03,387 - INFO - response: https://duckduckgo.com/?q=African+Journal+of+Infectious+Diseases+Research 200 19730
2025-01-28 20:49:05,324 - INFO - response: https://duckduckgo.com/i.js?l=wt-wt&o=json&q=African+Journal+of+Infectious+Diseases+Research&vqd=4-212261541931588617718285546576199517199&f=%2C%2C%2C%2C%2C&p=1 200 60753
2025-01-28 20:49:05,327 - INFO - Found valid image for African Journal of Infectious Diseases Research: https://www.internationalscholarsjournals.com/admin/flyers/african-journal-of-infectious-diseases-research-flyer.JPG
2025-01-28 20:49:06,374 - INFO - Image saved for journal: African Journal of Infectious Diseases Research
2025-01-28 20:49:08,401 - INFO - response: https://duckduckgo.com/?q=African+Journal+of+Inter-multidisciplinary+Studies 200 19762
2025-01-28 20:49:10,030 - INFO - response: https://duckduckgo.com/i.js?l=wt-wt&o=json&q=African+Journal+of+Inter-multidisciplinary+Studies&vqd=4-55273959367332976148982999139109713855&f=%2C%2C%2C%2C%2C&p=1 200 55100
2025-01-28 20:49:10,034 - INFO - Found valid image for African Journal of Inter-multidisciplinary Studies: https://journals.co.za/cms/asset/3d3c8d9e-0a56-472c-a118-0db632163c70/ajims.v2.n1.cover.jpg
2025-01-28 20:49:10,108 - WARNING - Failed to download image for journal: African Journal of Inter-multidisciplinary Studies - Status code: 403
2025-01-28 20:49:12,288 - INFO - response: https://duckduckgo.com/?q=African+Journal+of+Inter%2FMultidisciplinary+Studies 200 19769
2025-01-28 20:49:14,034 - INFO - response: https://duckduckgo.com/i.js?l=wt-wt&o=json&q=African+Journal+of+Inter%2FMultidisciplinary+Studies&vqd=4-194606603510121948325348655932486491769&f=%2C%2C%2C%2C%2C&p=1 200 55103
2025-01-28 20:49:14,038 - INFO - Found valid image for African Journal of Inter/Multidisciplinary Studies: https://journals.co.za/cms/asset/3d3c8d9e-0a56-472c-a118-0db632163c70/ajims.v2.n1.cover.jpg
2025-01-28 20:49:14,119 - WARNING - Failed to download image for journal: African Journal of Inter/Multidisciplinary Studies - Status code: 403
2025-01-28 20:49:16,181 - INFO - response: https://duckduckgo.com/?q=African+Journal+of+International+Affairs+and+Development 200 27199
2025-01-28 20:49:18,130 - INFO - response: https://duckduckgo.com/i.js?l=wt-wt&o=json&q=African+Journal+of+International+Affairs+and+Development&vqd=4-43824093911421870238801771034578740103&f=%2C%2C%2C%2C%2C&p=1 200 58751
2025-01-28 20:49:18,133 - INFO - Found valid image for African Journal of International Affairs and Development: https://journals.lcu.edu.ng/public/journals/1/cover_issue_52_en.jpg
2025-01-28 20:49:19,147 - ERROR - Error saving image for journal African Journal of International Affairs and Development: HTTPSConnectionPool(host='journals.lcu.edu.ng', port=443): Max retries exceeded with url: /public/journals/1/cover_issue_52_en.jpg (Caused by SSLError(SSLCertVerificationError(1, '[SSL: CERTIFICATE_VERIFY_FAILED] certificate verify failed: certificate has expired (_ssl.c:1018)')))
2025-01-28 20:49:21,405 - INFO - response: https://duckduckgo.com/?q=African+Journal+of+Laboratory+Haematology+and+Transfusion+Science 200 20058
2025-01-28 20:49:23,352 - INFO - response: https://duckduckgo.com/i.js?l=wt-wt&o=json&q=African+Journal+of+Laboratory+Haematology+and+Transfusion+Science&vqd=4-190645871280971093300598204963160172118&f=%2C%2C%2C%2C%2C&p=1 200 61010
2025-01-28 20:49:23,355 - INFO - Found valid image for African Journal of Laboratory Haematology and Transfusion Science: https://www.nigerianmedlabscientist.com.ng/wp-content/uploads/2023/07/African-journal-of-laboratory-haematology-and-transfusion-science.jpg
2025-01-28 20:49:25,049 - INFO - Image saved for journal: African Journal of Laboratory Haematology and Transfusion Science
2025-01-28 20:49:27,237 - INFO - response: https://duckduckgo.com/?q=African+Journal+of+Laboratory+Medicine 200 19524
2025-01-28 20:49:28,986 - INFO - response: https://duckduckgo.com/i.js?l=wt-wt&o=json&q=African+Journal+of+Laboratory+Medicine&vqd=4-165047721520582507636839773832558247331&f=%2C%2C%2C%2C%2C&p=1 200 62007
2025-01-28 20:49:28,989 - INFO - Found valid image for African Journal of Laboratory Medicine: https://aosis.co.za/wp-content/uploads/2023/09/Publish-with-AJLM_Impact-Factor_Why-publish-with-us_V2-1.jpg
2025-01-28 20:49:31,592 - INFO - Image saved for journal: African Journal of Laboratory Medicine
2025-01-28 20:49:33,805 - INFO - response: https://duckduckgo.com/?q=African+Journal+of+Laboratory.Medicine 200 19510
2025-01-28 20:49:35,733 - INFO - response: https://duckduckgo.com/i.js?l=wt-wt&o=json&q=African+Journal+of+Laboratory.Medicine&vqd=4-100276930070584277150280590062694104599&f=%2C%2C%2C%2C%2C&p=1 200 62395
2025-01-28 20:49:35,737 - INFO - Found valid image for African Journal of Laboratory.Medicine: https://aosis.co.za/wp-content/uploads/2023/09/Publish-with-AJLM_Impact-Factor_Why-publish-with-us_V2-1.jpg
2025-01-28 20:49:37,681 - INFO - Image saved for journal: African Journal of Laboratory.Medicine
2025-01-28 20:49:39,580 - INFO - response: https://duckduckgo.com/?q=African+Journal+of+Library%2C+Archives+and+Information+Science 200 26827
2025-01-28 20:49:41,470 - INFO - response: https://duckduckgo.com/i.js?l=wt-wt&o=json&q=African+Journal+of+Library%2C+Archives+and+Information+Science&vqd=4-166485730719839173143169969145297081647&f=%2C%2C%2C%2C%2C&p=1 200 61011
2025-01-28 20:49:41,474 - INFO - Found valid image for African Journal of Library, Archives and Information Science: https://www.ajol.info/public/journals/158/homepageImage.gif
2025-01-28 20:49:42,828 - INFO - Image saved for journal: African Journal of Library, Archives and Information Science
2025-01-28 20:49:45,055 - INFO - response: https://duckduckgo.com/?q=African+Journal+of+Livestock+Extension 200 19524
2025-01-28 20:49:47,223 - INFO - response: https://duckduckgo.com/i.js?l=wt-wt&o=json&q=African+Journal+of+Livestock+Extension&vqd=4-210897041982180266092987507297465996464&f=%2C%2C%2C%2C%2C&p=1 200 63142
2025-01-28 20:49:47,227 - INFO - Found valid image for African Journal of Livestock Extension: https://www.ajol.info/public/journals/2/homepageImage.jpg
2025-01-28 20:49:48,385 - INFO - Image saved for journal: African Journal of Livestock Extension
2025-01-28 20:49:50,579 - INFO - response: https://duckduckgo.com/?q=African+Journal+of+Management+Research 200 19513
2025-01-28 20:49:52,949 - INFO - response: https://duckduckgo.com/i.js?l=wt-wt&o=json&q=African+Journal+of+Management+Research&vqd=4-510554573772882228275451127901570639&f=%2C%2C%2C%2C%2C&p=1 200 61716
2025-01-28 20:49:52,952 - INFO - Found valid image for African Journal of Management Research: https://journals.ug.edu.gh/public/journals/3/homepageImage_en_US.png
2025-01-28 20:49:55,868 - INFO - Image saved for journal: African Journal of Management Research
2025-01-28 20:49:57,957 - INFO - response: https://duckduckgo.com/?q=African+Journal+of+Marine+Science 200 27067
2025-01-28 20:49:59,800 - INFO - response: https://duckduckgo.com/i.js?l=wt-wt&o=json&q=African+Journal+of+Marine+Science&vqd=4-14198251005299908745241010957917854699&f=%2C%2C%2C%2C%2C&p=1 200 55091
2025-01-28 20:49:59,803 - INFO - Found valid image for African Journal of Marine Science: https://www.ajol.info/public/journals/230/homepageImage_en_US.jpg
2025-01-28 20:50:01,205 - INFO - Image saved for journal: African Journal of Marine Science
2025-01-28 20:50:03,502 - INFO - response: https://duckduckgo.com/?q=African+Journal+of+Medical+Practice 200 19487
2025-01-28 20:50:05,233 - INFO - response: https://duckduckgo.com/i.js?l=wt-wt&o=json&q=African+Journal+of+Medical+Practice&vqd=4-133297129814295413441577257077267651663&f=%2C%2C%2C%2C%2C&p=1 200 54294
2025-01-28 20:50:05,237 - INFO - Found valid image for African Journal of Medical Practice: https://www.abbreviationfinder.org/images/entry_pdf/aj/mp/ajmp_african-journal-of-medical-practice.png
2025-01-28 20:50:06,861 - INFO - Image saved for journal: African Journal of Medical Practice
2025-01-28 20:50:09,113 - INFO - response: https://duckduckgo.com/?q=African+Journal+of+Medicine+and+Medical+Sciences 200 19752
2025-01-28 20:50:10,776 - INFO - response: https://duckduckgo.com/i.js?l=wt-wt&o=json&q=African+Journal+of+Medicine+and+Medical+Sciences&vqd=4-25396154628428293764689530917897146671&f=%2C%2C%2C%2C%2C&p=1 200 57493
2025-01-28 20:50:10,779 - INFO - Found valid image for African Journal of Medicine and Medical Sciences: https://speciation.net/md/000/004/545/th_ajmms.jpg
2025-01-28 20:50:12,474 - INFO - Image saved for journal: African Journal of Medicine and Medical Sciences
2025-01-28 20:50:14,595 - INFO - response: https://duckduckgo.com/?q=African+Journal+of+Medicine+and+Medical+Sciences 200 19751
2025-01-28 20:50:16,288 - INFO - response: https://duckduckgo.com/i.js?l=wt-wt&o=json&q=African+Journal+of+Medicine+and+Medical+Sciences&vqd=4-25396154628428293764689530917897146671&f=%2C%2C%2C%2C%2C&p=1 200 57493
2025-01-28 20:50:16,291 - INFO - Found valid image for African Journal of Medicine and Medical Sciences: https://speciation.net/md/000/004/545/th_ajmms.jpg
2025-01-28 20:50:17,433 - INFO - Image saved for journal: African Journal of Medicine and Medical Sciences
2025-01-28 20:50:19,666 - INFO - response: https://duckduckgo.com/?q=African+Journal+of+Midwifery+and+Women%27s+Health+%28AJM%29 200 19869
2025-01-28 20:50:21,507 - INFO - response: https://duckduckgo.com/i.js?l=wt-wt&o=json&q=African+Journal+of+Midwifery+and+Women%27s+Health+%28AJM%29&vqd=4-318739637457374679240616843970707666470&f=%2C%2C%2C%2C%2C&p=1 200 55670
2025-01-28 20:50:21,510 - INFO - Found valid image for African Journal of Midwifery and Women's Health (AJM): https://www.isubscribe.co.uk/images/covers/uk/13051/37591/large/African-Journal-of-Midwifery-and--May-2022.jpg
2025-01-28 20:50:22,647 - INFO - Image saved for journal: African Journal of Midwifery and Women's Health (AJM)
2025-01-28 20:50:24,886 - INFO - response: https://duckduckgo.com/?q=African+Journal+of+Nephrology 200 19398
2025-01-28 20:50:26,527 - INFO - response: https://duckduckgo.com/i.js?l=wt-wt&o=json&q=African+Journal+of+Nephrology&vqd=4-49911455149954735648013528370857020180&f=%2C%2C%2C%2C%2C&p=1 200 57737
2025-01-28 20:50:26,530 - INFO - Found valid image for African Journal of Nephrology: https://i1.rgstatic.net/publication/362806308_Renal_palliative_and_supportive_care_in_South_Africa_-_a_consensus_statement_african_Journal_of_nephrology/links/630001bbceb9764f720d17ab/largepreview.png
2025-01-28 20:50:27,385 - INFO - Image saved for journal: African Journal of Nephrology
2025-01-28 20:50:29,601 - INFO - response: https://duckduckgo.com/?q=African+Journal+of+Neurological+Sciences 200 26652
2025-01-28 20:50:31,550 - INFO - response: https://duckduckgo.com/i.js?l=wt-wt&o=json&q=African+Journal+of+Neurological+Sciences&vqd=4-209881031060641800934190795705928737805&f=%2C%2C%2C%2C%2C&p=1 200 56104
2025-01-28 20:50:31,554 - INFO - Found valid image for African Journal of Neurological Sciences: https://s1.studylibfr.com/store/data/001024266_1-d22ca91c3c3ab17ccad2ef5beeee5260-768x994.png
2025-01-28 20:50:33,197 - INFO - Image saved for journal: African Journal of Neurological Sciences
2025-01-28 20:50:35,439 - INFO - response: https://duckduckgo.com/?q=African+Journal+of+Nursing+and+Midwifery 200 19562
2025-01-28 20:50:37,378 - INFO - response: https://duckduckgo.com/i.js?l=wt-wt&o=json&q=African+Journal+of+Nursing+and+Midwifery&vqd=4-157844834226115946949861365084018583435&f=%2C%2C%2C%2C%2C&p=1 200 66200
2025-01-28 20:50:37,381 - INFO - Found valid image for African Journal of Nursing and Midwifery: https://i1.rgstatic.net/publication/273765479_Africa_Journal_of_Nursing_and_Midwifery_Cover/links/550b6a360cf265693cef7935/largepreview.png
2025-01-28 20:50:38,067 - INFO - Image saved for journal: African Journal of Nursing and Midwifery
2025-01-28 20:50:40,257 - INFO - response: https://duckduckgo.com/?q=African+Journal+of+Operations+and+Management+Science+%28AJOMAS%29 200 20014
2025-01-28 20:50:42,100 - INFO - response: https://duckduckgo.com/i.js?l=wt-wt&o=json&q=African+Journal+of+Operations+and+Management+Science+%28AJOMAS%29&vqd=4-141953889493662579799677107014286422966&f=%2C%2C%2C%2C%2C&p=1 200 56924
2025-01-28 20:50:42,101 - INFO - Found valid image for African Journal of Operations and Management Science (AJOMAS): https://onlinelibrary.wiley.com/pb-assets/assets/18731317/JOM+Open+Research+Badges-1617220067380.jpg
2025-01-28 20:50:42,198 - WARNING - Failed to download image for journal: African Journal of Operations and Management Science (AJOMAS) - Status code: 403
2025-01-28 20:50:44,448 - INFO - response: https://duckduckgo.com/?q=African+Journal+of+Oral+Health 200 19428
2025-01-28 20:50:46,813 - INFO - response: https://duckduckgo.com/i.js?l=wt-wt&o=json&q=African+Journal+of+Oral+Health&vqd=4-185973923676370311466159340273445390572&f=%2C%2C%2C%2C%2C&p=1 200 56880
2025-01-28 20:50:46,816 - INFO - Found valid image for African Journal of Oral Health: https://ajoh.oauife.edu.ng/public/journals/1/cover_issue_18_en_US.jpg
2025-01-28 20:50:49,005 - INFO - Image saved for journal: African Journal of Oral Health
2025-01-28 20:50:51,145 - INFO - response: https://duckduckgo.com/?q=African+Journal+of+Oral+Health+Sciences 200 19550
2025-01-28 20:50:52,955 - INFO - response: https://duckduckgo.com/i.js?l=wt-wt&o=json&q=African+Journal+of+Oral+Health+Sciences&vqd=4-299067166959385529508919053047243107873&f=%2C%2C%2C%2C%2C&p=1 200 55279
2025-01-28 20:50:52,958 - INFO - Found valid image for African Journal of Oral Health Sciences: https://academicjournals.org/banners/journal1629450726_AJOHS.png
2025-01-28 20:50:53,333 - INFO - Image saved for journal: African Journal of Oral Health Sciences
2025-01-28 20:50:55,518 - INFO - response: https://duckduckgo.com/?q=African+Journal+of+Paediatric+Nephrology 200 19548
2025-01-28 20:50:57,361 - INFO - response: https://duckduckgo.com/i.js?l=wt-wt&o=json&q=African+Journal+of+Paediatric+Nephrology&vqd=4-207677993518884464401591707570929600820&f=%2C%2C%2C%2C%2C&p=1 200 57914
2025-01-28 20:50:57,364 - INFO - Found valid image for African Journal of Paediatric Nephrology: https://www.ajol.info/public/journals/558/homepageImage_en_US.jpg
2025-01-28 20:50:58,757 - INFO - Image saved for journal: African Journal of Paediatric Nephrology
2025-01-28 20:51:01,092 - INFO - response: https://duckduckgo.com/?q=African+Journal+of+Paediatric+Surgery 200 26969
2025-01-28 20:51:02,778 - INFO - response: https://duckduckgo.com/i.js?l=wt-wt&o=json&q=African+Journal+of+Paediatric+Surgery&vqd=4-263513017000979250219640039790346498192&f=%2C%2C%2C%2C%2C&p=1 200 57539
2025-01-28 20:51:02,781 - INFO - Found valid image for African Journal of Paediatric Surgery: https://i1.rgstatic.net/publication/371400833_African_Journal_of_Paediatric_Surgery/links/6481f96dd702370600dc280e/largepreview.png
2025-01-28 20:51:03,617 - INFO - Image saved for journal: African Journal of Paediatric Surgery
2025-01-28 20:51:05,879 - INFO - response: https://duckduckgo.com/?q=African+Journal+of+Pathology+and+Microbiology 200 19706
2025-01-28 20:51:07,597 - INFO - response: https://duckduckgo.com/i.js?l=wt-wt&o=json&q=African+Journal+of+Pathology+and+Microbiology&vqd=4-209137409283346762229340924503849592961&f=%2C%2C%2C%2C%2C&p=1 200 56773
2025-01-28 20:51:07,600 - INFO - Found valid image for African Journal of Pathology and Microbiology: https://i1.rgstatic.net/publication/316788078_African_Journal_of_Microbiology_Research_Prevalence_and_antibiotics_resistance_patterns_of_Salmonella_isolated_from_kitchen_sponges_at_Jimma_town_Ethiopia/links/59119c140f7e9bfa06def7ab/largepreview.png
2025-01-28 20:51:08,776 - INFO - Image saved for journal: African Journal of Pathology and Microbiology
2025-01-28 20:51:10,914 - INFO - response: https://duckduckgo.com/?q=African+Journal+of+Peace+and+Conflict+Studies+%28formerly+Ubuntu+%3A+Journal+of+Conflict+and+Social+Transformation%29 200 20999
2025-01-28 20:51:12,704 - INFO - response: https://duckduckgo.com/i.js?l=wt-wt&o=json&q=African+Journal+of+Peace+and+Conflict+Studies+%28formerly+Ubuntu+%3A+Journal+of+Conflict+and+Social+Transformation%29&vqd=4-334026455698759833151345976483729648061&f=%2C%2C%2C%2C%2C&p=1 200 56987
2025-01-28 20:51:12,706 - INFO - Found valid image for African Journal of Peace and Conflict Studies (formerly Ubuntu : Journal of Conflict and Social Transformation): https://journals.co.za/pb-assets/productImages/aa.ubuntu1_cover-1603397910913.jpg
2025-01-28 20:51:12,971 - INFO - Image saved for journal: African Journal of Peace and Conflict Studies (formerly Ubuntu : Journal of Conflict and Social Transformation)
2025-01-28 20:51:15,106 - INFO - response: https://duckduckgo.com/?q=African+Journal+of+Pharmacology+and+Therapeutics 200 19742
2025-01-28 20:51:16,915 - INFO - response: https://duckduckgo.com/i.js?l=wt-wt&o=json&q=African+Journal+of+Pharmacology+and+Therapeutics&vqd=4-154966357840153062602381593148538667009&f=%2C%2C%2C%2C%2C&p=1 200 61300
2025-01-28 20:51:16,918 - INFO - Found valid image for African Journal of Pharmacology and Therapeutics: https://i1.rgstatic.net/publication/333719648_African_Journal_of_Pharmacy_and_Pharmacology_Review_Nanotechnology_A_non-invasive_diagnosis_and_therapeutic_tool_for_brain_disorders/links/5d00bf74299bf13a384eac25/largepreview.png
2025-01-28 20:51:17,765 - INFO - Image saved for journal: African Journal of Pharmacology and Therapeutics
2025-01-28 20:51:19,878 - INFO - response: https://duckduckgo.com/?q=African+Journal+of+Pharmacy+and+Pharmacology 200 19690
2025-01-28 20:51:21,625 - INFO - response: https://duckduckgo.com/i.js?l=wt-wt&o=json&q=African+Journal+of+Pharmacy+and+Pharmacology&vqd=4-17115462194345711795067839288596777369&f=%2C%2C%2C%2C%2C&p=1 200 71889
2025-01-28 20:51:21,628 - INFO - Found valid image for African Journal of Pharmacy and Pharmacology: https://academicjournals.org/banners/journal1623673342_AJPP.png
2025-01-28 20:51:22,193 - INFO - Image saved for journal: African Journal of Pharmacy and Pharmacology
2025-01-28 20:51:24,738 - INFO - response: https://duckduckgo.com/?q=African+Journal+of+Physiotherapy+and+Rehabilitation+Sciences 200 19980
2025-01-28 20:51:26,535 - INFO - response: https://duckduckgo.com/i.js?l=wt-wt&o=json&q=African+Journal+of+Physiotherapy+and+Rehabilitation+Sciences&vqd=4-64343326570993469404466505408672295566&f=%2C%2C%2C%2C%2C&p=1 200 62576
2025-01-28 20:51:26,538 - INFO - Found valid image for African Journal of Physiotherapy and Rehabilitation Sciences: http://www.ajol.info/public/journals/412/homepageImage_en_US.jpg
2025-01-28 20:51:27,739 - INFO - Image saved for journal: African Journal of Physiotherapy and Rehabilitation Sciences
2025-01-28 20:51:29,918 - INFO - response: https://duckduckgo.com/?q=African+Journal+of+Political+Economy+%2F+Revue+Africaine+d%27Economie+Politique 200 20256
2025-01-28 20:51:31,959 - INFO - response: https://duckduckgo.com/i.js?l=wt-wt&o=json&q=African+Journal+of+Political+Economy+%2F+Revue+Africaine+d%27Economie+Politique&vqd=4-71837371966396336570703948222993236280&f=%2C%2C%2C%2C%2C&p=1 200 59576
2025-01-28 20:51:31,962 - INFO - Found valid image for African Journal of Political Economy / Revue Africaine d'Economie Politique: https://www.cairn.info/vign_rev/REDP/REDP_302.jpg
2025-01-28 20:51:34,532 - WARNING - Failed to download image for journal: African Journal of Political Economy / Revue Africaine d'Economie Politique - Status code: 403
2025-01-28 20:51:36,794 - INFO - response: https://duckduckgo.com/?q=African+Journal+of+Political+Science 200 19500
2025-01-28 20:51:38,618 - INFO - response: https://duckduckgo.com/i.js?l=wt-wt&o=json&q=African+Journal+of+Political+Science&vqd=4-151371871695075088410086687910553225388&f=%2C%2C%2C%2C%2C&p=1 200 59074
2025-01-28 20:51:38,622 - INFO - Found valid image for African Journal of Political Science: https://journals.uj.ac.za/public/journals/17/cover_issue_223_en_US.jpg
2025-01-28 20:51:44,698 - INFO - Image saved for journal: African Journal of Political Science
2025-01-28 20:51:46,811 - INFO - response: https://duckduckgo.com/?q=African+Journal+of+Politics+and+Administrative+Studies 200 19828
2025-01-28 20:51:49,180 - INFO - response: https://duckduckgo.com/i.js?l=wt-wt&o=json&q=African+Journal+of+Politics+and+Administrative+Studies&vqd=4-177961519960746403708622524258651321477&f=%2C%2C%2C%2C%2C&p=1 200 62107
2025-01-28 20:51:49,183 - INFO - Found valid image for African Journal of Politics and Administrative Studies: https://www.ajol.info/public/journals/677/homepageImage_en_US.jpg
2025-01-28 20:51:50,400 - INFO - Image saved for journal: African Journal of Politics and Administrative Studies
2025-01-28 20:51:52,546 - INFO - response: https://duckduckgo.com/?q=African+Journal+of+Primary+Health+care+%26AMP%3B+Family+Medicine 200 20060
2025-01-28 20:51:54,391 - INFO - response: https://duckduckgo.com/i.js?l=wt-wt&o=json&q=African+Journal+of+Primary+Health+care+%26AMP%3B+Family+Medicine&vqd=4-127296616630853634913318707779425475684&f=%2C%2C%2C%2C%2C&p=1 200 58218
2025-01-28 20:51:54,394 - INFO - Found valid image for African Journal of Primary Health care &AMP; Family Medicine: https://i1.sndcdn.com/artworks-000383540874-e849qr-t500x500.jpg
2025-01-28 20:51:54,661 - INFO - Image saved for journal: African Journal of Primary Health care &AMP; Family Medicine
2025-01-28 20:51:56,851 - INFO - response: https://duckduckgo.com/?q=African+journal+of+Primary+Health+Care+and+Family+Medicine 200 19904
2025-01-28 20:51:58,698 - INFO - response: https://duckduckgo.com/i.js?l=wt-wt&o=json&q=African+journal+of+Primary+Health+Care+and+Family+Medicine&vqd=4-327131242181117712789682955718687938192&f=%2C%2C%2C%2C%2C&p=1 200 59659
2025-01-28 20:51:58,701 - INFO - Found valid image for African journal of Primary Health Care and Family Medicine: https://i1.sndcdn.com/artworks-000383540874-e849qr-t500x500.jpg
2025-01-28 20:51:59,023 - INFO - Image saved for journal: African journal of Primary Health Care and Family Medicine
2025-01-28 20:52:01,190 - INFO - response: https://duckduckgo.com/?q=African+Journal+of+Primary+Health+Care+and+Family+Medicine 200 19904
2025-01-28 20:52:02,898 - INFO - response: https://duckduckgo.com/i.js?l=wt-wt&o=json&q=African+Journal+of+Primary+Health+Care+and+Family+Medicine&vqd=4-260132306658786988712888456654581461060&f=%2C%2C%2C%2C%2C&p=1 200 59659
2025-01-28 20:52:02,901 - INFO - Found valid image for African Journal of Primary Health Care and Family Medicine: https://i1.sndcdn.com/artworks-000383540874-e849qr-t500x500.jpg
2025-01-28 20:52:03,174 - INFO - Image saved for journal: African Journal of Primary Health Care and Family Medicine
2025-01-28 20:52:05,343 - INFO - response: https://duckduckgo.com/?q=African+Journal+of+Primary+Health+Care+%26+Family+Medicine 200 19908
2025-01-28 20:52:07,185 - INFO - response: https://duckduckgo.com/i.js?l=wt-wt&o=json&q=African+Journal+of+Primary+Health+Care+%26+Family+Medicine&vqd=4-27782198356674509644237011725967075407&f=%2C%2C%2C%2C%2C&p=1 200 64098
2025-01-28 20:52:07,189 - INFO - Found valid image for African Journal of Primary Health Care & Family Medicine: https://i1.sndcdn.com/artworks-000383540874-e849qr-t500x500.jpg
2025-01-28 20:52:07,436 - INFO - Image saved for journal: African Journal of Primary Health Care & Family Medicine
2025-01-28 20:52:09,862 - INFO - response: https://duckduckgo.com/?q=African+Journal+of+Project+Planning+and+Management+%28AJPLAM%29 200 19898
2025-01-28 20:52:11,717 - INFO - response: https://duckduckgo.com/i.js?l=wt-wt&o=json&q=African+Journal+of+Project+Planning+and+Management+%28AJPLAM%29&vqd=4-1868953982261314157359310321956916571&f=%2C%2C%2C%2C%2C&p=1 200 59600
2025-01-28 20:52:11,721 - INFO - Found valid image for African Journal of Project Planning and Management (AJPLAM): https://i1.rgstatic.net/publication/272378555_Introduction_to_the_Africa_Journal_of_Management_The_Journey_Begins/links/5645f2ba08aef646e6cd862c/largepreview.png
2025-01-28 20:52:12,561 - INFO - Image saved for journal: African Journal of Project Planning and Management (AJPLAM)
2025-01-28 20:52:14,611 - INFO - response: https://duckduckgo.com/?q=African+Journal+of+Psychiatry+%28South+Africa%29 200 19698
2025-01-28 20:52:16,404 - INFO - response: https://duckduckgo.com/i.js?l=wt-wt&o=json&q=African+Journal+of+Psychiatry+%28South+Africa%29&vqd=4-119363294006991837739511918269462493253&f=%2C%2C%2C%2C%2C&p=1 200 63938
2025-01-28 20:52:16,408 - INFO - Found valid image for African Journal of Psychiatry (South Africa): https://journals.co.za/cms/asset/a97b1dfb-0398-488d-91e8-9b93fa0475fd/default_cover.jpg
2025-01-28 20:52:16,523 - WARNING - Failed to download image for journal: African Journal of Psychiatry (South Africa) - Status code: 403
2025-01-28 20:52:18,766 - INFO - response: https://duckduckgo.com/?q=African+Journal+of+Psychiatry+%28South+Africa%29 200 19698
2025-01-28 20:52:20,501 - INFO - response: https://duckduckgo.com/i.js?l=wt-wt&o=json&q=African+Journal+of+Psychiatry+%28South+Africa%29&vqd=4-119363294006991837739511918269462493253&f=%2C%2C%2C%2C%2C&p=1 200 63938
2025-01-28 20:52:20,504 - INFO - Found valid image for African Journal of Psychiatry (South Africa): https://journals.co.za/cms/asset/a97b1dfb-0398-488d-91e8-9b93fa0475fd/default_cover.jpg
2025-01-28 20:52:20,584 - WARNING - Failed to download image for journal: African Journal of Psychiatry (South Africa) - Status code: 403
2025-01-28 20:52:22,752 - INFO - response: https://duckduckgo.com/?q=African+Journal+of+Psychological+Assessment 200 19585
2025-01-28 20:52:24,592 - INFO - response: https://duckduckgo.com/i.js?l=wt-wt&o=json&q=African+Journal+of+Psychological+Assessment&vqd=4-230256896993220240697241212698343079594&f=%2C%2C%2C%2C%2C&p=1 200 61252
2025-01-28 20:52:24,595 - INFO - Found valid image for African Journal of Psychological Assessment: https://www.psyssa.com/wp-content/uploads/2018/09/AJOPA-1.png
2025-01-28 20:52:25,503 - INFO - Image saved for journal: African Journal of Psychological Assessment
2025-01-28 20:52:27,676 - INFO - response: https://duckduckgo.com/?q=African+Journal+of+Psychological+Assessment 200 19584
2025-01-28 20:52:29,609 - INFO - response: https://duckduckgo.com/i.js?l=wt-wt&o=json&q=African+Journal+of+Psychological+Assessment&vqd=4-230256896993220240697241212698343079594&f=%2C%2C%2C%2C%2C&p=1 200 61252
2025-01-28 20:52:29,613 - INFO - Found valid image for African Journal of Psychological Assessment: https://www.psyssa.com/wp-content/uploads/2018/09/AJOPA-1.png
2025-01-28 20:52:30,274 - INFO - Image saved for journal: African Journal of Psychological Assessment
2025-01-28 20:52:32,485 - INFO - response: https://duckduckgo.com/?q=African+Journal+of+Public+Affairs 200 19464
2025-01-28 20:52:34,324 - INFO - response: https://duckduckgo.com/i.js?l=wt-wt&o=json&q=African+Journal+of+Public+Affairs&vqd=4-110169826470805563902104592849742340799&f=%2C%2C%2C%2C%2C&p=1 200 54718
2025-01-28 20:52:34,327 - INFO - Found valid image for African Journal of Public Affairs: https://journals.co.za/cms/asset/42ef3192-46cd-43df-9750-ac6a38abc785/ajpa.v12.n3.cover.jpg
2025-01-28 20:52:34,453 - WARNING - Failed to download image for journal: African Journal of Public Affairs - Status code: 403
2025-01-28 20:52:36,676 - INFO - response: https://duckduckgo.com/?q=African+Journal+of+Range+and+Forage+Science 200 26890
2025-01-28 20:52:38,629 - INFO - response: https://duckduckgo.com/i.js?l=wt-wt&o=json&q=African+Journal+of+Range+and+Forage+Science&vqd=4-139813647335972097183496160134525680776&f=%2C%2C%2C%2C%2C&p=1 200 68593
2025-01-28 20:52:38,633 - INFO - Found valid image for African Journal of Range and Forage Science: https://covers.tandf.co.uk/og/TARF.png
2025-01-28 20:52:40,458 - INFO - Image saved for journal: African Journal of Range and Forage Science
2025-01-28 20:52:42,637 - INFO - response: https://duckduckgo.com/?q=African+Journal+of+Religion+Philosophy+and+Culture 200 19775
2025-01-28 20:52:44,461 - INFO - response: https://duckduckgo.com/i.js?l=wt-wt&o=json&q=African+Journal+of+Religion+Philosophy+and+Culture&vqd=4-22741900953616626588957238735525289162&f=%2C%2C%2C%2C%2C&p=1 200 58425
2025-01-28 20:52:44,464 - INFO - Found valid image for African Journal of Religion Philosophy and Culture: https://journals.co.za/cms/asset/f01f8acb-6c39-4442-89fa-b0dd4a08b93d/default_cover.jpg
2025-01-28 20:52:44,780 - WARNING - Failed to download image for journal: African Journal of Religion Philosophy and Culture - Status code: 403
2025-01-28 20:52:46,927 - INFO - response: https://duckduckgo.com/?q=African+Journal+of+Reproductive+Health 200 27171
2025-01-28 20:52:48,974 - INFO - response: https://duckduckgo.com/i.js?l=wt-wt&o=json&q=African+Journal+of+Reproductive+Health&vqd=4-256535354346952961792459258752212868252&f=%2C%2C%2C%2C%2C&p=1 200 65735
2025-01-28 20:52:48,977 - INFO - Found valid image for African Journal of Reproductive Health: https://journals.co.za/cms/asset/c44ec2a9-406a-41f6-ab2f-ef24d20e3e72/default_cover.jpg
2025-01-28 20:52:49,054 - WARNING - Failed to download image for journal: African Journal of Reproductive Health - Status code: 403
2025-01-28 20:52:51,229 - INFO - response: https://duckduckgo.com/?q=African+Journal+of+Research+in+Mathematics%2C+Science+and+Technology+Education 200 20319
2025-01-28 20:52:53,194 - INFO - response: https://duckduckgo.com/i.js?l=wt-wt&o=json&q=African+Journal+of+Research+in+Mathematics%2C+Science+and+Technology+Education&vqd=4-75876083918505831629817313626178189039&f=%2C%2C%2C%2C%2C&p=1 200 57796
2025-01-28 20:52:53,197 - INFO - Found valid image for African Journal of Research in Mathematics, Science and Technology Education: https://www.tandfonline.com/cms/asset/6f8dc068-5271-46cd-a57f-0fbb4f7695b3/rmse20.v027.i03.cover.jpg
2025-01-28 20:52:53,349 - WARNING - Failed to download image for journal: African Journal of Research in Mathematics, Science and Technology Education - Status code: 403
2025-01-28 20:52:55,631 - INFO - response: https://duckduckgo.com/?q=African+Journal+of+Respiratory+Medicine 200 19537
2025-01-28 20:52:57,581 - INFO - response: https://duckduckgo.com/i.js?l=wt-wt&o=json&q=African+Journal+of+Respiratory+Medicine&vqd=4-292043917048244394904052513999913726918&f=%2C%2C%2C%2C%2C&p=1 200 59930
2025-01-28 20:52:57,584 - INFO - Found valid image for African Journal of Respiratory Medicine: https://www.africanjournalofrespiratorymedicine.com/assets/img/ajrm_march_2015.jpg
2025-01-28 20:52:58,558 - INFO - Image saved for journal: African Journal of Respiratory Medicine
2025-01-28 20:53:00,750 - INFO - response: https://duckduckgo.com/?q=African+Journal+of+Rhetoric 200 19291
2025-01-28 20:53:02,397 - INFO - response: https://duckduckgo.com/i.js?l=wt-wt&o=json&q=African+Journal+of+Rhetoric&vqd=4-264083468752316019909906773002221381502&f=%2C%2C%2C%2C%2C&p=1 200 57727
2025-01-28 20:53:02,399 - INFO - Found valid image for African Journal of Rhetoric: https://journals.co.za/cms/asset/0ec30101-4ec9-4fff-a9ee-774782452aff/aar.rhetoric.v14.n1.cover.jpg
2025-01-28 20:53:02,487 - WARNING - Failed to download image for journal: African Journal of Rhetoric - Status code: 403
2025-01-28 20:53:04,743 - INFO - response: https://duckduckgo.com/?q=African+Journal+of+Rheumatology 200 19426
2025-01-28 20:53:06,697 - INFO - response: https://duckduckgo.com/i.js?l=wt-wt&o=json&q=African+Journal+of+Rheumatology&vqd=4-186285585337176987936147205428925192165&f=%2C%2C%2C%2C%2C&p=1 200 58886
2025-01-28 20:53:06,701 - INFO - Found valid image for African Journal of Rheumatology: https://www.ajol.info/public/journals/504/homepageImage_en_US.png
2025-01-28 20:53:08,288 - INFO - Image saved for journal: African Journal of Rheumatology
2025-01-28 20:53:10,488 - INFO - response: https://duckduckgo.com/?q=African+Journal+of+Science+and+Technology 200 19575
2025-01-28 20:53:12,423 - INFO - response: https://duckduckgo.com/i.js?l=wt-wt&o=json&q=African+Journal+of+Science+and+Technology&vqd=4-134270664238273634964174796111990319480&f=%2C%2C%2C%2C%2C&p=1 200 54689
2025-01-28 20:53:12,426 - INFO - Found valid image for African Journal of Science and Technology: https://speciation.net/md/000/006/234/th_ajst_a.jpg
2025-01-28 20:53:13,790 - INFO - Image saved for journal: African Journal of Science and Technology
2025-01-28 20:53:15,942 - INFO - response: https://duckduckgo.com/?q=AFRICAN+JOURNAL+OF+SCIENCE%2C+TECHNOLOGY+AND+ENGINEERING+%28AJSTE%29 200 20038
2025-01-28 20:53:17,850 - INFO - response: https://duckduckgo.com/i.js?l=wt-wt&o=json&q=AFRICAN+JOURNAL+OF+SCIENCE%2C+TECHNOLOGY+AND+ENGINEERING+%28AJSTE%29&vqd=4-70695206007258869996143501971128682252&f=%2C%2C%2C%2C%2C&p=1 200 55403
2025-01-28 20:53:17,853 - INFO - Found valid image for AFRICAN JOURNAL OF SCIENCE, TECHNOLOGY AND ENGINEERING (AJSTE): http://journal.kyu.ac.ke/public/journals/4/cover_issue_10_en_US.png
2025-01-28 20:53:18,152 - INFO - Image saved for journal: AFRICAN JOURNAL OF SCIENCE, TECHNOLOGY AND ENGINEERING (AJSTE)
2025-01-28 20:53:20,308 - INFO - response: https://duckduckgo.com/?q=African+Journal+of+Science%2C+Technology+and+Social+Sciences 200 19906
2025-01-28 20:53:22,151 - INFO - response: https://duckduckgo.com/i.js?l=wt-wt&o=json&q=African+Journal+of+Science%2C+Technology+and+Social+Sciences&vqd=4-319071189643118798755505704663799377005&f=%2C%2C%2C%2C%2C&p=1 200 54301
2025-01-28 20:53:22,154 - INFO - Found valid image for African Journal of Science, Technology and Social Sciences: https://41.89.229.52/public/journals/1/pageHeaderLogoImage_en_US.png
2025-01-28 20:53:22,219 - ERROR - Error saving image for journal African Journal of Science, Technology and Social Sciences: HTTPSConnectionPool(host='41.89.229.52', port=443): Max retries exceeded with url: /public/journals/1/pageHeaderLogoImage_en_US.png (Caused by SSLError(SSLCertVerificationError(1, "[SSL: CERTIFICATE_VERIFY_FAILED] certificate verify failed: IP address mismatch, certificate is not valid for '41.89.229.52'. (_ssl.c:1018)")))
2025-01-28 20:53:24,502 - INFO - response: https://duckduckgo.com/?q=African+Journal+of+Science%2C+Technology%2C+Innovation+and+Development 200 20102
2025-01-28 20:53:26,340 - INFO - response: https://duckduckgo.com/i.js?l=wt-wt&o=json&q=African+Journal+of+Science%2C+Technology%2C+Innovation+and+Development&vqd=4-229251710756160518104568556601880890538&f=%2C%2C%2C%2C%2C&p=1 200 54535
2025-01-28 20:53:26,342 - INFO - Found valid image for African Journal of Science, Technology, Innovation and Development: https://www.goolgule.com/wp-content/uploads/2017/03/research-paper-mammo-e1490580324766.jpg
2025-01-28 20:53:28,469 - INFO - Image saved for journal: African Journal of Science, Technology, Innovation and Development
2025-01-28 20:53:30,650 - INFO - response: https://duckduckgo.com/?q=African+Journal+of+Social+Issues 200 19452
2025-01-28 20:53:32,796 - INFO - response: https://duckduckgo.com/i.js?l=wt-wt&o=json&q=African+Journal+of+Social+Issues&vqd=4-162322298056182253301908656817228716942&f=%2C%2C%2C%2C%2C&p=1 200 57243
2025-01-28 20:53:32,800 - INFO - Found valid image for African Journal of Social Issues: http://www.ajol.info/public/journals/237/homepageImage.gif
2025-01-28 20:53:34,580 - INFO - Image saved for journal: African Journal of Social Issues
2025-01-28 20:53:36,788 - INFO - response: https://duckduckgo.com/?q=African+Journal+of+Social+Work 200 19420
2025-01-28 20:53:38,639 - INFO - response: https://duckduckgo.com/i.js?l=wt-wt&o=json&q=African+Journal+of+Social+Work&vqd=4-2991930679157101740100570329685609872&f=%2C%2C%2C%2C%2C&p=1 200 59074
2025-01-28 20:53:38,642 - INFO - Found valid image for African Journal of Social Work: http://ifsw.org/wp-content/uploads/2014/11/screenshot_28.png
2025-01-28 20:53:40,159 - INFO - Image saved for journal: African Journal of Social Work
2025-01-28 20:53:42,365 - INFO - response: https://duckduckgo.com/?q=African+Journal+of+Sociological+and+Psychological+Studies 200 19864
2025-01-28 20:53:44,162 - INFO - response: https://duckduckgo.com/i.js?l=wt-wt&o=json&q=African+Journal+of+Sociological+and+Psychological+Studies&vqd=4-239736647104459172701415255935293637692&f=%2C%2C%2C%2C%2C&p=1 200 58545
2025-01-28 20:53:44,165 - INFO - Found valid image for African Journal of Sociological and Psychological Studies: https://journals.co.za/cms/asset/13da61e2-daf5-4f13-9ec3-e28a91dacdf4/default_cover.jpg
2025-01-28 20:53:44,260 - WARNING - Failed to download image for journal: African Journal of Sociological and Psychological Studies - Status code: 403
2025-01-28 20:53:46,726 - INFO - response: https://duckduckgo.com/?q=African+Journal+of+Sustainable+Development 200 19572
2025-01-28 20:53:48,475 - INFO - response: https://duckduckgo.com/i.js?l=wt-wt&o=json&q=African+Journal+of+Sustainable+Development&vqd=4-334403055544979357515163460015209702189&f=%2C%2C%2C%2C%2C&p=1 200 56348
2025-01-28 20:53:48,478 - INFO - Found valid image for African Journal of Sustainable Development: https://www.ajol.info/public/journals/503/homepageImage_en_US.jpg
2025-01-28 20:53:49,967 - INFO - Image saved for journal: African Journal of Sustainable Development
2025-01-28 20:53:52,152 - INFO - response: https://duckduckgo.com/?q=African+Journal+of+Terrorism+and+Insurgency+Research 200 19804
2025-01-28 20:53:54,317 - INFO - response: https://duckduckgo.com/i.js?l=wt-wt&o=json&q=African+Journal+of+Terrorism+and+Insurgency+Research&vqd=4-330573944529069044907158902109209506878&f=%2C%2C%2C%2C%2C&p=1 200 62711
2025-01-28 20:53:54,320 - INFO - Found valid image for African Journal of Terrorism and Insurgency Research: https://journals.co.za/cms/asset/1e75da8a-9a3a-49c9-b0b9-9e1a4f38ff67/default_cover.jpg
2025-01-28 20:53:54,468 - WARNING - Failed to download image for journal: African Journal of Terrorism and Insurgency Research - Status code: 403
2025-01-28 20:53:56,664 - INFO - response: https://duckduckgo.com/?q=African+Journal+of+Thoracic+and+Critical+Care+Medicine 200 19842
2025-01-28 20:53:58,602 - INFO - response: https://duckduckgo.com/i.js?l=wt-wt&o=json&q=African+Journal+of+Thoracic+and+Critical+Care+Medicine&vqd=4-117261058252323310623316830891404152692&f=%2C%2C%2C%2C%2C&p=1 200 59087
2025-01-28 20:53:58,605 - INFO - Found valid image for African Journal of Thoracic and Critical Care Medicine: https://samajournals.co.za/public/journals/8/cover_issue_83_en.png
2025-01-28 20:54:01,602 - INFO - Image saved for journal: African Journal of Thoracic and Critical Care Medicine
2025-01-28 20:54:03,715 - INFO - response: https://duckduckgo.com/?q=African+Journal+of+Traditional%2C+Complementary+and+Alternative+Medicines 200 28868
2025-01-28 20:54:05,661 - INFO - response: https://duckduckgo.com/i.js?l=wt-wt&o=json&q=African+Journal+of+Traditional%2C+Complementary+and+Alternative+Medicines&vqd=4-5390257613807028486832028100050568825&f=%2C%2C%2C%2C%2C&p=1 200 66907
2025-01-28 20:54:05,664 - INFO - Found valid image for African Journal of Traditional, Complementary and Alternative Medicines: https://athmsi.org/journals/public/journals/1/cover_issue_147_en_US.jpg
2025-01-28 20:54:07,878 - INFO - Image saved for journal: African Journal of Traditional, Complementary and Alternative Medicines
2025-01-28 20:54:10,063 - INFO - response: https://duckduckgo.com/?q=African+Journal+of+Tropical+Entomology+Research 200 19731
2025-01-28 20:54:12,132 - INFO - response: https://duckduckgo.com/i.js?l=wt-wt&o=json&q=African+Journal+of+Tropical+Entomology+Research&vqd=4-175329525566397007515619465896064927904&f=%2C%2C%2C%2C%2C&p=1 200 56396
2025-01-28 20:54:12,135 - INFO - Found valid image for African Journal of Tropical Entomology Research: https://ajter.com/wp-content/uploads/2022/08/Call-for-Paper-AJTER-VOL-1-NUM-3-2022.jpg
2025-01-28 20:54:15,492 - WARNING - Failed to download image for journal: African Journal of Tropical Entomology Research - Status code: 404
2025-01-28 20:54:17,643 - ERROR - Error fetching image for African Journal of Tropical Hydrobiology and Fisheries: https://duckduckgo.com SystemError: <method 'request' of 'builtins.Client' objects> returned a result with an exception set
2025-01-28 20:54:17,643 - INFO - No valid image found for journal: African Journal of Tropical Hydrobiology and Fisheries
2025-01-28 20:54:19,689 - INFO - response: https://duckduckgo.com/?q=African+Journal+of+Tropical+Medicine+and+Biomedical+Research 200 19998
2025-01-28 20:54:21,531 - ERROR - Error fetching image for African Journal of Tropical Medicine and Biomedical Research: https://duckduckgo.com/i.js SystemError: <method 'request' of 'builtins.Client' objects> returned a result with an exception set
2025-01-28 20:54:21,532 - INFO - No valid image found for journal: African Journal of Tropical Medicine and Biomedical Research
2025-01-28 20:54:23,682 - INFO - response: https://duckduckgo.com/?q=African+Journal+of+Urology 200 26918
2025-01-28 20:54:25,526 - ERROR - Error fetching image for African Journal of Urology: https://duckduckgo.com/i.js SystemError: <method 'request' of 'builtins.Client' objects> returned a result with an exception set
2025-01-28 20:54:25,527 - INFO - No valid image found for journal: African Journal of Urology
2025-01-28 20:54:27,780 - INFO - response: https://duckduckgo.com/?q=African+Journal+of+Veterinary+Sciences 200 19524
